class	method	signature	bodyHash	disposition	source	implementation	rationale
net.minecraft.advancements.predicates.BlockPredicate	matches	ServerLevel,BlockPos	b5333eafb58f2ede9004b9f923e2f10fbbf5feb36b367177ea75497d4c2b8958	server-only	advancements/predicates/BlockPredicate.java:52		Advancement overload takes ServerLevel; adventure actions use matches(BlockInWorld).
net.minecraft.advancements.predicates.BlockPredicate	matches	BlockInWorld	d6704d7e161e75f0556d0e37d13d9d91b190fbf6f6d60287169d60d24eb9e8d1	port	advancements/predicates/BlockPredicate.java:75	block-sim/src/main/java/ac/cult/blocksim/interaction/AdventurePredicates.java	
net.minecraft.advancements.predicates.BlockPredicate	matchesState	BlockState	cf37094cc365002b3c3b04f0f433272c0ab498db599c2d25a1f718c57011d0cd	port	advancements/predicates/BlockPredicate.java:81	block-sim/src/main/java/ac/cult/blocksim/interaction/AdventurePredicates.java	
net.minecraft.advancements.predicates.BlockPredicate	matchesBlockEntityData	LevelReader,BlockEntity,NbtPredicate	5c0a82db643b0d4ce3d9355a9e0e1596bf426e9e583e7504119c8e5b33bc3ae5	port	advancements/predicates/BlockPredicate.java:91	block-sim/src/main/java/ac/cult/blocksim/interaction/AdventurePredicates.java	Adventure NBT comparison uses full client block-entity metadata and the same subset predicate.
net.minecraft.advancements.predicates.StatePropertiesPredicate	matches	StateDefinition<?, S>,S	5818934a450ab889731c2fb5051c87542b70ab309fd5a8bf3ccb7b6b9b1c825d	port	advancements/predicates/StatePropertiesPredicate.java:34	block-sim/src/main/java/ac/cult/blocksim/interaction/AdventurePredicates.java	
net.minecraft.advancements.predicates.StatePropertiesPredicate	matches	BlockState	432936717f3fdeb532f714139407d2b535ecfda183df80106deeeccea50d58c9	port	advancements/predicates/StatePropertiesPredicate.java:44	block-sim/src/main/java/ac/cult/blocksim/interaction/AdventurePredicates.java	Exact/ranged state matching uses generated allowed values and original Comparable order.
net.minecraft.advancements.predicates.StatePropertiesPredicate	matches	FluidState	a7458aefcf32458b2b5ba12f39350c446fb95f7fb67cf6428d356bd6dcaaaa26	no-client-world-effect	advancements/predicates/StatePropertiesPredicate.java:48		Fluid overload is used by fluid advancement predicates; adventure block actions call the BlockState overload.
net.minecraft.advancements.predicates.StatePropertiesPredicate$ExactMatcher	match	StateHolder<?, ?>,Property<T>	cb45a80d67fcf752afd477f0e8e8a27242d97d10f2dc1a53935926821f3e39c1	port	advancements/predicates/StatePropertiesPredicate.java:101	block-sim/src/main/java/ac/cult/blocksim/interaction/AdventurePredicates.java	Exact/ranged state matching uses generated allowed values and original Comparable order.
net.minecraft.advancements.predicates.StatePropertiesPredicate$PropertyMatcher	match	StateDefinition<?, S>,S	9ea89ccecace3e031a860e2cc447f9b8d367ea7233b0a87ee31317fefc0342c2	port	advancements/predicates/StatePropertiesPredicate.java:118	block-sim/src/main/java/ac/cult/blocksim/interaction/AdventurePredicates.java	Exact/ranged state matching uses generated allowed values and original Comparable order.
net.minecraft.advancements.predicates.StatePropertiesPredicate$RangedMatcher	match	StateHolder<?, ?>,Property<T>	97777937398357ac53b548099161436e56d7b92c645a3fc2e4cfc085c7d28248	port	advancements/predicates/StatePropertiesPredicate.java:145	block-sim/src/main/java/ac/cult/blocksim/interaction/AdventurePredicates.java	Exact/ranged state matching uses generated allowed values and original Comparable order.
net.minecraft.client.ClientClockManager	getInstance	Holder<WorldClock>	0fd03890faf94ea346f17875ec4073e8a435942fa2242a2d2c1770731d635efd	port	client/ClientClockManager.java:16	block-sim/src/main/java/ac/cult/blocksim/engine/ClientClocks.java	
net.minecraft.client.ClientClockManager	tick	long	28e1b152e49af11f1ff95093960474df6c6ded94585262216432e738853a0d68	port	client/ClientClockManager.java:20	block-sim/src/main/java/ac/cult/blocksim/engine/ClientClocks.java	
net.minecraft.client.ClientClockManager	handleUpdates	long,Map<Holder<WorldClock>, ClockNetworkState>	1f6f8115e01476a32dab2093135bffae2324baeea1f36564141a98da11007d63	port	client/ClientClockManager.java:32	block-sim/src/main/java/ac/cult/blocksim/engine/ClientClocks.java	
net.minecraft.client.ClientClockManager$ClientClockInstance	totalTicks		18cc3559865557e8d145c522161508ef89ea6fcda625f121bc034a73ebbf8309	port	client/ClientClockManager.java:47	block-sim/src/main/java/ac/cult/blocksim/engine/ClientClocks.java	
net.minecraft.client.ClientClockManager$ClientClockInstance	partialTick		76bbb8b976e4a92472bc5d1415714c2b1c9ab34b4eec2e0cc65373177785f292	port	client/ClientClockManager.java:52	block-sim/src/main/java/ac/cult/blocksim/engine/ClientClocks.java	
net.minecraft.client.ClientClockManager$ClientClockInstance	rate		01d75db6fd524501bc6c1bf86e2d4c1f40b17ca28cd8eb0c0b6dec7c157ba8a1	port	client/ClientClockManager.java:57	block-sim/src/main/java/ac/cult/blocksim/engine/ClientClocks.java	
net.minecraft.client.ClientClockManager$ClientClockInstance	isPaused		032f31884eed54a8fa3a76aba7809b0227227752f629d8b7f4774d4625f1fb61	port	client/ClientClockManager.java:62	common/src/main/java/ac/cult/cultac/utils/latency/ClientEnvironment.java	Pinned client placement/clock branch; received metadata and immutable generated facts.
net.minecraft.client.multiplayer.ClientChunkCache	drop	ChunkPos	af96f14a1ff9a62f221d2cd40ccb891234270e98f879f8ba7b020fe069ac83f0	port	client/multiplayer/ClientChunkCache.java:56	common/src/main/java/ac/cult/cultac/utils/latency/CompensatedWorld.java	ClientChunkCache.java:56-64/242-249: remove the matching loaded chunk, release its sections and unload client state. CompensatedWorld.removeChunkLater performs ordered dimension/transaction guarded removal and clears piston/block-entity state; ring-buffer indexing and render notifications are not anticheat inputs.
net.minecraft.client.multiplayer.ClientChunkCache$Storage	drop	int,LevelChunk	6b7af4f1d28f723ebd4ec5441017bfbf4d5765fb6ea02f6867eff7984ac4b769	port	client/multiplayer/ClientChunkCache.java:242	common/src/main/java/ac/cult/cultac/utils/latency/CompensatedWorld.java	ClientChunkCache.java:56-64/242-249: remove the matching loaded chunk, release its sections and unload client state. CompensatedWorld.removeChunkLater performs ordered dimension/transaction guarded removal and clears piston/block-entity state; ring-buffer indexing and render notifications are not anticheat inputs.
net.minecraft.client.multiplayer.ClientLevel	setBlock	BlockPos,BlockState,int,int	419db16ee615a4250789bb1f553e44d03c63f73396e5dd653043f4992cb3a7b3	port	client/multiplayer/ClientLevel.java:227	block-sim/src/main/java/ac/cult/blocksim/engine/SimLevel.java	
net.minecraft.client.multiplayer.ClientLevel	getUncachedNoiseBiome	int,int,int	4d3142e40d54c4fc6924ff4ebf90b44d6667f54bba4ce3f7fb0f79afe1f7c674	port	client/multiplayer/ClientLevel.java:1005	common/src/main/java/ac/cult/cultac/utils/latency/CompensatedWorld.java	Missing client chunks use the received biome registry holder minecraft:plains, matching the pinned getter; no synthetic or host biome is substituted.
net.minecraft.client.multiplayer.ClientPacketListener	handleUpdateRecipes	ClientboundUpdateRecipesPacket	677a505ce91c3705ca2360534c1410a849f91e2ee7d03af766802af4bb61e7b3	port	client/multiplayer/ClientPacketListener.java:1725	common/src/main/java/ac/cult/cultac/events/packets/worldreader/BasePacketWorldReader.java	
net.minecraft.client.multiplayer.ClientRecipeContainer	propertySet	ResourceKey<RecipePropertySet>	b955d8d8a2899cf0076463aaf4703bc19067939a40021c6ceb3b58196530c43d	port	client/multiplayer/ClientRecipeContainer.java:21	common/src/main/java/ac/cult/cultac/utils/latency/CompensatedWorld.java	
net.minecraft.client.multiplayer.MultiPlayerGameMode	destroyBlock	BlockPos	0a419c3ecf59ede4aca42eb0f9b9cd1d31430720dd718012de3bc4e613dbb09c	port	client/multiplayer/MultiPlayerGameMode.java:122	block-sim/src/main/java/ac/cult/blocksim/interaction/BreakDriver.java	client/multiplayer/MultiPlayerGameMode.java:122: Ordered local destruction: restriction, item/tool and GameMaster guards, playerWillDestroy, fluid replacement with flags 11 and destroy only after a successful write.
net.minecraft.client.multiplayer.MultiPlayerGameMode	startDestroyBlock	BlockPos,Direction	b0d0c9bbfdb31dc5f5e9da7fe3b7872bedd72f28b688c25569eee319c2d6baf8	port	client/multiplayer/MultiPlayerGameMode.java:156	block-sim/src/main/java/ac/cult/blocksim/interaction/BreakSession.java	
net.minecraft.client.multiplayer.MultiPlayerGameMode	stopDestroyBlock		47545489caf290ce8bb01da577485ec0f56f9236ac3de1830c1157fb9ae399ea	port	client/multiplayer/MultiPlayerGameMode.java:218	block-sim/src/main/java/ac/cult/blocksim/interaction/BreakSession.java	
net.minecraft.client.multiplayer.MultiPlayerGameMode	continueDestroyBlock	BlockPos,Direction	fc7d70072e85ccdb03d6e30a09a247d927c32522aa96e1df6f8a776c4d5ee87e	port	client/multiplayer/MultiPlayerGameMode.java:234	block-sim/src/main/java/ac/cult/blocksim/interaction/BreakSession.java	
net.minecraft.client.multiplayer.MultiPlayerGameMode	sameDestroyTarget	BlockPos	bc187adab0a8a14e876764047769576488dfe8df3a139bef65492d81a9157e14	port	client/multiplayer/MultiPlayerGameMode.java:307	block-sim/src/main/java/ac/cult/blocksim/interaction/BreakSession.java	
net.minecraft.client.multiplayer.MultiPlayerGameMode	useItemOn	LocalPlayer,InteractionHand,BlockHitResult	48f316a46afc52c5b75f8df7cfbf690191804a9721aebab60c04a4304d763a43	port	client/multiplayer/MultiPlayerGameMode.java:320	block-sim/src/main/java/ac/cult/blocksim/interaction/InteractionDriver.java	client/multiplayer/MultiPlayerGameMode.java:320: Border and feature checks precede block callbacks; secondary use suppresses block use; main-hand empty-hand fallback, cooldowns, creative count restoration and Success hand replacement retain client ordering.
net.minecraft.client.multiplayer.MultiPlayerGameMode	performUseItemOn	LocalPlayer,InteractionHand,BlockHitResult	c5a07f609c096855220016f39f348bbd1a420a377c78f3871b8d56d76e074914	port	client/multiplayer/MultiPlayerGameMode.java:334	block-sim/src/main/java/ac/cult/blocksim/interaction/InteractionDriver.java	
net.minecraft.client.multiplayer.MultiPlayerGameMode	useItem	Player,InteractionHand	5f81e30111c949cf4edf31472d78fb237e02da30d165eab6c76ad6f557b16a6c	port	client/multiplayer/MultiPlayerGameMode.java:385	block-sim/src/main/java/ac/cult/blocksim/interaction/InteractionDriver.java	client/multiplayer/MultiPlayerGameMode.java:385: Spectator and cooldown guards precede ItemStack use; Success transformed-hand replacement preserves the returned interaction.
net.minecraft.client.multiplayer.MultiPlayerGameMode	attack	Player,Entity	e25b385fe62a19d89a50a9511da60787a6ddb973bc1e3c54685b888bc2abaf7e	port	client/multiplayer/MultiPlayerGameMode.java:435	common/src/main/java/ac/cult/cultac/events/packets/listeners/PacketPlayerAttack.java	MultiPlayerGameMode.java:435-444: send carried-item/attack and invoke player attack, with client strength/destroy-delay bookkeeping. Required attack observations and movement slowdown remain in existing packet listener/Java engine; this block simulator does not own combat or attack packet emission.
net.minecraft.client.multiplayer.MultiPlayerGameMode	interact	Player,Entity,EntityHitResult,InteractionHand	8de27fd06bce2c593177807e5a8ca657d855466e9428161caba7a91bc5c11395	no-client-world-effect	client/multiplayer/MultiPlayerGameMode.java:453		MultiPlayerGameMode.java:453-458: send an entity interaction with relative hit position and invoke entity interaction unless spectator. This is a separate entity packet path, not block Use/UseOn; existing compensated entities and listeners own its observable state. No duplicate entity interaction simulator.
net.minecraft.client.multiplayer.MultiPlayerGameMode	getDestroyStage		7c14347ce9df79289c2dbf7d564a9349b89e13efc1abe8b8ef6bc69fe6a05e9a	port	client/multiplayer/MultiPlayerGameMode.java:569	block-sim/src/main/java/ac/cult/blocksim/interaction/BreakSession.java	
net.minecraft.client.multiplayer.ProfileKeyPairManager	create	UserApiService,User,Path	9c441f76348a5e8692536c16c81a75a6a2a134060516bca5ea85a2e0b39eff36	no-client-world-effect	client/multiplayer/ProfileKeyPairManager.java:23		client/multiplayer/ProfileKeyPairManager.java:23: Constructs the account signing-key manager. Chat authentication has no use/place/break result field.
net.minecraft.client.multiplayer.chat.report.AbuseReportSender	create	ReportEnvironment,UserApiService	f1a411a14649fb991cf9b30904dad8535501056cf660f931e5b13b02f0909790	no-client-world-effect	client/multiplayer/chat/report/AbuseReportSender.java:18		client/multiplayer/chat/report/AbuseReportSender.java:18: Constructs the chat-report service. Reporting does not change the action world, inventory, cooldowns, use state or food.
net.minecraft.client.multiplayer.chat.report.ReportEnvironment	create	ReportEnvironment.@Nullable Server	fa95471637ca79884896401c7cbbf94a1c84ea4b9ebcfec32b3ed2b555d3cd88	no-client-world-effect	client/multiplayer/chat/report/ReportEnvironment.java:25		client/multiplayer/chat/report/ReportEnvironment.java:25: Constructs client-version/server information for a chat report; outside the use/place/break state contract.
net.minecraft.client.multiplayer.chat.report.ReportingContext	create	ReportEnvironment,UserApiService	bedce74a524b66538605ac885d78a057b5d442c45ebac184d8fe6e0fb4eda3cd	no-client-world-effect	client/multiplayer/chat/report/ReportingContext.java:26		client/multiplayer/chat/report/ReportingContext.java:26: Constructs the chat log and report sender. No block-action state is read or written.
net.minecraft.client.multiplayer.prediction.BlockStatePredictionHandler	retainKnownServerState	BlockPos,BlockState,LocalPlayer	3831000644b67b33e5f9ffe626c7e993869f4cee0549a9bb6de52bc6b3fc25e0	port	client/multiplayer/prediction/BlockStatePredictionHandler.java:18	common/src/main/java/ac/cult/cultac/utils/latency/CompensatedWorld.java	BlockStatePredictionHandler.java:18-57: retain first server state/player position, advance local sequence, update rollback target without replacing pending predicted state, and reconcile all sequences at or before acknowledgement. Existing CompensatedWorld/BlockPrediction implements these fields and applies acknowledgement after its ordered transaction; no new packet timing model.
net.minecraft.client.multiplayer.prediction.BlockStatePredictionHandler	updateKnownServerState	BlockPos,BlockState	fd8f9ea8f63fae2a5881d2beac06c8cb0bece17c71c91166eadb95c665738ead	port	client/multiplayer/prediction/BlockStatePredictionHandler.java:28	common/src/main/java/ac/cult/cultac/utils/latency/CompensatedWorld.java	BlockStatePredictionHandler.java:18-57: retain first server state/player position, advance local sequence, update rollback target without replacing pending predicted state, and reconcile all sequences at or before acknowledgement. Existing CompensatedWorld/BlockPrediction implements these fields and applies acknowledgement after its ordered transaction; no new packet timing model.
net.minecraft.client.multiplayer.prediction.BlockStatePredictionHandler	endPredictionsUpTo	int,ClientLevel	a10ec234479d14cabceec1e8ec537e3c9993a837d078af78118e8fcc95b1fcb0	port	client/multiplayer/prediction/BlockStatePredictionHandler.java:38	common/src/main/java/ac/cult/cultac/utils/latency/CompensatedWorld.java	BlockStatePredictionHandler.java:18-57: retain first server state/player position, advance local sequence, update rollback target without replacing pending predicted state, and reconcile all sequences at or before acknowledgement. Existing CompensatedWorld/BlockPrediction implements these fields and applies acknowledgement after its ordered transaction; no new packet timing model.
net.minecraft.client.multiplayer.prediction.BlockStatePredictionHandler	startPredicting		f8892f2f6923b96d930813c31358be6ad24665000b8936ed67cbbf7347de2d73	port	client/multiplayer/prediction/BlockStatePredictionHandler.java:52	common/src/main/java/ac/cult/cultac/utils/latency/CompensatedWorld.java	BlockStatePredictionHandler.java:18-57: retain first server state/player position, advance local sequence, update rollback target without replacing pending predicted state, and reconcile all sequences at or before acknowledgement. Existing CompensatedWorld/BlockPrediction implements these fields and applies acknowledgement after its ordered transaction; no new packet timing model.
net.minecraft.client.multiplayer.prediction.BlockStatePredictionHandler$ServerVerifiedState	setBlockState	BlockState	81bff51c655c578ada9e8c24ab2d97f528f8b86f5481dd48341854218269a048	port	client/multiplayer/prediction/BlockStatePredictionHandler.java:91	common/src/main/java/ac/cult/cultac/utils/data/BlockPrediction.java	BlockStatePredictionHandler.java:91-93: replace only the retained rollback state. BlockPrediction.originalBlockId is updated by CompensatedWorld.updateBlock while a local prediction remains pending.
net.minecraft.client.player.LocalPlayer	startUsingItem	InteractionHand	e1811db21788ffa15f8406cc7e46d7b922723ddc1071dc5a3bd6bfebe2c24de3	port	client/player/LocalPlayer.java:562	block-sim/src/main/java/ac/cult/blocksim/engine/SimPlayer.java	
net.minecraft.client.player.LocalPlayer	move	MoverType,Vec3	a0da709819c73d3837a8555b3a9ef2ecae8a376014ed133f951be6d292078aec	no-client-world-effect	client/player/LocalPlayer.java:1015		LocalPlayer.java:1015-1023: delegate movement, update auto-jump input and walked-distance statistics. Existing Java runner owns movement/collision/input candidates unchanged; this wrapper produces no placement/use/break Result fields. Do not simulate a second player locomotion path.
net.minecraft.core.Direction	orderedByNearest	Entity	b5e3b078fcc49748a6ff183bc1424392a5c08ebf4fc91fc7f6dc521268c6e0e9	port	core/Direction.java:88	block-sim/src/main/java/ac/cult/blocksim/engine/Direction.java	
net.minecraft.core.Direction	makeDirectionArray	Direction,Direction,Direction	49f6ffa47c12c27d61363724200cddbbe5b58d763e1bc2643649f25078218519	port	core/Direction.java:119	block-sim/src/main/java/ac/cult/blocksim/engine/Direction.java	
net.minecraft.core.Direction	getRotation		eb0bf9f8f84f526f7bd52bcc1108f96e19f4a8d73a696742122c767436798074	no-client-world-effect	core/Direction.java:146		Pinned jar references are decal/shulker renderers and ShulkerLookControl.getYRotD. Mob.serverAiStep ticks lookControl only behind LivingEntity.isEffectiveAi && !level.isClientSide; client action/collision bounds do not consume these render/server-AI quaternions.
net.minecraft.core.Direction	getClockWise	Direction.Axis	e47994cd5ff19972274abbcb53d6c20c0b413538f51f1876c040c3ad64f9b775	no-client-world-effect	core/Direction.java:181		Pinned whole-jar method-reference audit finds no callers of this axis-taking overload. Client actions use the ordinary Y-axis clockwise/counterclockwise operations already provided by the owned direction type.
net.minecraft.core.Direction	getCounterClockWise	Direction.Axis	add21b55c2da62b9483b1b05a443faa847ba3d8aa211e2e3eb0830c2f7350f3b	no-client-world-effect	core/Direction.java:189		Pinned whole-jar method-reference audit finds no callers of this axis-taking overload. Client actions use the ordinary Y-axis clockwise/counterclockwise operations already provided by the owned direction type.
net.minecraft.core.Direction	getClockWise		e02ef4a2c8f28e60d28626cdde39b915203f9c5bae8c693124b4bb8f64851147	port	core/Direction.java:197	block-sim/src/main/java/ac/cult/blocksim/engine/Direction.java	
net.minecraft.core.Direction	getCounterClockWise		b382a24361a49421e0a7e480e37793d7029d4f59ab0365b1c8be91cc31e1208b	port	core/Direction.java:247	block-sim/src/main/java/ac/cult/blocksim/engine/Direction.java	
net.minecraft.core.Direction	fromYRot	double	3c3c958b0c018cc8fbd44b736b3de4e4ba169f8c1ee5705d1af40ba67f0cb6c8	port	core/Direction.java:301	block-sim/src/main/java/ac/cult/blocksim/engine/Direction.java	
net.minecraft.core.Direction	getApproximateNearest	double,double,double	28449ca3cdc82a43f97b0b0d3e6a6be5f9cf3b5a619b92f353cfb86471d0415e	port	core/Direction.java:321	block-sim/src/main/java/ac/cult/blocksim/engine/Direction.java	
net.minecraft.core.Direction	getApproximateNearest	float,float,float	160c905f1dfc829b07745c0de25be1f50599f383b1342bae3441daf3f16a42e8	port	core/Direction.java:325	block-sim/src/main/java/ac/cult/blocksim/engine/Direction.java	
net.minecraft.core.Direction	getApproximateNearest	Vec3	7500c7e9165b8388f65aeb2812d484abf8e772040840c472fe5bd39f562e3463	port	core/Direction.java:340	block-sim/src/main/java/ac/cult/blocksim/engine/Direction.java	
net.minecraft.core.cauldron.CauldronInteraction$Dispatcher	get	ItemStack	d6a2597ccd2b7975634223d6e0b27d084a6fbf69f2c04c23e852dc4477ff23f0	port	core/cauldron/CauldronInteraction.java:34	block-sim/src/main/java/ac/cult/blocksim/behavior/CauldronBehavior.java	
net.minecraft.core.cauldron.CauldronInteractions	bootStrap		af3feb9285c54304db4a83723e11a0ae29df82940bb49928858876a3c60b1be6	port	core/cauldron/CauldronInteractions.java:47	block-sim/src/main/java/ac/cult/blocksim/behavior/CauldronBehavior.java	core/cauldron/CauldronInteractions.java:47: Generated dispatcher names and received item/fluid tags select the client callbacks; each callback result and component predicate is retained. Inventory, level and cauldron-level mutations are guarded by !isClientSide.
net.minecraft.core.cauldron.CauldronInteractions	fillBucket	BlockState,Level,BlockPos,Player,InteractionHand,ItemStack,ItemStack,Predicate<BlockState>,SoundEvent	c9c5727902e089080555189eda707ae19aeebc682268d77174a582730f07cd20	port	core/cauldron/CauldronInteractions.java:149	block-sim/src/main/java/ac/cult/blocksim/behavior/CauldronBehavior.java	
net.minecraft.core.cauldron.CauldronInteractions	emptyBucket	Level,BlockPos,Player,InteractionHand,ItemStack,BlockState,SoundEvent	10fbee29d62e39cacbacf10fea30a20dfc893151bcb8f4ee6657fa716052e2b2	port	core/cauldron/CauldronInteractions.java:177	block-sim/src/main/java/ac/cult/blocksim/behavior/CauldronBehavior.java	
net.minecraft.core.cauldron.CauldronInteractions	fillWaterInteraction	BlockState,Level,BlockPos,Player,InteractionHand,ItemStack	d3f6f622d639fb0bd50ec6010a62e8c80e439e077ac654972787d28dd5c754de	port	core/cauldron/CauldronInteractions.java:199	block-sim/src/main/java/ac/cult/blocksim/behavior/CauldronBehavior.java	core/cauldron/CauldronInteractions.java:199: Water bucket returns SUCCESS through emptyBucket; its inventory/world writes are server-only.
net.minecraft.core.cauldron.CauldronInteractions	fillLavaInteraction	BlockState,Level,BlockPos,Player,InteractionHand,ItemStack	d8009a0b16c08e9ae0d40559f939325b8fbda42054605cf1e95589f7069445a8	port	core/cauldron/CauldronInteractions.java:207	block-sim/src/main/java/ac/cult/blocksim/behavior/CauldronBehavior.java	core/cauldron/CauldronInteractions.java:207: Received water-fluid membership above the cauldron chooses CONSUME; otherwise emptyBucket returns SUCCESS without client writes.
net.minecraft.core.cauldron.CauldronInteractions	fillPowderSnowInteraction	BlockState,Level,BlockPos,Player,InteractionHand,ItemStack	129607b70a29d104f243a168b9445882899f056fc1c474188fda4ae10d88c033	port	core/cauldron/CauldronInteractions.java:215	block-sim/src/main/java/ac/cult/blocksim/behavior/CauldronBehavior.java	core/cauldron/CauldronInteractions.java:215: Received water-fluid membership above the cauldron chooses CONSUME; otherwise emptyBucket returns SUCCESS without client writes.
net.minecraft.core.cauldron.CauldronInteractions	shulkerBoxInteraction	BlockState,Level,BlockPos,Player,InteractionHand,ItemStack	3951f2eee3fd4cf673d2d9c32b6b49686b7669e75abb1a4045bb53a060140aba	port	core/cauldron/CauldronInteractions.java:231	block-sim/src/main/java/ac/cult/blocksim/behavior/CauldronBehavior.java	
net.minecraft.core.cauldron.CauldronInteractions	bannerInteraction	BlockState,Level,BlockPos,Player,InteractionHand,ItemStack	5fb48e19d445299590b454a0e7626e4e71269b8650f65ba51c088d816b150e02	port	core/cauldron/CauldronInteractions.java:249	block-sim/src/main/java/ac/cult/blocksim/behavior/CauldronBehavior.java	core/cauldron/CauldronInteractions.java:249: Only nonempty banner_patterns returns SUCCESS; removal of the last layer and cauldron-level mutation require the server.
net.minecraft.core.cauldron.CauldronInteractions	dyedItemIteration	BlockState,Level,BlockPos,Player,InteractionHand,ItemStack	61a90c9dc73bc06979fa845c9bdb4606c959c5bcf4b7b4ec395b2a29c98d8656	port	core/cauldron/CauldronInteractions.java:268	block-sim/src/main/java/ac/cult/blocksim/behavior/CauldronBehavior.java	
net.minecraft.core.cauldron.CauldronInteractions	isUnderWater	Level,BlockPos	c51f334cdd9767e5e9366cb7edb6780fac22a55e12f8622a662019edb77ca30f	port	core/cauldron/CauldronInteractions.java:284	block-sim/src/main/java/ac/cult/blocksim/behavior/CauldronBehavior.java	
net.minecraft.core.component.BlockTransformer	transformBlock	UseOnContext	c06482b7f7c1ec3e87905c4e62ee3e66cf42ba81e2cc5844d31ac06895446092	port	core/component/BlockTransformer.java:57	block-sim/src/main/java/ac/cult/blocksim/behavior/BlockTransformerBehavior.java	BlockTransformer.java:57-119: blocking-offhand intent, ordered disallowed-face/provider rules, neighbor updates, client stack consumption, flag11 write and success/PASS. Existing pure useOn follows these branches; durability/loot require ServerLevel and sounds/particles/events do not alter the action Result. Bundled axe/hoe/shovel definitions use simple/copy_properties/rule_based providers.
net.minecraft.core.component.BlockTransformer	playerHasBlockingItemUseIntent	UseOnContext	c7316e6793ed5814b36adf8fd4a4943db79286426b8859bb3c68893fafed7879	port	core/component/BlockTransformer.java:120	block-sim/src/main/java/ac/cult/blocksim/behavior/BlockTransformerBehavior.java	
net.minecraft.core.component.PatchedDataComponentMap	fromPatch	DataComponentMap,DataComponentPatch	e9a7a7ec6366581136d85b1fb4494820db24ac96736e299c8fde5f02db3ad7f0	port	core/component/PatchedDataComponentMap.java:31	block-sim/src/main/java/ac/cult/blocksim/data/ComponentPatch.java	Owned effective values and sanitized prototype-relative patches preserve additions, removals and copy isolation without native mutable maps.
net.minecraft.core.component.PatchedDataComponentMap	isPatchSanitized	DataComponentMap,Reference2ObjectMap<DataComponentType<?>, Object>	241ef75d910ae6769d03aeed4f6678034a352cf4211a86b786fa0c8eb32a5ad2	port	core/component/PatchedDataComponentMap.java:41	block-sim/src/main/java/ac/cult/blocksim/data/ComponentPatch.java	Owned effective values and sanitized prototype-relative patches preserve additions, removals and copy isolation without native mutable maps.
net.minecraft.core.component.PatchedDataComponentMap	set	DataComponentType<T>,T	f7545ec1fa1e2769c9261facbfee2fddfa463833bb26eb033978e01e97d2e8fe	port	core/component/PatchedDataComponentMap.java:66	block-sim/src/main/java/ac/cult/blocksim/data/Components.java	Owned effective values and sanitized prototype-relative patches preserve additions, removals and copy isolation without native mutable maps.
net.minecraft.core.component.PatchedDataComponentMap	set	TypedDataComponent<T>	40ae12d5cf5c7ce58e11bb4e715b88f3e1c089e7204bf637c9358e47619db918	port	core/component/PatchedDataComponentMap.java:79	block-sim/src/main/java/ac/cult/blocksim/data/Components.java	Owned effective values and sanitized prototype-relative patches preserve additions, removals and copy isolation without native mutable maps.
net.minecraft.core.component.PatchedDataComponentMap	remove	DataComponentType<? extends T>	43fb764682d8dbbba4a19e6d2809d55f339561762d7c5c6ae2538ed7f2cc4b62	port	core/component/PatchedDataComponentMap.java:83	block-sim/src/main/java/ac/cult/blocksim/data/Components.java	Owned effective values and sanitized prototype-relative patches preserve additions, removals and copy isolation without native mutable maps.
net.minecraft.core.component.PatchedDataComponentMap	applyPatch	DataComponentPatch	1ac7746c6d02b9d1b1dbe0292d69e59e91c15ec29f59e584a4200cac1653d20a	port	core/component/PatchedDataComponentMap.java:96	block-sim/src/main/java/ac/cult/blocksim/data/ComponentPatch.java	Owned effective values and sanitized prototype-relative patches preserve additions, removals and copy isolation without native mutable maps.
net.minecraft.core.component.PatchedDataComponentMap	applyPatch	DataComponentType<?>,Object	4527cc062c0145e392e94bff6cd467ea3e22e6fe8d9450a6ab5dc0b5145db818	port	core/component/PatchedDataComponentMap.java:104	block-sim/src/main/java/ac/cult/blocksim/data/ComponentPatch.java	Owned effective values and sanitized prototype-relative patches preserve additions, removals and copy isolation without native mutable maps.
net.minecraft.core.component.PatchedDataComponentMap	asPatch		00dce8efc6b04adebbc44b0630eb0e9299618b735fe2ba447afc370fb6b7387d	port	core/component/PatchedDataComponentMap.java:202	block-sim/src/main/java/ac/cult/blocksim/data/ComponentPatch.java	Owned effective values and sanitized prototype-relative patches preserve additions, removals and copy isolation without native mutable maps.
net.minecraft.core.component.PatchedDataComponentMap	copy		fcf3ec624fb294f9d9fb8e8ce333da63b0fe4441cb7a8351fddfb6a2474c4b74	port	core/component/PatchedDataComponentMap.java:211	block-sim/src/main/java/ac/cult/blocksim/data/Components.java	Owned effective values and sanitized prototype-relative patches preserve additions, removals and copy isolation without native mutable maps.
net.minecraft.nbt.NbtUtils	compareNbt	Tag,Tag,boolean	bdd6cc7cdafb00095334cfb7179a0cc6e6116decc8a6f6ff9a6a03eda852de6f	port	nbt/NbtUtils.java:61	block-sim/src/main/java/ac/cult/blocksim/data/nbt/NbtPredicates.java	
net.minecraft.util.LinearCongruentialGenerator	next	long,long	3e0aee779b57dd5521bb1fe61b13fc3a5883950c3ccbb415b98b3604d73b5c93	port	util/LinearCongruentialGenerator.java:7	block-sim/src/main/java/ac/cult/blocksim/engine/BiomeLookup.java	mix preserves the native long-overflow recurrence value*(value*6364136223846793005+1442695040888963407)+salt; packet zoom seed is already obfuscated.
net.minecraft.util.Mth	sin	double	6cd7ce6159b3c4d241e0861353ffff3a327cea382e51a21f9bb8b7cd6209662e	port	util/Mth.java:50	block-sim/src/main/java/ac/cult/blocksim/engine/VanillaMath.java	
net.minecraft.util.Mth	cos	double	06ec1e8938b55784fc9e4b52b85b1774592ec196a09b0330b750af2544bf0afc	port	util/Mth.java:54	block-sim/src/main/java/ac/cult/blocksim/engine/VanillaMath.java	
net.minecraft.util.Mth	wrapDegrees	int	2701c833310bf8c03f572784ed0cc5c6ac23c9970692730cf120dc2256ace544	no-client-world-effect	util/Mth.java:190		Pinned int overload is referenced only by ItemFrame.getVisualRotationYInDegrees, a rendered-item rotation; long overload (J)F has no jar callers. Action/collision math uses the already ported float/double operations.
net.minecraft.util.Mth	wrapDegrees	long	39f476b0c1ad9d7c85ecfa6284f42ddcde0d6ad0bdcc817bde09e11246194b83	no-client-world-effect	util/Mth.java:203		Pinned int overload is referenced only by ItemFrame.getVisualRotationYInDegrees, a rendered-item rotation; long overload (J)F has no jar callers. Action/collision math uses the already ported float/double operations.
net.minecraft.util.Mth	wrapDegrees	float	f1a729fda584e42f3f8db355e8b1f97b0caab9bc40405e872e6ae24b341ebe1a	port	util/Mth.java:216	block-sim/src/main/java/ac/cult/blocksim/engine/VanillaMath.java	
net.minecraft.util.Mth	wrapDegrees	double	41a2b666470288360482cfbf9649b8787bcd4d12c2c9b76252e9fc8f03a03081	port	util/Mth.java:229	common/src/main/java/ac/cult/cultac/utils/math/CultMath.java	CultMath.wrapDegrees(double) preserves native remainder and [-180,180) branch arithmetic; existing anticheat callers already use this shared helper.
net.minecraft.util.Mth	degreesDifference	float,float	313f55fa14655bb48bde5022b6d0a9e0067d4318965a50d57b6d6356bfddab2b	port	util/Mth.java:255	block-sim/src/main/java/ac/cult/blocksim/engine/VanillaMath.java	
net.minecraft.util.Mth	degreesDifferenceAbs	float,float	b226c17ccce1bb43977b5729bc7bbff82166028773e4335c8a04354c6e4c55c2	port	util/Mth.java:259	block-sim/src/main/java/ac/cult/blocksim/engine/VanillaMath.java	
net.minecraft.util.Mth	getSeed	Vec3i	d128a76b7ee59feff54a8ad87cbc0e0b407a896ab84fe45859997a473d099e3c	port	util/Mth.java:326	block-sim/src/main/java/ac/cult/blocksim/engine/Offsets.java	Deprecated Vec3i wrapper unpacks coordinates into getSeed(int,int,int); Offsets.seed preserves the same integer/long overflow and final arithmetic right shift.
net.minecraft.util.Mth	getSeed	int,int,int	b1c2f849ad56159857faf94c1eeb450657c504ddd07ace2beea439371c73f438	port	util/Mth.java:331	block-sim/src/main/java/ac/cult/blocksim/engine/Offsets.java	
net.minecraft.util.Mth	atan2	double,double	596350c98e72509024e3c7797454a4039d8eea115f655be3a7860fb88872e3cd	port	util/Mth.java:391	block-sim/src/main/java/ac/cult/blocksim/engine/VanillaMath.java	
net.minecraft.util.Mth	fastInvSqrt	double	9279564a74ac713f43ad24a32b7d326d0a9ec0c7aadb4d0e9898a5dd8b658aba	port	util/Mth.java:448	block-sim/src/main/java/ac/cult/blocksim/engine/VanillaMath.java	
net.minecraft.util.SegmentedAnglePrecision	fromDirection	Direction	7f69a01b679e364271fe48106eed00e752cfdb09210855bcf22b5306904f2d17	port	util/SegmentedAnglePrecision.java:32	block-sim/src/main/java/ac/cult/blocksim/engine/Rotation16.java	
net.minecraft.util.SegmentedAnglePrecision	fromDegreesWithTurns	float	a39e6d33b314d8f593889c4718fbea677c6256443bb26fc695dd2be5bbb765ac	port	util/SegmentedAnglePrecision.java:41	block-sim/src/main/java/ac/cult/blocksim/engine/Rotation16.java	
net.minecraft.util.SegmentedAnglePrecision	fromDegrees	float	6f51cfe434e4b005d6554ecd5aab4e60501e50279ddcc213e701821cab58914e	port	util/SegmentedAnglePrecision.java:45	block-sim/src/main/java/ac/cult/blocksim/engine/Rotation16.java	
net.minecraft.world.Container	getMaxStackSize		8e5464710a906dec27d92f2764549a7f47323f020a2acac38171815f43b5209a	port	world/Container.java:34	block-sim/src/main/java/ac/cult/blocksim/engine/SimInventory.java	
net.minecraft.world.Container	getMaxStackSize	ItemStack	c3589c21f986de685b7cc607b840764400bae719d74a3987f0026108060cb92c	port	world/Container.java:38	block-sim/src/main/java/ac/cult/blocksim/engine/SimInventory.java	
net.minecraft.world.LockCode	addToTag	ValueOutput	f202d037350d240513f1ec33f59ea60026e4b02ca0b15e9c062cfec4b82d3cd1	no-client-world-effect	world/LockCode.java:20		world/LockCode.java:20: serialization or collection of cosmetic/menu/server state has no action, collision or signal consumer in the anticheat. Full saved-NBT reproduction and deep Adventure predicates were explicitly removed from scope; the wire reader skips these fields. BaseContainerBlockEntity.isLocked is used by collectImplicitComponents at165, not client use outcomes. VaultBlock.useItemOn:49-59 reads config/server/shared data only under ServerLevel.
net.minecraft.world.effect.MobEffectUtil	hasDigSpeed	LivingEntity	ce94fd2bd1d9ee0c3178811cdcbb966496dd1409938ebc00bcadc66d5de33842	port	world/effect/MobEffectUtil.java:25	block-sim/src/main/java/ac/cult/blocksim/interaction/MiningSpeed.java	
net.minecraft.world.effect.MobEffectUtil	getDigSpeedAmplification	LivingEntity	99b0487fee1fa562973debd77f7a8457c8a14e96ab6ee152e14eec22b4143cad	port	world/effect/MobEffectUtil.java:29	block-sim/src/main/java/ac/cult/blocksim/interaction/MiningSpeed.java	
net.minecraft.world.entity.Entity	calculateViewVector	float,float	5489647a1d79942cf6983c77508b5c212974f3286da8343c2e246dfec34d0a6b	port	world/entity/Entity.java:2009	block-sim/src/main/java/ac/cult/blocksim/engine/BlockRaycast.java	
net.minecraft.world.entity.Entity	applyImplicitComponents	DataComponentGetter	6b29a071441c1589d0cfa3f40c410a94ea1508c4d8984853fad2a607fa9c1dfd	no-client-world-effect	world/entity/Entity.java:4173		Base implicit entity components are CUSTOM_NAME/CUSTOM_DATA only, with no local geometry/inventory/world effect. Painting geometry override is separately ported.
net.minecraft.world.entity.Entity	applyComponentsFromItemStack	ItemStack	d752348e6ca07139eb4e2e91684c703a9902fe96c04c42c116bc4dd6b6644fb4	no-client-world-effect	world/entity/Entity.java:4178		Base implicit entity components are CUSTOM_NAME/CUSTOM_DATA only, with no local geometry/inventory/world effect. Painting geometry override is separately ported.
net.minecraft.world.entity.Entity	applyImplicitComponent	DataComponentType<T>,T	e435cb0a79f5a2941d68d5d8ee21264477081146f262f5cfa9d050b645d4f69b	no-client-world-effect	world/entity/Entity.java:4200		Base implicit entity components are CUSTOM_NAME/CUSTOM_DATA only, with no local geometry/inventory/world effect. Painting geometry override is separately ported.
net.minecraft.world.entity.Entity	applyImplicitComponentIfPresent	DataComponentGetter,DataComponentType<T>	2343d0e69d7a4b40a6c8465f1916b7308a46c685518378c49dd6c5afe97f4e2c	no-client-world-effect	world/entity/Entity.java:4212		Base implicit entity components are CUSTOM_NAME/CUSTOM_DATA only, with no local geometry/inventory/world effect. Painting geometry override is separately ported.
net.minecraft.world.entity.EntityType	canSpawn	Level	e9d9700d0b8bd91c1662f5b38e168c19edd4549bd7beb3ed4bb0e11e0ffd4c62	port	world/entity/EntityType.java:303	block-sim/src/main/java/ac/cult/blocksim/entity/EntityTypes.java	Pinned client placement/clock branch; received metadata and immutable generated facts.
net.minecraft.world.entity.EntityType	getSpawnAABB	Vec3	490c75ded582b055f817072b4c2f8d9f330effba53ee22b6d205919c2a6276f9	port	world/entity/EntityType.java:329	block-sim/src/main/java/ac/cult/blocksim/entity/EntityTypes.java	Pinned client placement/clock branch; received metadata and immutable generated facts.
net.minecraft.world.entity.EntityType	getSpawnAABB	double,double,double	b79893317022b245e5e884907aeebdd35ee87ce751c158d9944ab683a1d063c0	port	world/entity/EntityType.java:333	block-sim/src/main/java/ac/cult/blocksim/entity/EntityTypes.java	Pinned client placement/clock branch; received metadata and immutable generated facts.
net.minecraft.world.entity.EntityType	getDimensions		04e40362b390d5ca37d0db1b008e1dd164bd1332fc2522d858e781b82df88e55	port	world/entity/EntityType.java:349	block-sim/src/main/java/ac/cult/blocksim/entity/EntityTypes.java	Pinned EntityType getter retained in immutable generated model facts: dimensions and required passenger/vehicle attachments; updateInterval feeds existing ReachInterpolationData steps. All 161 types checked against the pinned client off-git.
net.minecraft.world.entity.EntityType	updateInterval		01e0a1904e9dd24998dc43fca97faba4ba85ee38ee1a41adeb4c287fb8c64dc1	port	world/entity/EntityType.java:437	block-sim/src/main/java/ac/cult/blocksim/entity/EntityTypes.java	Pinned EntityType getter retained in immutable generated model facts: dimensions and required passenger/vehicle attachments; updateInterval feeds existing ReachInterpolationData steps. All 161 types checked against the pinned client off-git.
net.minecraft.world.entity.EntityType$Builder	updateInterval	int	eff0292c6bba483df8c9d2203c7cd32a6c3e454de44c91c8fb30672c1107ab86	port	world/entity/EntityType.java:589	block-sim-generator/src/vanilla/java/ac/cult/blocksim/generator/VanillaDataGenerator.java	The registry builder stores updateInterval; explicit pinned generation emits that configured value for each type. Runtime interpolation reads the immutable generated value.
net.minecraft.world.entity.LivingEntity	drop	ItemStack,boolean,Prediction	c08f7ee8194073cb554f408fd5a4bd495e0bf01b80f3784e25d9e748ffc35dff	port	world/entity/LivingEntity.java:791	block-sim/src/main/java/ac/cult/blocksim/interaction/ItemResults.java	
net.minecraft.world.entity.LivingEntity	startUsingItem	InteractionHand	6add9c2738a66b2ad95c9fbb047be6c89346e28c632bbc5c10a9fd10b84a09c5	port	world/entity/LivingEntity.java:3507	block-sim/src/main/java/ac/cult/blocksim/engine/SimPlayer.java	Client startUsingItem captures the nonempty hand stack and dispatched use duration only when no use is active; server equipment, flags and vibrations do not execute. SimPlayer preserves the captured stack alias.
net.minecraft.world.entity.LivingEntity	handleExtraItemsCreatedOnUse	ItemStack	8eb95bcbc154530931e15fc418c8b1fe991095671409552099ea1aa596999ede	port	world/entity/LivingEntity.java:3593	block-sim/src/main/java/ac/cult/blocksim/interaction/ItemStackActions.java	
net.minecraft.world.entity.LivingEntity	getProjectile	ItemStack	af1ac8aeaa8c87e0289cb5b381a00333b85829dc398b9a913a601d642c3dd347	no-client-world-effect	world/entity/LivingEntity.java:3888		The base LivingEntity method always returns ItemStack.EMPTY and has no side effects. Player overrides projectile selection; the simulator models that override in ProjectileWeaponBehavior.
net.minecraft.world.entity.decoration.Cushion	canBePlacedAt	Level,AABB	83aa42fdc96a54e4361995c6ab359e732548e4ef67cf1772c13fc89ae2f4c01a	port	world/entity/decoration/Cushion.java:168	block-sim/src/main/java/ac/cult/blocksim/behavior/CushionItemBehavior.java	Pinned client placement/clock branch; received metadata and immutable generated facts.
net.minecraft.world.entity.decoration.Cushion	wouldSurviveAt	Level,AABB	cd8e684518033dc3e8168895ffe2bbad83588f9b020c9900cc0247efd48196b0	port	world/entity/decoration/Cushion.java:172	block-sim/src/main/java/ac/cult/blocksim/behavior/CushionItemBehavior.java	Pinned client placement/clock branch; received metadata and immutable generated facts.
net.minecraft.world.entity.decoration.Cushion	hasAnchorBelow	Level,AABB	359a157b04957e3710f0db6bda130d1ea660c418861dd521fb01162c647f0c3e	port	world/entity/decoration/Cushion.java:176	block-sim/src/main/java/ac/cult/blocksim/behavior/CushionItemBehavior.java	Pinned client placement/clock branch; received metadata and immutable generated facts.
net.minecraft.world.entity.decoration.Cushion	isAnchorBuried	Level,AABB	918eb11da27295f221807529a1b918bbe00e6b58f395a84d79124cbaa7bfe72d	port	world/entity/decoration/Cushion.java:186	block-sim/src/main/java/ac/cult/blocksim/behavior/CushionItemBehavior.java	Pinned client placement/clock branch; received metadata and immutable generated facts.
net.minecraft.world.entity.decoration.Cushion	isCoveredBySuffocatingBlocks	Level,AABB	369eccb2738308eddb963dbb586234862a456f719800a6580ebbd2a10c709e31	port	world/entity/decoration/Cushion.java:201	block-sim/src/main/java/ac/cult/blocksim/behavior/CushionItemBehavior.java	Pinned client placement/clock branch; received metadata and immutable generated facts.
net.minecraft.world.entity.decoration.HangingEntity	recalculateBoundingBox		fbdce1a1f4359ecf4a14e4cacba09122aad554ef7921b27d97c3c9fdee5db3e7	port	world/entity/decoration/HangingEntity.java:71	block-sim/src/main/java/ac/cult/blocksim/behavior/HangingItemBehavior.java	Pinned new client entity: support/pop geometry, border and coexistence; received painting dimensions. Painting.create selects an already surviving variant, then a supplied component overrides it. Native matrix430180 and border100000 cases agree.
net.minecraft.world.entity.decoration.HangingEntity	survives		a1ae850b3afabe826aac2ed9c2e158da1f0c5c812ff09b2593900db7a58bdca5	port	world/entity/decoration/HangingEntity.java:83	block-sim/src/main/java/ac/cult/blocksim/behavior/HangingItemBehavior.java	Pinned new client entity: support/pop geometry, border and coexistence; received painting dimensions. Painting.create selects an already surviving variant, then a supplied component overrides it. Native matrix430180 and border100000 cases agree.
net.minecraft.world.entity.decoration.HangingEntity	isSupportingBlock	BlockState	80f83f24e81b7db72ca3e5c3365edaf1e195c8503ae1666b5051c2edfe585b88	port	world/entity/decoration/HangingEntity.java:93	block-sim/src/main/java/ac/cult/blocksim/behavior/HangingItemBehavior.java	Pinned new client entity: support/pop geometry, border and coexistence; received painting dimensions. Painting.create selects an already surviving variant, then a supplied component overrides it. Native matrix430180 and border100000 cases agree.
net.minecraft.world.entity.decoration.HangingEntity	calculateSupportBox		938edd6cc7fb186e4b41759742d46d2d135173d589fc00ad13da0fbc476eb578	port	world/entity/decoration/HangingEntity.java:97	block-sim/src/main/java/ac/cult/blocksim/behavior/HangingItemBehavior.java	Pinned new client entity: support/pop geometry, border and coexistence; received painting dimensions. Painting.create selects an already surviving variant, then a supplied component overrides it. Native matrix430180 and border100000 cases agree.
net.minecraft.world.entity.decoration.HangingEntity	canCoexist	boolean	c76fd69c271dca68760a9119279bb5ca561dc5586174fbdc9d0d651bc47fed38	port	world/entity/decoration/HangingEntity.java:101	block-sim/src/main/java/ac/cult/blocksim/behavior/HangingItemBehavior.java	Pinned new client entity: support/pop geometry, border and coexistence; received painting dimensions. Painting.create selects an already surviving variant, then a supplied component overrides it. Native matrix430180 and border100000 cases agree.
net.minecraft.world.entity.decoration.HangingEntity	hasLevelCollision	AABB	bc9a5966dfba7a3859aba0a0f3c958222377fcac109e721175509c01e23b7e10	port	world/entity/decoration/HangingEntity.java:110	block-sim/src/main/java/ac/cult/blocksim/behavior/HangingItemBehavior.java	Pinned new client entity: support/pop geometry, border and coexistence; received painting dimensions. Painting.create selects an already surviving variant, then a supplied component overrides it. Native matrix430180 and border100000 cases agree.
net.minecraft.world.entity.decoration.HangingEntity	getPopBox		9a5e2182acb13b926c1a7776e1071c06528472ac6c6c6b626aba9d5bcde58e91	port	world/entity/decoration/HangingEntity.java:115	block-sim/src/main/java/ac/cult/blocksim/behavior/HangingItemBehavior.java	Pinned new client entity: support/pop geometry, border and coexistence; received painting dimensions. Painting.create selects an already surviving variant, then a supplied component overrides it. Native matrix430180 and border100000 cases agree.
net.minecraft.world.entity.decoration.ItemFrame	recalculateBoundingBox		9319e2713e90748051e9598caffae7aaa9dd8b99b77559fcdbef1cb86160d224	port	world/entity/decoration/ItemFrame.java:100	block-sim/src/main/java/ac/cult/blocksim/behavior/HangingItemBehavior.java	Pinned new client entity: support/pop geometry, border and coexistence; received painting dimensions. Painting.create selects an already surviving variant, then a supplied component overrides it. Native matrix430180 and border100000 cases agree.
net.minecraft.world.entity.decoration.ItemFrame	calculateBoundingBox	BlockPos,Direction	c4c8d3e644e05ecc666b4eeddcabbc235ccc766823d8acc40492edce91645e93	port	world/entity/decoration/ItemFrame.java:106	block-sim/src/main/java/ac/cult/blocksim/behavior/HangingItemBehavior.java	Pinned new client entity: support/pop geometry, border and coexistence; received painting dimensions. Painting.create selects an already surviving variant, then a supplied component overrides it. Native matrix430180 and border100000 cases agree.
net.minecraft.world.entity.decoration.ItemFrame	getPopBox		418216c24df47466f6a49006e6717e2afba8467e002ecc8d72f2a281694b19f6	port	world/entity/decoration/ItemFrame.java:111	block-sim/src/main/java/ac/cult/blocksim/behavior/HangingItemBehavior.java	Pinned new client entity: support/pop geometry, border and coexistence; received painting dimensions. Painting.create selects an already surviving variant, then a supplied component overrides it. Native matrix430180 and border100000 cases agree.
net.minecraft.world.entity.decoration.ItemFrame	createBoundingBox	BlockPos,Direction,boolean	b63b866b51509e7d3f44c813e8e06391356802a26cd43ba19a3b0da1a6e0bcb1	port	world/entity/decoration/ItemFrame.java:116	block-sim/src/main/java/ac/cult/blocksim/behavior/HangingItemBehavior.java	Pinned new client entity: support/pop geometry, border and coexistence; received painting dimensions. Painting.create selects an already surviving variant, then a supplied component overrides it. Native matrix430180 and border100000 cases agree.
net.minecraft.world.entity.decoration.ItemFrame	survives		caa3d4e95a3e6e873bd67ec31a737ecdb1d425581a18bab261683ea9d77bdb25	port	world/entity/decoration/ItemFrame.java:128	block-sim/src/main/java/ac/cult/blocksim/behavior/HangingItemBehavior.java	Pinned new client entity: support/pop geometry, border and coexistence; received painting dimensions. Painting.create selects an already surviving variant, then a supplied component overrides it. Native matrix430180 and border100000 cases agree.
net.minecraft.world.entity.decoration.painting.Painting	applyImplicitComponents	DataComponentGetter	36e5bc251855a16baa7f31903f2b51b5fbb9bfb9a3179c3790da596d26cd1396	port	world/entity/decoration/painting/Painting.java:79	block-sim/src/main/java/ac/cult/blocksim/behavior/HangingItemBehavior.java	Pinned new client entity: support/pop geometry, border and coexistence; received painting dimensions. Painting.create selects an already surviving variant, then a supplied component overrides it. Native matrix430180 and border100000 cases agree.
net.minecraft.world.entity.decoration.painting.Painting	applyImplicitComponent	DataComponentType<T>,T	746a82b9d0d2d3410e8d0f9e99ddc0d9ec7a5dee8acf8952622efb4b84171306	port	world/entity/decoration/painting/Painting.java:85	block-sim/src/main/java/ac/cult/blocksim/behavior/HangingItemBehavior.java	Pinned new client entity: support/pop geometry, border and coexistence; received painting dimensions. Painting.create selects an already surviving variant, then a supplied component overrides it. Native matrix430180 and border100000 cases agree.
net.minecraft.world.entity.decoration.painting.Painting	create	Level,BlockPos,Direction	86a7b324faee5c7fd39b936b05c4476f4ab96df404041ea514d391cb68113fb3	port	world/entity/decoration/painting/Painting.java:95	block-sim/src/main/java/ac/cult/blocksim/behavior/HangingItemBehavior.java	Pinned new client entity: support/pop geometry, border and coexistence; received painting dimensions. Painting.create selects an already surviving variant, then a supplied component overrides it. Native matrix430180 and border100000 cases agree.
net.minecraft.world.entity.decoration.painting.Painting	calculateBoundingBox	BlockPos,Direction	e695e9d527b8de99317c7237e73cab05894d926db728a7e52e3c2659846aa2ae	port	world/entity/decoration/painting/Painting.java:153	block-sim/src/main/java/ac/cult/blocksim/behavior/HangingItemBehavior.java	Pinned new client entity: support/pop geometry, border and coexistence; received painting dimensions. Painting.create selects an already surviving variant, then a supplied component overrides it. Native matrix430180 and border100000 cases agree.
net.minecraft.world.entity.decoration.painting.Painting	offsetForPaintingSize	int	803ee887bfa6eacaa13b68c043dca826e86c3ad1befd6149ac54c63404dbd814	port	world/entity/decoration/painting/Painting.java:169	block-sim/src/main/java/ac/cult/blocksim/behavior/HangingItemBehavior.java	Pinned new client entity: support/pop geometry, border and coexistence; received painting dimensions. Painting.create selects an already surviving variant, then a supplied component overrides it. Native matrix430180 and border100000 cases agree.
net.minecraft.world.entity.monster.Shulker	getProgressAabb	float,Direction,float,Vec3	c7099fee419581cdf0672db999e9d2aa90cc76bcb2f4b9595ce86720a2aca645	port	world/entity/monster/Shulker.java:263	block-sim/src/main/java/ac/cult/blocksim/engine/ShulkerGeometry.java	
net.minecraft.world.entity.monster.Shulker	getProgressDeltaAabb	float,Direction,float,float,Vec3	2abf4317dded96651e4ed6b3f95248efa08a424686afb71504a340bf2e924d0e	port	world/entity/monster/Shulker.java:267	block-sim/src/main/java/ac/cult/blocksim/engine/ShulkerGeometry.java	
net.minecraft.world.entity.monster.Shulker	move	MoverType,Vec3	3851800fdf32fff5bde95465cd75f77a3a243d9dcf52fe5f1f82e1e0f98a7fad	no-client-world-effect	world/entity/monster/Shulker.java:314		Shulker.java:314-320: SHULKER_BOX mover triggers remote-entity teleport selection, other movers delegate to Entity.move. Anticheat action worlds do not run a remote entity AI/movement tick: compensated attach/peek/position packets own its collider. Preserve this existing entity system instead of adding random local shulker teleport simulation to block actions.
net.minecraft.world.entity.monster.Shulker	applyImplicitComponents	DataComponentGetter	553de95abafa7d118bea42fbda59598059fa2c94959c79379d1f6ede57b22835	no-client-world-effect	world/entity/monster/Shulker.java:582		Shulker.java:582-585: only SHULKER_COLOR is applied before the base component hook. Color does not affect dimensions, collision, block actions or movement; received attach face/peek state remain compensated separately.
net.minecraft.world.entity.player.Inventory	hasRemainingSpaceForItem	ItemStack,ItemStack	87c84fda7a4fffe6669647f57f2cfdf1788e135e2ba53b548efe1869461e00cb	port	world/entity/player/Inventory.java:96	block-sim/src/main/java/ac/cult/blocksim/engine/SimInventory.java	
net.minecraft.world.entity.player.Inventory	getFreeSlot		19a277f57d2e805cf327b1984283ca9cbc187cb09a6373f6cd741ea727f45249	port	world/entity/player/Inventory.java:103	block-sim/src/main/java/ac/cult/blocksim/engine/SimInventory.java	world/entity/player/Inventory.java:103: Searches the 36 normal storage slots in ascending order; equipment is excluded.
net.minecraft.world.entity.player.Inventory	addResource	ItemStack	0cdf1b3c559d5dc33c44bb5345fbefa65275f7645752ff05cd8e3409a75e5c4b	port	world/entity/player/Inventory.java:195	block-sim/src/main/java/ac/cult/blocksim/engine/SimInventory.java	
net.minecraft.world.entity.player.Inventory	addResource	int,ItemStack	145203ca690a05a2f4402b358a27c8532abe481792c1187fb4ab8c265223bfa2	port	world/entity/player/Inventory.java:204	block-sim/src/main/java/ac/cult/blocksim/engine/SimInventory.java	
net.minecraft.world.entity.player.Inventory	getSlotWithRemainingSpace	ItemStack	4d142b78270ddb28a7546fa99bfceb75201609a9b0cf6d70c88c05958728dac4	port	world/entity/player/Inventory.java:224	block-sim/src/main/java/ac/cult/blocksim/engine/SimInventory.java	world/entity/player/Inventory.java:224: Selected slot, offhand, then ascending normal storage; stackability, component identity and the container/item limit preserve source ordering.
net.minecraft.world.entity.player.Inventory	add	ItemStack	7bae9ffc92e78f0858b306fe51c57237da6076ca2764daaff87722ed0897488c	port	world/entity/player/Inventory.java:251	block-sim/src/main/java/ac/cult/blocksim/engine/SimInventory.java	
net.minecraft.world.entity.player.Inventory	add	int,ItemStack	ac95f7d870e4336f72fe04e9117d723a4fb392f0c35184a3413e7b428fd85338	port	world/entity/player/Inventory.java:255	block-sim/src/main/java/ac/cult/blocksim/engine/SimInventory.java	world/entity/player/Inventory.java:255: Damaged-item copy-and-clear branch, stack merges, free-slot insertion, repeated progress and infinite-materials fallback are preserved; pop animation and crash reports have no action outputs.
net.minecraft.world.entity.player.Inventory	setItem	int,ItemStack	fac3d97e483d1353a02a442195d6184f6028b3e94ac27bfbbd6d94488ae3c961	port	world/entity/player/Inventory.java:377	block-sim/src/main/java/ac/cult/blocksim/engine/SimInventory.java	world/entity/player/Inventory.java:377: Normal indices and the seven equipment slots use the same 0-42 client inventory domain; out-of-domain upper indices are ignored.
net.minecraft.world.entity.player.Inventory	isEmpty		b1bb48e180d662073cd9eac095b8868379c933ac94be6e44a5320e80409dcb46	no-client-world-effect	world/entity/player/Inventory.java:413		Inventory.java:413-430/485-503: read-only collection searches. Actual action inventory keeps all43 slots and uses SimInventory.contains/add; no required caller requests these standalone empty/tag/predicate overloads, so do not introduce unused general inventory API.
net.minecraft.world.entity.player.Inventory	getItem	int	67534f450d02bd6b370b499ed5ee55608a6c597c440a4197f3a12abd313be75c	port	world/entity/player/Inventory.java:430	block-sim/src/main/java/ac/cult/blocksim/engine/SimInventory.java	world/entity/player/Inventory.java:430: Normal indices and the seven equipment slots use the same 0-42 client inventory domain; out-of-domain upper indices return the shared empty stack.
net.minecraft.world.entity.player.Inventory	contains	ItemStack	db33b90d4c8f08703cfbea04e61ac93c73680f67db3df56c35233e1705338cbe	port	world/entity/player/Inventory.java:475	block-sim/src/main/java/ac/cult/blocksim/engine/SimInventory.java	
net.minecraft.world.entity.player.Inventory	contains	TagKey<Item>	a8ba1e35bc2a24be57e28c8244792431724d0cbfb8677bc803d527de54d631f1	no-client-world-effect	world/entity/player/Inventory.java:485		Inventory.java:413-430/485-503: read-only collection searches. Actual action inventory keeps all43 slots and uses SimInventory.contains/add; no required caller requests these standalone empty/tag/predicate overloads, so do not introduce unused general inventory API.
net.minecraft.world.entity.player.Inventory	contains	Predicate<ItemStack>	686e6a5386735c3f9de80e6499b42dbcd80d8a78b3dc39c895859f8f659bbdf2	no-client-world-effect	world/entity/player/Inventory.java:495		Inventory.java:413-430/485-503: read-only collection searches. Actual action inventory keeps all43 slots and uses SimInventory.contains/add; no required caller requests these standalone empty/tag/predicate overloads, so do not introduce unused general inventory API.
net.minecraft.world.entity.player.Player	blockActionRestricted	Level,BlockPos,GameType	dbe58bea27209639c9583174ef45918056abc8322899f0e3cc685349cccafc76	port	world/entity/player/Player.java:193	block-sim/src/main/java/ac/cult/blocksim/interaction/BreakDriver.java	
net.minecraft.world.entity.player.Player	isSecondaryUseActive		235344fb8fca8a1ed5cab8100fa6916e477306e2eb3376825091776aedc08e91	port	world/entity/player/Player.java:297	block-sim/src/main/java/ac/cult/blocksim/engine/SimPlayer.java	world/entity/player/Player.java:297: The input state is the compensated shift-key state; no server pose or live player query is used.
net.minecraft.world.entity.player.Player	getDestroySpeed	BlockState	f5eec24ae49a304ad563f22cbb0a5f764c2f9a96b81a2f2e2805d97fd82233d3	port	world/entity/player/Player.java:586	block-sim/src/main/java/ac/cult/blocksim/interaction/MiningSpeed.java	
net.minecraft.world.entity.player.Player	hasCorrectToolForDrops	BlockState	2bd0a88f60c72d3c4aab285ba999c95290b6c97483739609144e3e934331f0ad	port	world/entity/player/Player.java:614	block-sim/src/main/java/ac/cult/blocksim/interaction/MiningSpeed.java	
net.minecraft.world.entity.player.Player	attack	Entity	fc2dff9bf4dd3e23fe92e4c0e00bb88921c78ef38eb1ea3b1c665fff6eff2e95	port	world/entity/player/Player.java:943	common/src/main/java/ac/cult/cultac/events/packets/listeners/PacketPlayerAttack.java	Player.java:943-1005: combat damage/knockback and attack bookkeeping. Required attack/slowdown observations stay in the existing Java engine and compensated target packet state; block-action migration does not create a damage/entity simulation or change movement behavior.
net.minecraft.world.entity.player.Player	canEat	boolean	8c57a3c60cf66ed953988249d07fd5b4b0cb697bcd066d777f7c10af0bba9d3d	port	world/entity/player/Player.java:1590	block-sim/src/main/java/ac/cult/blocksim/engine/SimPlayer.java	
net.minecraft.world.entity.player.Player	mayUseItemAt	BlockPos,Direction,ItemStack	9f068ddcce7af0ccc0d8c35fcc3a7b77b75efb207a08b45d978a52ea2062e31a	port	world/entity/player/Player.java:1602	block-sim/src/main/java/ac/cult/blocksim/behavior/BucketItemBehavior.java	
net.minecraft.world.entity.player.Player	getProjectile	ItemStack	566661e90fbfcfa9becb371d28968197652a42cad756a4eb3538b5a74ae90c0b	port	world/entity/player/Player.java:1862	block-sim/src/main/java/ac/cult/blocksim/behavior/ProjectileWeaponBehavior.java	Pinned Player.getProjectile and weapon predicates use received arrow tags, held-only crossbow fireworks, compensated inventory slots and creative fallback. The use branch needs only projectile availability.
net.minecraft.world.entity.projectile.ProjectileUtil	getHitResultOnViewVector	Entity,Predicate<Entity>,double	6727e863e3f0332123046aa7efebf4c37ad4c1202cc7c7ed2a75762de3008e67	port	world/entity/projectile/ProjectileUtil.java:59	block-sim/src/main/java/ac/cult/blocksim/engine/BlockRaycast.java	Pinned brush view query clips COLLIDER shapes with Fluid.NONE and the border, then tests pickable entities to the clipped endpoint with margin zero. Movement-vector projectile queries do not run during item use.
net.minecraft.world.entity.projectile.ProjectileUtil	getHitResult	Vec3,Entity,Predicate<Entity>,Vec3,Level,float,Block	9a59bed65b045476a65ec82eaf6fd62adffa9c23929e49dfda468d75ac95b70f	port	world/entity/projectile/ProjectileUtil.java:66	block-sim/src/main/java/ac/cult/blocksim/engine/BlockRaycast.java	Pinned brush view query clips COLLIDER shapes with Fluid.NONE and the border, then tests pickable entities to the clipped endpoint with margin zero. Movement-vector projectile queries do not run during item use.
net.minecraft.world.food.FoodConstants	saturationByModifier	int,float	f862e4447a0f19912eed7fa21d8bd1ae0bbbccc8c65e5717630b9a5c85b8df8d	port	world/food/FoodConstants.java:30	block-sim/src/main/java/ac/cult/blocksim/engine/SimPlayer.java	world/food/FoodConstants.java:30: Preserves food * saturationModifier * 2.0F evaluation order.
net.minecraft.world.food.FoodData	add	int,float	57604d5ea6aa3facd73fbfb93c08c28c2e4f9862d83a21939abcc7dc3f7891fc	port	world/food/FoodData.java:19	block-sim/src/main/java/ac/cult/blocksim/engine/SimPlayer.java	
net.minecraft.world.food.FoodData	eat	int,float	99233317b324e1d50b405e5dc37497bda527d72b1e6ba4e58bd0aad633734f3c	port	world/food/FoodData.java:24	block-sim/src/main/java/ac/cult/blocksim/engine/SimPlayer.java	
net.minecraft.world.food.FoodData	eat	FoodProperties	098e2f2bdbde696b6a25169227efdbaf921bf5524f553120695e5cef1f59ef1f	port	world/food/FoodData.java:28	block-sim/src/main/java/ac/cult/blocksim/engine/SimPlayer.java	world/food/FoodData.java:28: FoodProperties nutrition and saturation are added directly, then food is clamped to 0-20 and saturation to 0-food.
net.minecraft.world.food.FoodData	needsFood		f5bbf641ddf0da677216b41e7d8a61cd9bbc6df0991fc572dbd2746864886548	port	world/food/FoodData.java:96	block-sim/src/main/java/ac/cult/blocksim/engine/SimPlayer.java	world/food/FoodData.java:96: The client food gate uses foodLevel < 20; the separate canEat gate includes invulnerable and always-edible flags.
net.minecraft.world.food.FoodProperties	onConsume	Level,LivingEntity,ItemStack,Consumable	3853cca372d8e33616fbc375eb86a4173d58cf8730b9f3d15e27cfe42a1d6541	port	world/food/FoodProperties.java:39	block-sim/src/main/java/ac/cult/blocksim/behavior/ConsumableBehavior.java	world/food/FoodProperties.java:39: The player food listener adds nutrition and saturation locally. Sounds and their random draws have no action-result fields; plant randomness is already represented by its declared source value set.
net.minecraft.world.item.AdventureModePredicate	areSameBlocks	BlockInWorld,BlockInWorld,boolean	8ff69353afed046e1d79fefb36b735c1265bc060e74f70723020eed5798826d7	excluded-client-bug	world/item/AdventureModePredicate.java:47		Adventure predicate history caches stale block-entity matches; evaluate fresh compensated state. AdventureModePredicate.java:47,79 sets checksBlockEntity only on success and retains mutable entity references.
net.minecraft.world.item.AdventureModePredicate	test	BlockInWorld	b6c83a800cdf9be167fb645b454ead5f7339df844fd592a3a72cac22c3e5efb9	port	world/item/AdventureModePredicate.java:78	block-sim/src/main/java/ac/cult/blocksim/interaction/AdventurePredicates.java	
net.minecraft.world.item.ArmorStandItem	useOn	UseOnContext	ed9eb50a22b805f34dadec7d8fe6b4857b0f1ef8e6f0ac947df2dfe4a0e7b116	port	world/item/ArmorStandItem.java:27	block-sim/src/main/java/ac/cult/blocksim/behavior/EntityItemBehavior.java	world/item/ArmorStandItem.java:27: client branch reviewed against SHA-256 pinned 26.3 client; retained local interaction, consumption and using-item effects; server entity/saved-map mutations are guarded.
net.minecraft.world.item.BlockItem	useOn	UseOnContext	246a0da3bb0bad2ea4afce861408811b9500563617199e8c586c5cc725359de7	port	world/item/BlockItem.java:41	block-sim/src/main/java/ac/cult/blocksim/behavior/BlockItemBehavior.java	
net.minecraft.world.item.BlockItem	place	BlockPlaceContext	bd00c1de001290b0a394941c16437e1892fbf7563e5b7c638bd06a0ab91016aa	port	world/item/BlockItem.java:56	block-sim/src/main/java/ac/cult/blocksim/behavior/BlockItemBehavior.java	
net.minecraft.world.item.BlockItem	updatePlacementContext	BlockPlaceContext	f273bb25e9111b295d695ec4aafb4015e07d4897e850ecd010e568486fe3fe69	port	world/item/BlockItem.java:105	block-sim/src/main/java/ac/cult/blocksim/behavior/BlockItemBehavior.java	
net.minecraft.world.item.BlockItem	updateBlockEntityComponents	Level,BlockPos,ItemStack	ac3f9822e9acab0c8a77b7d040c1ccb32a1468bbfb385731e891b68843ecc78a	port	world/item/BlockItem.java:109	block-sim/src/main/java/ac/cult/blocksim/entity/BlockEntityComponentApplication.java	
net.minecraft.world.item.BlockItem	getPlacementState	BlockPlaceContext	0bebedf4b7ebfd2985cb3a886d6b521c504bfdbf5dbc495db3aa932c462e6054	port	world/item/BlockItem.java:117	block-sim/src/main/java/ac/cult/blocksim/behavior/BlockItemBehavior.java	
net.minecraft.world.item.BlockItem	updateBlockStateFromTag	BlockPos,Level,ItemStack,BlockState	a750d8f0545375ade0d9122926e9cdba0a7a8837664ca1e8331a16388559243c	port	world/item/BlockItem.java:122	block-sim/src/main/java/ac/cult/blocksim/behavior/BlockItemBehavior.java	
net.minecraft.world.item.BlockItem	canPlace	BlockPlaceContext,BlockState	b29020a96e235e23dfe1adc906197f6c274c9127b713b9907fca821442458b10	port	world/item/BlockItem.java:136	block-sim/src/main/java/ac/cult/blocksim/behavior/BlockItemBehavior.java	
net.minecraft.world.item.BlockItem	mustSurvive		431ca6d2bfbc684210415c1210d58f91e7ad98a300ef06eac2f35066edafa4f9	port	world/item/BlockItem.java:142	block-sim/src/main/java/ac/cult/blocksim/behavior/BlockItemBehavior.java	
net.minecraft.world.item.BlockItem	placeBlock	BlockPlaceContext,BlockState	678899edeceed233535936ca9fdeba7a78a9704c3a68d5da6e1a6f78ef983cf7	port	world/item/BlockItem.java:146	block-sim/src/main/java/ac/cult/blocksim/behavior/BlockItemBehavior.java	
net.minecraft.world.item.BoatItem	use	Level,Player,InteractionHand	a34c40a8045562b8bb877a8608ae7a8e12c772ffe2dd552e610d1ae041e2321d	port	world/item/BoatItem.java:31	block-sim/src/main/java/ac/cult/blocksim/behavior/BoatItemBehavior.java	Pinned client placement/clock branch; received metadata and immutable generated facts.
net.minecraft.world.item.BoatItem	getBoat	Level,HitResult,ItemStack,Player	16bd831478d0b0f802f6b0f04bdaa0fcee50a68266c1cd4a0d5ee8ebd315dd75	port	world/item/BoatItem.java:77	block-sim/src/main/java/ac/cult/blocksim/behavior/BoatItemBehavior.java	Pinned client placement/clock branch; received metadata and immutable generated facts.
net.minecraft.world.item.BoneMealItem	useOn	UseOnContext	22197769e0a74ec1da7d5f58e1ba06e0961e097f4d17b0a9b6b5977a65721bf5	port	world/item/BoneMealItem.java:35	block-sim/src/main/java/ac/cult/blocksim/behavior/BoneMealItemBehavior.java	Client success depends on isValidBonemealTarget or a full water block beyond a sturdy face; growth and consumption require ServerLevel.
net.minecraft.world.item.BoneMealItem	growCrop	ItemStack,Level,BlockPos	4e9225acd748289d9715c0cc1ce136723e83de3bc0b1d224e94fe73d913c806b	port	world/item/BoneMealItem.java:65	block-sim/src/main/java/ac/cult/blocksim/behavior/BoneMealItemBehavior.java	Pinned BoneMealItem.growCrop returns its target/water predicate on the client; growth, particles requiring ServerLevel, and stack shrinking are server branches.
net.minecraft.world.item.BoneMealItem	growWaterPlant	ItemStack,Level,BlockPos,Direction	6b5008540d47cfcda244234c92d803d64a05d6771c3b3513c122c62aea31580c	port	world/item/BoneMealItem.java:82	block-sim/src/main/java/ac/cult/blocksim/behavior/BoneMealItemBehavior.java	Pinned BoneMealItem.growWaterPlant returns its target/water predicate on the client; growth, particles requiring ServerLevel, and stack shrinking are server branches.
net.minecraft.world.item.BottleItem	use	Level,Player,InteractionHand	8b8780327e9250944fa35fa7d804edb5b65634dd2b1ab2d26f7dfd75780bffc1	port	world/item/BottleItem.java:29	block-sim/src/main/java/ac/cult/blocksim/behavior/BottleItemBehavior.java	world/item/BottleItem.java:29: SOURCE_ONLY water-tag pickup and filled-inventory transformation; Level.mayInteract always true on client. Pinned AreaEffectCloud has no synced owner field and inherits Entity.recreateFromPacket (transform/id/UUID/velocity only), so dragon-owner predicate cannot pass in a received client world.
net.minecraft.world.item.BowItem	getUseDuration	ItemStack,LivingEntity	59b3e96e42361607b9f6cd3f161c70544725f289511ce016f638e395728ed992	port	world/item/BowItem.java:84	block-sim/src/main/java/ac/cult/blocksim/behavior/ProjectileWeaponBehavior.java	Player.getProjectile uses received arrow tags, held crossbow fireworks and creative default ammunition; local use lasts 72000 ticks. Crossbow.performShooting mutates charged_projectiles only under ServerLevel.
net.minecraft.world.item.BowItem	use	Level,Player,InteractionHand	90e53ed00f7b3e3cb295accc7e35cfb0d16346398fd9f1e14cd35a5d14deffea	port	world/item/BowItem.java:94	block-sim/src/main/java/ac/cult/blocksim/behavior/ProjectileWeaponBehavior.java	Player.getProjectile uses received arrow tags, held crossbow fireworks and creative default ammunition; local use lasts 72000 ticks. Crossbow.performShooting mutates charged_projectiles only under ServerLevel.
net.minecraft.world.item.BowItem	getAllSupportedProjectiles		d1edc41057d33ff2c257b8d6eef7e39028de07d7180fdc1912c4bb490864cc41	port	world/item/BowItem.java:106	block-sim/src/main/java/ac/cult/blocksim/behavior/ProjectileWeaponBehavior.java	Pinned Player.getProjectile and weapon predicates use received arrow tags, held-only crossbow fireworks, compensated inventory slots and creative fallback. The use branch needs only projectile availability.
net.minecraft.world.item.BrushItem	useOn	UseOnContext	c78c90513fa70d3973d26d19c6d15489055d704f2f1ed74507939a85232d362d	port	world/item/BrushItem.java:38	block-sim/src/main/java/ac/cult/blocksim/behavior/BrushItemBehavior.java	BrushItem.useOn/calculateHitResult: collision view ray includes border and zero-margin pickable entities; starts local use for 200 ticks only on BLOCK, always CONSUME.
net.minecraft.world.item.BrushItem	getUseDuration	ItemStack,LivingEntity	3de1e9b95ed79c4219f481d90867eaed75d3bb835d8118a034125b37835f2b08	port	world/item/BrushItem.java:53	block-sim/src/main/java/ac/cult/blocksim/behavior/BrushItemBehavior.java	BrushItem.getUseDuration returns 200 for both hands.
net.minecraft.world.item.BrushItem	calculateHitResult	Player	41901160618ba2ee2f47e655f6af453f245d8a36df5254108e69e10a46aabefc	port	world/item/BrushItem.java:99	block-sim/src/main/java/ac/cult/blocksim/engine/BlockRaycast.java	Pinned brush view query clips COLLIDER shapes with Fluid.NONE and the border, then tests pickable entities to the clipped endpoint with margin zero. Movement-vector projectile queries do not run during item use.
net.minecraft.world.item.BrushItem$DustParticlesDelta	fromDirection	Vec3,Direction	c4e9969bd79502c3764a4aec6709db2395690e72b9e2eb2adfd2c0463b3a3846	no-client-world-effect	world/item/BrushItem.java:131		BrushItem.spawnDustParticles uses these deltas only for rendering particles; no state, item, cooldown, food or use mutation.
net.minecraft.world.item.BucketItem	use	Level,Player,InteractionHand	87fb67ce41df573ee4b2aaef84fc13b3ba3da0da5d4debdec6c9bbfeb85ae423	port	world/item/BucketItem.java:44	block-sim/src/main/java/ac/cult/blocksim/behavior/BucketItemBehavior.java	
net.minecraft.world.item.BucketItem	getFluidContext		ddb5e2bcfc6b164756bf5e7e2dde87886ac2449131c3108c6a8fd2eddedb4f29	port	world/item/BucketItem.java:97	block-sim/src/main/java/ac/cult/blocksim/behavior/BucketItemBehavior.java	world/item/BucketItem.java:97: Empty ordinary bucket uses SOURCE_ONLY; filled ordinary buckets use NONE, selected from the generated content binding.
net.minecraft.world.item.BucketItem	getEmptySuccessItem	ItemStack,Player	3b38c0d56a153bef0c3e15e8d1582b7393475bc76bcf6d84ee39f3299e49a7d2	port	world/item/BucketItem.java:101	block-sim/src/main/java/ac/cult/blocksim/behavior/BucketItemBehavior.java	
net.minecraft.world.item.BucketItem	emptyContents	LivingEntity,Level,BlockPos,BlockHitResult	7782763bfc86a04f501cabaf31e83d57dad1cb44142e4c3cf216d38baddd3858	port	world/item/BucketItem.java:109	block-sim/src/main/java/ac/cult/blocksim/behavior/BucketItemBehavior.java	
net.minecraft.world.item.BundleItem	use	Level,Player,InteractionHand	ce44748f207cb5542d794eec494bda9ff3311547abaa6b22595bce7975a6d3a2	port	world/item/BundleItem.java:140	block-sim/src/main/java/ac/cult/blocksim/behavior/SimpleUseItemBehavior.java	Client branch preserves its result, local use duration and immediate stack consumption. Entity spawning, fishing retrieval, recipes and map creation require ServerLevel; sound/stat/UI calls have no prediction fields.
net.minecraft.world.item.BundleItem	getUseDuration	ItemStack,LivingEntity	3de1e9b95ed79c4219f481d90867eaed75d3bb835d8118a034125b37835f2b08	port	world/item/BundleItem.java:231	block-sim/src/main/java/ac/cult/blocksim/behavior/SimpleUseItemBehavior.java	Client branch preserves its result, local use duration and immediate stack consumption. Entity spawning, fishing retrieval, recipes and map creation require ServerLevel; sound/stat/UI calls have no prediction fields.
net.minecraft.world.item.CompassItem	useOn	UseOnContext	7e33af6747e13f131a2e28bc9180f9c7845db15ddb258df7d671188740d06be2	port	world/item/CompassItem.java:45	block-sim/src/main/java/ac/cult/blocksim/behavior/CompassItemBehavior.java	
net.minecraft.world.item.CrossbowItem	getSupportedHeldProjectiles		d91483ce25ccd87c250d658a4b2e4a91c42094556dfaf1ff7a06d9abc910544c	port	world/item/CrossbowItem.java:54	block-sim/src/main/java/ac/cult/blocksim/behavior/ProjectileWeaponBehavior.java	Pinned Player.getProjectile and weapon predicates use received arrow tags, held-only crossbow fireworks, compensated inventory slots and creative fallback. The use branch needs only projectile availability.
net.minecraft.world.item.CrossbowItem	getAllSupportedProjectiles		d1edc41057d33ff2c257b8d6eef7e39028de07d7180fdc1912c4bb490864cc41	port	world/item/CrossbowItem.java:59	block-sim/src/main/java/ac/cult/blocksim/behavior/ProjectileWeaponBehavior.java	Pinned Player.getProjectile and weapon predicates use received arrow tags, held-only crossbow fireworks, compensated inventory slots and creative fallback. The use branch needs only projectile availability.
net.minecraft.world.item.CrossbowItem	use	Level,Player,InteractionHand	c781fca8b0e6c32fdedb134ae5637ac2d6a6e993f4c6f95bacef3406432ae856	port	world/item/CrossbowItem.java:64	block-sim/src/main/java/ac/cult/blocksim/behavior/ProjectileWeaponBehavior.java	Player.getProjectile uses received arrow tags, held crossbow fireworks and creative default ammunition; local use lasts 72000 ticks. Crossbow.performShooting mutates charged_projectiles only under ServerLevel.
net.minecraft.world.item.CrossbowItem	getUseDuration	ItemStack,LivingEntity	59b3e96e42361607b9f6cd3f161c70544725f289511ce016f638e395728ed992	port	world/item/CrossbowItem.java:241	block-sim/src/main/java/ac/cult/blocksim/behavior/ProjectileWeaponBehavior.java	Player.getProjectile uses received arrow tags, held crossbow fireworks and creative default ammunition; local use lasts 72000 ticks. Crossbow.performShooting mutates charged_projectiles only under ServerLevel.
net.minecraft.world.item.CushionItem	useOn	UseOnContext	9a891888731f84c9e5eff19b784bf679aa8a888a23ccc8cf1f1018a0b7374455	port	world/item/CushionItem.java:32	block-sim/src/main/java/ac/cult/blocksim/behavior/CushionItemBehavior.java	Pinned client placement/clock branch; received metadata and immutable generated facts.
net.minecraft.world.item.CushionItem	recalculateContextForSpecialCollisionShapes	UseOnContext	536ff0923dbfad539ad355a891d87292574e998aed7c455a6587fbb2cda0f3af	port	world/item/CushionItem.java:72	block-sim/src/main/java/ac/cult/blocksim/behavior/CushionItemBehavior.java	Pinned client placement/clock branch; received metadata and immutable generated facts.
net.minecraft.world.item.DebugStickItem	canDestroyBlock	ItemStack,BlockState,Level,BlockPos,LivingEntity	99fde5557ded3513c192bde30e97d94d1cfef76f042aa31dbb2df0c3b54ae4b9	port	world/item/DebugStickItem.java:28	block-sim/src/main/java/ac/cult/blocksim/behavior/DebugStickItemBehavior.java	
net.minecraft.world.item.DebugStickItem	useOn	UseOnContext	d50e5b8bf08555165f18ca87b75c838ab40a6da289e0388b8250b9ceb7bc478a	port	world/item/DebugStickItem.java:37	block-sim/src/main/java/ac/cult/blocksim/behavior/DebugStickItemBehavior.java	
net.minecraft.world.item.DoubleHighBlockItem	placeBlock	BlockPlaceContext,BlockState	e08a08597146119116cd392d0b32613c755797f76e3f0781226a7ffa56379694	port	world/item/DoubleHighBlockItem.java:15	block-sim/src/main/java/ac/cult/blocksim/behavior/BlockItemBehavior.java	
net.minecraft.world.item.EggItem	use	Level,Player,InteractionHand	696d889858416b583d469f8c516c236899a275c8506e1bda13130da623a65532	port	world/item/EggItem.java:23	block-sim/src/main/java/ac/cult/blocksim/behavior/SimpleUseItemBehavior.java	Client branch preserves its result, local use duration and immediate stack consumption. Entity spawning, fishing retrieval, recipes and map creation require ServerLevel; sound/stat/UI calls have no prediction fields.
net.minecraft.world.item.EmptyMapItem	use	Level,Player,InteractionHand	ec41131694f8738f78cf7b3c1e1611a4521eaebf36d7a4a1ff95489f3a6c965d	port	world/item/EmptyMapItem.java:17	block-sim/src/main/java/ac/cult/blocksim/behavior/SimpleUseItemBehavior.java	Client branch preserves its result, local use duration and immediate stack consumption. Entity spawning, fishing retrieval, recipes and map creation require ServerLevel; sound/stat/UI calls have no prediction fields.
net.minecraft.world.item.EndCrystalItem	useOn	UseOnContext	8f1b45753606e43db197c4b689601732b22aab11469c876a6d327359d1542add	port	world/item/EndCrystalItem.java:22	block-sim/src/main/java/ac/cult/blocksim/behavior/EntityItemBehavior.java	world/item/EndCrystalItem.java:22: client branch reviewed against SHA-256 pinned 26.3 client; retained local interaction, consumption and using-item effects; server entity/saved-map mutations are guarded.
net.minecraft.world.item.EnderEyeItem	useOn	UseOnContext	050cadb1bd23c39b3aa888dc2173e9c8fec2f8f64ba52da0ffe577721f97c827	port	world/item/EnderEyeItem.java:36	block-sim/src/main/java/ac/cult/blocksim/behavior/ContextualItemBehavior.java	world/item/EnderEyeItem.java:36: client branch reviewed against SHA-256 pinned 26.3 client; retained local interaction, consumption and using-item effects; server entity/saved-map mutations are guarded.
net.minecraft.world.item.EnderEyeItem	getUseDuration	ItemStack,LivingEntity	b780a8afeee975b9ec4d9a45ef239847b375c995b690d286c5f983b37dc171e1	port	world/item/EnderEyeItem.java:73	block-sim/src/main/java/ac/cult/blocksim/behavior/ContextualItemBehavior.java	world/item/EnderEyeItem.java:73: client branch reviewed against SHA-256 pinned 26.3 client; retained local interaction, consumption and using-item effects; server entity/saved-map mutations are guarded.
net.minecraft.world.item.EnderEyeItem	use	Level,Player,InteractionHand	f9d5125b2bbe5a76864b397f9e5a70126c2969766b0217b23702d7c1d36509d3	port	world/item/EnderEyeItem.java:78	block-sim/src/main/java/ac/cult/blocksim/behavior/ContextualItemBehavior.java	world/item/EnderEyeItem.java:78: client branch reviewed against SHA-256 pinned 26.3 client; retained local interaction, consumption and using-item effects; server entity/saved-map mutations are guarded.
net.minecraft.world.item.EnderpearlItem	use	Level,Player,InteractionHand	128bb5da0b565b686503bf84c892fb71666e3fbff61760f84d08203e7501e17b	port	world/item/EnderpearlItem.java:21	block-sim/src/main/java/ac/cult/blocksim/behavior/SimpleUseItemBehavior.java	Client branch preserves its result, local use duration and immediate stack consumption. Entity spawning, fishing retrieval, recipes and map creation require ServerLevel; sound/stat/UI calls have no prediction fields.
net.minecraft.world.item.ExperienceBottleItem	use	Level,Player,InteractionHand	6e48d6edd7fb83cd192894bb3c87867f3577d87cb58be46ee4c1d5ce6b7df359	port	world/item/ExperienceBottleItem.java:21	block-sim/src/main/java/ac/cult/blocksim/behavior/SimpleUseItemBehavior.java	Client branch preserves its result, local use duration and immediate stack consumption. Entity spawning, fishing retrieval, recipes and map creation require ServerLevel; sound/stat/UI calls have no prediction fields.
net.minecraft.world.item.FireChargeItem	useOn	UseOnContext	7d75348a677a4ee55b7405366297493a4fe7ce75bc4579f071c201f0fe9a587f	port	world/item/FireChargeItem.java:29	block-sim/src/main/java/ac/cult/blocksim/behavior/BlockUseItemBehavior.java	
net.minecraft.world.item.FireworkRocketItem	useOn	UseOnContext	4555f35789adf41b4e1469511d08e6b475faea844dbadccc569bef043f96347e	port	world/item/FireworkRocketItem.java:27	block-sim/src/main/java/ac/cult/blocksim/behavior/ContextualItemBehavior.java	world/item/FireworkRocketItem.java:27: client branch reviewed against SHA-256 pinned 26.3 client; retained local interaction, consumption and using-item effects; server entity/saved-map mutations are guarded.
net.minecraft.world.item.FireworkRocketItem	use	Level,Player,InteractionHand	7d0f3041c30f41a16e80f306b4eb433e028ba138e0da9473824e90bf9083e497	port	world/item/FireworkRocketItem.java:57	block-sim/src/main/java/ac/cult/blocksim/behavior/ContextualItemBehavior.java	world/item/FireworkRocketItem.java:57: client branch reviewed against SHA-256 pinned 26.3 client; retained local interaction, consumption and using-item effects; server entity/saved-map mutations are guarded.
net.minecraft.world.item.FishingRodItem	use	Level,Player,InteractionHand	34b1a4342849254526db0bad936f0038760b0ec41c7be75bba4f5ea483b39c5e	port	world/item/FishingRodItem.java:21	block-sim/src/main/java/ac/cult/blocksim/behavior/SimpleUseItemBehavior.java	Client branch preserves its result, local use duration and immediate stack consumption. Entity spawning, fishing retrieval, recipes and map creation require ServerLevel; sound/stat/UI calls have no prediction fields.
net.minecraft.world.item.FlintAndSteelItem	useOn	UseOnContext	4f2747f365e6deafa53002b22d54788f256fe3d4de1e28b05c79e357eb611b92	port	world/item/FlintAndSteelItem.java:25	block-sim/src/main/java/ac/cult/blocksim/behavior/BlockUseItemBehavior.java	
net.minecraft.world.item.FoodOnAStickItem	use	Level,Player,InteractionHand	0c36abffeca563c4a54c15d7ede7f07903be188b6c2cb17049178546f6e4f788	port	world/item/FoodOnAStickItem.java:23	block-sim/src/main/java/ac/cult/blocksim/behavior/SimpleUseItemBehavior.java	Client branch preserves its result, local use duration and immediate stack consumption. Entity spawning, fishing retrieval, recipes and map creation require ServerLevel; sound/stat/UI calls have no prediction fields.
net.minecraft.world.item.GameMasterBlockItem	getPlacementState	BlockPlaceContext	1cd8ec9d4805ab1f200789d618712dec5665515d7a744052921767d3c9866c88	port	world/item/GameMasterBlockItem.java:14	block-sim/src/main/java/ac/cult/blocksim/behavior/BlockItemBehavior.java	
net.minecraft.world.item.HangingEntityItem	useOn	UseOnContext	70de90f106b6478a7510ed561007b461aad4d273d2a70319f06c67a3729c54d6	port	world/item/HangingEntityItem.java:34	block-sim/src/main/java/ac/cult/blocksim/behavior/HangingItemBehavior.java	Pinned new client entity: support/pop geometry, border and coexistence; received painting dimensions. Painting.create selects an already surviving variant, then a supplied component overrides it. Native matrix430180 and border100000 cases agree.
net.minecraft.world.item.HangingEntityItem	mayPlace	Player,Direction,ItemStack,BlockPos	7a3c93ee82c1a981b1f6e7d2d0db5f1a97d55c8b6333147009b2bc7117d64f97	port	world/item/HangingEntityItem.java:79	block-sim/src/main/java/ac/cult/blocksim/behavior/HangingItemBehavior.java	Pinned new client entity: support/pop geometry, border and coexistence; received painting dimensions. Painting.create selects an already surviving variant, then a supplied component overrides it. Native matrix430180 and border100000 cases agree.
net.minecraft.world.item.HangingSignItem	canPlace	LevelReader,BlockState,BlockPos	285c3970b84fcaa577c0250e4eb3d9587df4508b67ed458e79e231819a519661	port	world/item/HangingSignItem.java:15	block-sim/src/main/java/ac/cult/blocksim/behavior/BlockItemBehavior.java	
net.minecraft.world.item.HoneycombItem	useOn	UseOnContext	3e4899d47d1aac3c9d6a5839a8e57b4a4574844947166c7a4af85ec6a710f835	port	world/item/HoneycombItem.java:68	block-sim/src/main/java/ac/cult/blocksim/behavior/BlockUseItemBehavior.java	
net.minecraft.world.item.HoneycombItem	getWaxed	BlockState	3ba65d334b53a66955b5e8e93af1604141982be0900e6119c114d72956aa0ad7	port	world/item/HoneycombItem.java:96	block-sim/src/main/java/ac/cult/blocksim/behavior/BlockUseItemBehavior.java	wax reads the generated WAXABLES target and copies shared state properties; an absent target passes without a mutation.
net.minecraft.world.item.InstrumentItem	create	Item,Holder<Instrument>	73f9821c21c7f1c0da36bd320778836f01e5ae5fc8e4b44375d70e48b557f9d3	no-client-world-effect	world/item/InstrumentItem.java:24		world/item/InstrumentItem.java:24: CreativeModeTabs.generateInstrumentTypes (CreativeModeTabs.java:1736) creates catalog stacks with INSTRUMENT. Action stacks arrive with the received component; this catalog factory is not invoked by InstrumentItem.use.
net.minecraft.world.item.InstrumentItem	use	Level,Player,InteractionHand	b2f8f1bed7d60a69d68638627b5f8a46e256171f1ba9b3978e19fe49c98cbddd	port	world/item/InstrumentItem.java:30	block-sim/src/main/java/ac/cult/blocksim/behavior/InstrumentItemBehavior.java	InstrumentItem reads the received instrument holder, starts local use for floor(use_duration*20), adds its cooldown directly. ItemStack.hurtAndBreak is guarded by ServerLevel.
net.minecraft.world.item.InstrumentItem	getUseDuration	ItemStack,LivingEntity	03706bc792f73e557315f27f8ef79408633c24026e33d46d844b315a5525d199	port	world/item/InstrumentItem.java:55	block-sim/src/main/java/ac/cult/blocksim/behavior/InstrumentItemBehavior.java	InstrumentItem reads the received instrument holder, starts local use for floor(use_duration*20), adds its cooldown directly. ItemStack.hurtAndBreak is guarded by ServerLevel.
net.minecraft.world.item.Instruments	create	String	1816468fd02af7cf893365dd312569ab352b3807444d3321ab7ca4c157495e87	port	world/item/Instruments.java:27	block-sim/src/main/java/ac/cult/blocksim/data/DataTables.java	world/item/Instruments.java:27: Read-only minecraft-namespace key factory for instrument. Generated bindings and received named values retain these keys; no runtime native ResourceKey construction is needed.
net.minecraft.world.item.Item	canDestroyBlock	ItemStack,BlockState,Level,BlockPos,LivingEntity	9c9193efcabb44f3cd6fb59b24fe5f26c5afe7ac29339dcc6e41cc41483e89d9	port	world/item/Item.java:184	block-sim/src/main/java/ac/cult/blocksim/behavior/ItemBehavior.java	
net.minecraft.world.item.Item	useOn	UseOnContext	b9c10d66726b5d957f223f49d52792eb53e7211e26738ed13a1f60692d154635	port	world/item/Item.java:194	block-sim/src/main/java/ac/cult/blocksim/behavior/GeneralItemBehavior.java	
net.minecraft.world.item.Item	getDestroySpeed	ItemStack,BlockState	bf4061fde9d656ddb5ced1e3c222107ca708f1d5b3355a3e8001ba61b3c27ae6	port	world/item/Item.java:200	block-sim/src/main/java/ac/cult/blocksim/interaction/MiningSpeed.java	
net.minecraft.world.item.Item	use	Level,Player,InteractionHand	4bcdd0a78bc5712b17cd0b33a1ae496abfb34fd7b8ee0242126f7a09d2131902	port	world/item/Item.java:205	block-sim/src/main/java/ac/cult/blocksim/behavior/GeneralItemBehavior.java	
net.minecraft.world.item.Item	isCorrectToolForDrops	ItemStack,BlockState	98de76392dfa48ee04c96ffe361eb4eb84acd53a08e4b72e8a2caf2b2845d81f	port	world/item/Item.java:287	block-sim/src/main/java/ac/cult/blocksim/interaction/MiningSpeed.java	
net.minecraft.world.item.Item	getUseDuration	ItemStack,LivingEntity	e2f7af92f41e2c749000adfd920b0114c7debe57c00e4bde188416ffb7d4c6b0	port	world/item/Item.java:326	block-sim/src/main/java/ac/cult/blocksim/behavior/ItemBehavior.java	
net.minecraft.world.item.Item	getPlayerPOVHitResult	Level,Player,ClipContext.Fluid	5b56c0986396a8e943ae6f70aea3f10a045da632c50c614d3a62f327d2e9cb01	port	world/item/Item.java:366	block-sim/src/main/java/ac/cult/blocksim/engine/BlockRaycast.java	world/item/Item.java:366: Compensated eye position, received range and the float view-vector operations feed OUTLINE and the caller-selected fluid mode.
net.minecraft.world.item.ItemCooldowns	isOnCooldown	ItemStack	ef117ee47aabb6c1eb9cdbce0299c873671421513cf61829cf2c6651479e2574	port	world/item/ItemCooldowns.java:17	block-sim/src/main/java/ac/cult/blocksim/engine/SimCooldowns.java	
net.minecraft.world.item.ItemCooldowns	getCooldownPercent	ItemStack,float	0da97e97ecd2d4cff7c29a2a88d1f5189b8966f21816a3ffc9ccb8a528659ac2	port	world/item/ItemCooldowns.java:21	block-sim/src/main/java/ac/cult/blocksim/engine/SimCooldowns.java	
net.minecraft.world.item.ItemCooldowns	tick		af5e7dbd587c9d7457ab417e7e2220c3d0918bedef3e6dd579c6ce00399fb0c5	port	world/item/ItemCooldowns.java:33	block-sim/src/main/java/ac/cult/blocksim/engine/SimCooldowns.java	
net.minecraft.world.item.ItemCooldowns	getCooldownGroup	ItemStack	2334c92ef77579648e21076e112890df933c7eb6a9b824942412b6633b18678f	port	world/item/ItemCooldowns.java:48	block-sim/src/main/java/ac/cult/blocksim/engine/SimCooldowns.java	
net.minecraft.world.item.ItemCooldowns	addCooldown	ItemStack,int	c46168e010a2602a6205ce80603811653920d8367a2dceedd191cd8337243d78	port	world/item/ItemCooldowns.java:54	block-sim/src/main/java/ac/cult/blocksim/engine/SimCooldowns.java	
net.minecraft.world.item.ItemCooldowns	addCooldown	Identifier,int	fdd3ed42e8835d12bd49d0f6807da4d8e37d8470c6989c2b33b1c2d612e6ba4e	port	world/item/ItemCooldowns.java:58	block-sim/src/main/java/ac/cult/blocksim/engine/SimCooldowns.java	
net.minecraft.world.item.ItemCooldowns	removeCooldown	Identifier	71e2a19d588879bd5aff845a6611ced09cd98aebd3126ab44aea437bdb0a0699	port	world/item/ItemCooldowns.java:63	block-sim/src/main/java/ac/cult/blocksim/engine/SimCooldowns.java	
net.minecraft.world.item.ItemFrameItem	mayPlace	Player,Direction,ItemStack,BlockPos	83b3632b58394f922593841a2457e40c188b2829d0a71b079da6ac2e007437de	port	world/item/ItemFrameItem.java:14	block-sim/src/main/java/ac/cult/blocksim/behavior/HangingItemBehavior.java	Pinned new client entity: support/pop geometry, border and coexistence; received painting dimensions. Painting.create selects an already surviving variant, then a supplied component overrides it. Native matrix430180 and border100000 cases agree.
net.minecraft.world.item.ItemInstance	getMaxStackSize		4507919558d80299c6809e126cd4c4b0757517b27e7ba75008e701c17b24278d	port	world/item/ItemInstance.java:14	block-sim/src/main/java/ac/cult/blocksim/engine/SimItemStack.java	
net.minecraft.world.item.ItemStack	validateStrict	ItemStack	5aff86eea9f62a3daf813b3229b6a0aaca394eb9e7d3f5cccf07cc0ed8c7bc1a	port	world/item/ItemStack.java:161	block-sim/src/main/java/ac/cult/blocksim/data/ItemTemplates.java	
net.minecraft.world.item.ItemStack	getComponents		0928ac8ae08e1df247fd4231220d1d6c9c472646595f84e70b0f5bda1c13e95f	port	world/item/ItemStack.java:221	block-sim/src/main/java/ac/cult/blocksim/engine/SimItemStack.java	
net.minecraft.world.item.ItemStack	getPrototype		05cf157954da92082fae391e3cac1bd5c7851853555195fad8536364ed2d8348	port	world/item/ItemStack.java:226	block-sim/src/main/java/ac/cult/blocksim/engine/SimItemStack.java	
net.minecraft.world.item.ItemStack	getComponentsPatch		58120f336587839d7de0fd850767e06f4cefc8dec90e066ed13f72992b03db47	port	world/item/ItemStack.java:230	block-sim/src/main/java/ac/cult/blocksim/engine/SimItemStack.java	
net.minecraft.world.item.ItemStack	validateComponents	DataComponentMap	bc6ce2fe8de728f557e746c0832c33f10839376e2ef2ff87e685d4c220aac581	port	world/item/ItemStack.java:273	block-sim/src/main/java/ac/cult/blocksim/data/ItemTemplates.java	
net.minecraft.world.item.ItemStack	validateContainedItemSizes	Iterable<? extends ItemInstance>	18e5f7eb9367efd889e2cd9a4496645ee726f701600b285c8b0f05b870fbabbf	port	world/item/ItemStack.java:310	block-sim/src/main/java/ac/cult/blocksim/data/ItemTemplates.java	
net.minecraft.world.item.ItemStack	isEmpty		c40ed31bdeaafb84bb7fc69ccd1a10f9c03318c2ad963037527dd489c6ec7f90	port	world/item/ItemStack.java:322	block-sim/src/main/java/ac/cult/blocksim/engine/SimItemStack.java	
net.minecraft.world.item.ItemStack	copyAndClear		a4cd796353daae5f9f3ea86cf10d84a050b4836527cc9029ef9f8896ac76a00e	port	world/item/ItemStack.java:337	block-sim/src/main/java/ac/cult/blocksim/engine/SimItemStack.java	
net.minecraft.world.item.ItemStack	getItem		f3f6e475d427da81ccab3637cbe1a610763a578021ae62764d69a05169854e8a	port	world/item/ItemStack.java:347	block-sim/src/main/java/ac/cult/blocksim/behavior/ItemBehaviorRegistry.java	
net.minecraft.world.item.ItemStack	typeHolder		caf73d26061e70618488f63e3fcba6986bc9153dec2a954517abea82f4ec396f	port	world/item/ItemStack.java:351	block-sim/src/main/java/ac/cult/blocksim/behavior/ItemBehaviorRegistry.java	
net.minecraft.world.item.ItemStack	useOn	UseOnContext	45d35c2fefbf07155d90458ccc2fcc0f5cd3511f391df22ae18d5d131d05034c	port	world/item/ItemStack.java:360	block-sim/src/main/java/ac/cult/blocksim/interaction/ItemStackActions.java	
net.minecraft.world.item.ItemStack	getDestroySpeed	BlockState	ff12954a13a0a3fcf1716fcf8302ccebde562368d40c223fe1ba71898dafa5e4	port	world/item/ItemStack.java:380	block-sim/src/main/java/ac/cult/blocksim/interaction/MiningSpeed.java	
net.minecraft.world.item.ItemStack	use	Level,Player,InteractionHand	28456f32ea32eadf0068b7df6fa25454aa73a8e4c5717d4c62450d5db9aba616	port	world/item/ItemStack.java:384	block-sim/src/main/java/ac/cult/blocksim/interaction/ItemStackActions.java	
net.minecraft.world.item.ItemStack	applyAfterUseComponentSideEffects	LivingEntity,ItemStack	728b48b9d8f25f32165214e1716f74c09b0d93d1fc92d70eb457b346eb929f4c	port	world/item/ItemStack.java:403	block-sim/src/main/java/ac/cult/blocksim/interaction/ItemStackActions.java	
net.minecraft.world.item.ItemStack	isStackable		4d47b0677b1005962993084a2c74876ab140cc7051ebe3cf0f2f28a1373d4904	port	world/item/ItemStack.java:419	block-sim/src/main/java/ac/cult/blocksim/engine/SimItemStack.java	
net.minecraft.world.item.ItemStack	isDamageableItem		53dc08f5d68c89e2ac8258f11c4f134b09e4c2173d810a760af13301dde7f354	port	world/item/ItemStack.java:423	block-sim/src/main/java/ac/cult/blocksim/engine/SimItemStack.java	
net.minecraft.world.item.ItemStack	isDamaged		6b0d875f5e30163f4c5572d6ed64b63b8924b64f640d014196d40eae9536f35b	port	world/item/ItemStack.java:427	block-sim/src/main/java/ac/cult/blocksim/engine/SimItemStack.java	
net.minecraft.world.item.ItemStack	getDamageValue		d4f10deffc767a98f4b8f3f8d6e6ee5abeed89e5f5f97851af20ff3f2794fa8c	port	world/item/ItemStack.java:431	block-sim/src/main/java/ac/cult/blocksim/engine/SimItemStack.java	
net.minecraft.world.item.ItemStack	nextDamageWillBreak		5b96b3bb683a1820f2d0e399ee5dc7405ff54e29ba0c78b5d16d296c790c2bee	port	world/item/ItemStack.java:447	block-sim/src/main/java/ac/cult/blocksim/engine/SimItemStack.java	ItemStack.java:447 requires damageable components and clamped damage >= max_damage - 1; no creative exemption.
net.minecraft.world.item.ItemStack	isCorrectToolForDrops	BlockState	a05003f85604ea7813270a276aead913e4090c91f9f1a8b9587c78698dcb0a10	port	world/item/ItemStack.java:570	block-sim/src/main/java/ac/cult/blocksim/interaction/MiningSpeed.java	
net.minecraft.world.item.ItemStack	copyWithCount	int	1f0ea067a3ea2fc651dc22d6d4088f3064dc1e329249a79e7ddbab557a802516	port	world/item/ItemStack.java:596	block-sim/src/main/java/ac/cult/blocksim/engine/SimItemStack.java	
net.minecraft.world.item.ItemStack	isSameItemSameComponents	ItemStack,ItemStack	0132d7da6aecc4f1434d03fcaf119dd4deebbbb552188fb029f2f405fa0974f3	port	world/item/ItemStack.java:645	block-sim/src/main/java/ac/cult/blocksim/engine/SimItemStack.java	
net.minecraft.world.item.ItemStack	getUseDuration	LivingEntity	c71b3336571f8905ae00493f3613eab313f5de144c90330e4a74745a226d8a57	port	world/item/ItemStack.java:738	block-sim/src/main/java/ac/cult/blocksim/interaction/ItemStackActions.java	world/item/ItemStack.java:738: Dispatches the generated item ancestry before Item.use; duration <= 0 selects the immediate after-use component path.
net.minecraft.world.item.ItemStack	applyComponents	DataComponentPatch	d947e78c04b0393ce1cc26b87101174b2cef70134b25e6b724d640f4b993fd97	port	world/item/ItemStack.java:802	block-sim/src/main/java/ac/cult/blocksim/engine/SimItemStack.java	ItemStack.java:802-809: patch additions/removals or map entries merge into the current component map. Required creation/mutation paths compose ComponentPatch.apply/ItemRegistry.stack and SimItemStack set/removeComponent; prototype and opaque values remain captured. No unused bulk API added.
net.minecraft.world.item.ItemStack	applyComponents	DataComponentMap	c17060119e3386d9a7fea817b197cbc7c502a999593d9eb9e96289909756ae34	port	world/item/ItemStack.java:806	block-sim/src/main/java/ac/cult/blocksim/engine/SimItemStack.java	ItemStack.java:802-809: patch additions/removals or map entries merge into the current component map. Required creation/mutation paths compose ComponentPatch.apply/ItemRegistry.stack and SimItemStack set/removeComponent; prototype and opaque values remain captured. No unused bulk API added.
net.minecraft.world.item.ItemStack	canPlaceOnBlockInAdventureMode	BlockInWorld	729b868fb6679f05b22d5978a37c64c22096c2608f17bdb49e76a25c8bc1946f	port	world/item/ItemStack.java:1061	block-sim/src/main/java/ac/cult/blocksim/interaction/AdventurePredicates.java	world/item/ItemStack.java:1061: Missing CAN_PLACE_ON returns false; BlockInWorld predicates use exact state, received tags and full typed block-entity NBT.
net.minecraft.world.item.ItemStack	canBreakBlockInAdventureMode	BlockInWorld	12c1db0f3e8e7ee8913feda08d9991365ef0e9c92f0d4c9e4d1db18c93415d3e	port	world/item/ItemStack.java:1066	block-sim/src/main/java/ac/cult/blocksim/interaction/AdventurePredicates.java	world/item/ItemStack.java:1066: Missing CAN_BREAK returns false; BlockInWorld predicates use exact state, received tags and full typed block-entity NBT.
net.minecraft.world.item.ItemStack	getCount		78341f1f1f1744df121136de2c9f6af0045f049b3261398dcdbc1b6d4ae08908	port	world/item/ItemStack.java:1079	block-sim/src/main/java/ac/cult/blocksim/engine/SimItemStack.java	
net.minecraft.world.item.ItemStack	setCount	int	619da9546527ec626235b76fb80f12041bdf157ccee4c9ded83dcb8cdc263e21	port	world/item/ItemStack.java:1088	block-sim/src/main/java/ac/cult/blocksim/engine/SimItemStack.java	
net.minecraft.world.item.ItemStack	grow	int	b2493886b5630ae5d77cd940fe6cba70763d92150babd505e0fe069f37058c6a	port	world/item/ItemStack.java:1098	block-sim/src/main/java/ac/cult/blocksim/engine/SimItemStack.java	
net.minecraft.world.item.ItemStack	shrink	int	75d0f3526963d7749267a9e38cb4284193a5abafe6b105b261789ead982a5f37	port	world/item/ItemStack.java:1102	block-sim/src/main/java/ac/cult/blocksim/engine/SimItemStack.java	
net.minecraft.world.item.ItemStack	consume	int,LivingEntity	0f5a96fa4cd302c5d5ea7bc65e2ff6c92d74ebb993ee580cb62d0607e254326c	port	world/item/ItemStack.java:1106	block-sim/src/main/java/ac/cult/blocksim/engine/SimItemStack.java	
net.minecraft.world.item.ItemStack	canDestroyBlock	BlockState,Level,BlockPos,Player	03957cb39c2fafb87ac61a6d7e00b52ccfa9e1dc647f5e853effec9a4e81514f	port	world/item/ItemStack.java:1146	block-sim/src/main/java/ac/cult/blocksim/behavior/ItemBehaviorRegistry.java	
net.minecraft.world.item.ItemStackTemplate	create		3f00b9e251ad0e76f0a02b8169e2ac636a9403cb9b20d41590d243eb43b712b9	port	world/item/ItemStackTemplate.java:86	block-sim/src/main/java/ac/cult/blocksim/data/ItemTemplates.java	
net.minecraft.world.item.ItemUtils	createFilledResult	ItemStack,Player,ItemStack,boolean	81bbe15048f1aee6015bb5b1ca2a1f6c1b097bddc28166f166f7416931b51759	port	world/item/ItemUtils.java:17	block-sim/src/main/java/ac/cult/blocksim/interaction/ItemResults.java	
net.minecraft.world.item.ItemUtils	createFilledResult	ItemStack,Player,ItemStack	3508e6ba3f8ada1e5a79de5b7c17f647b056dce22a4eb5f248d8da967cf455ac	port	world/item/ItemUtils.java:41	block-sim/src/main/java/ac/cult/blocksim/interaction/ItemResults.java	
net.minecraft.world.item.JukeboxPlayable	tryInsertIntoJukebox	Level,BlockPos,ItemStack,Player	8ae87d7bf61d6908c089f58fc8997ba2352623be8226d6b480b54827566d2514	port	world/item/JukeboxPlayable.java:38	block-sim/src/main/java/ac/cult/blocksim/behavior/JukeboxBehavior.java	world/item/JukeboxPlayable.java:38: JUKEBOX_PLAYABLE plus an empty jukebox selects SUCCESS. Record insertion, consumption and HAS_RECORD updates are server-only.
net.minecraft.world.item.JukeboxSong	lengthInTicks		11782e9d5cc8b480b1be17d13e487b99e11c29589616f753f215b03854b3c347	port	world/item/JukeboxSong.java:46	common/src/main/java/ac/cult/cultac/utils/latency/CompensatedBlockEntities.java	
net.minecraft.world.item.JukeboxSong	hasFinished	long	1e88bc114be2fcb51791c13fc7ef01a492d854613b166a54e46f3e55f6174111	port	world/item/JukeboxSong.java:50	common/src/main/java/ac/cult/cultac/utils/latency/CompensatedBlockEntities.java	
net.minecraft.world.item.JukeboxSongPlayer	setSongWithoutPlaying	Holder<JukeboxSong>,long	aab3a885a3e44452fc700fc2e40b188cf5f6138eeaecaf71ef0061352e3e4af8	port	world/item/JukeboxSongPlayer.java:39	common/src/main/java/ac/cult/cultac/utils/latency/ClientJukeboxFields.java	JukeboxSongPlayer.java:39-44 and JukeboxSong.java:57-62: preserve the previous song when a supplied timer is finished; received song float length times20, ceil and20tick padding. Pure sparse packet projection, no sound or callback execution.
net.minecraft.world.item.JukeboxSongPlayer	stop	LevelAccessor,BlockState	63b28e21fb138bdb88051cf0aef7a8e187e218a2edf6e376db864f4ad1749530	port	world/item/JukeboxSongPlayer.java:54	block-sim/src/main/java/ac/cult/blocksim/engine/JukeboxPlayback.java	
net.minecraft.world.item.JukeboxSongPlayer	tick	LevelAccessor,BlockState	f28fb26a36c1dc53b8229bef1faef43f56c44029046565ff5e8bc08835c6242d	port	world/item/JukeboxSongPlayer.java:64	block-sim/src/main/java/ac/cult/blocksim/engine/JukeboxPlayback.java	world/item/JukeboxSongPlayer.java:64: Client timer tests song completion before increment, and stops by clearing playing/ticks state. Events and server-only music particles add no action writes.
net.minecraft.world.item.JukeboxSongs	create	String	1fc077098a24f56dc704f85a57387fcf379ac2735fec888a52945f99284db4d4	port	world/item/JukeboxSongs.java:37	block-sim/src/main/java/ac/cult/blocksim/data/DataTables.java	world/item/JukeboxSongs.java:37: Read-only minecraft-namespace key factory for jukebox_song. Generated bindings and received named values retain these keys; no runtime native ResourceKey construction is needed.
net.minecraft.world.item.KnowledgeBookItem	use	Level,Player,InteractionHand	b103a952abd95817449069c9c5669484c12da0d1ba9542316f534be0bcb6fcf3	port	world/item/KnowledgeBookItem.java:26	block-sim/src/main/java/ac/cult/blocksim/behavior/SimpleUseItemBehavior.java	Client branch preserves its result, local use duration and immediate stack consumption. Entity spawning, fishing retrieval, recipes and map creation require ServerLevel; sound/stat/UI calls have no prediction fields.
net.minecraft.world.item.LeadItem	useOn	UseOnContext	7d016277c62b0b7b76e9d2b6442817f531f26da973ab8e996341858e8ffac7ea	port	world/item/LeadItem.java:23	block-sim/src/main/java/ac/cult/blocksim/behavior/ContextualItemBehavior.java	world/item/LeadItem.java:23: client branch reviewed against SHA-256 pinned 26.3 client; retained local interaction, consumption and using-item effects; server entity/saved-map mutations are guarded.
net.minecraft.world.item.LingeringPotionItem	use	Level,Player,InteractionHand	84d5bba4aa9bfd7ba574632c59d63a590fb665108a39f5f6eb1f20ae1b5d80a9	port	world/item/LingeringPotionItem.java:20	block-sim/src/main/java/ac/cult/blocksim/behavior/SimpleUseItemBehavior.java	Client branch preserves its result, local use duration and immediate stack consumption. Entity spawning, fishing retrieval, recipes and map creation require ServerLevel; sound/stat/UI calls have no prediction fields.
net.minecraft.world.item.MapItem	create	ServerLevel,int,int,byte,boolean,boolean	80ad5d0fb8a8c4811c6b1147f78aaa556ddfe40e63a29d8f6250933f5f36aa46	server-only	world/item/MapItem.java:46		world/item/MapItem.java:46: requires ServerLevel and only allocates saved map data for the server.
net.minecraft.world.item.MapItem	useOn	UseOnContext	b4f620f0436ef7120e2bb4a50ac4ba58b041f9755c04629aaada81743712fdac	port	world/item/MapItem.java:340	block-sim/src/main/java/ac/cult/blocksim/behavior/ContextualItemBehavior.java	world/item/MapItem.java:340: client branch reviewed against SHA-256 pinned 26.3 client; retained local interaction, consumption and using-item effects; server entity/saved-map mutations are guarded.
net.minecraft.world.item.MinecartItem	useOn	UseOnContext	177e3dc02fc55f3cc94148c35d3ad0718bc2043eea131531179496ddae196a71	port	world/item/MinecartItem.java:28	block-sim/src/main/java/ac/cult/blocksim/behavior/MinecartItemBehavior.java	Pinned client rail-tag/spawn checks, consumption and experimental initial zero-velocity rail snap/occupancy; 214338 native state/feature/type cases agree.
net.minecraft.world.item.MobBucketItem	emptyContents	LivingEntity,Level,BlockPos,BlockHitResult	8383d280f65083e9935be4981c168350d186025a7f0cb95a56f16b2bdff1dbcc	port	world/item/MobBucketItem.java:60	block-sim/src/main/java/ac/cult/blocksim/behavior/BucketItemBehavior.java	
net.minecraft.world.item.MobBucketItem	getFluidContext		f12fdd3aae236da1dbce9f1c52a127bd6b090df625642cd93c7cd763b2b06f86	port	world/item/MobBucketItem.java:70	block-sim/src/main/java/ac/cult/blocksim/behavior/BucketItemBehavior.java	world/item/MobBucketItem.java:70: Mob bucket always uses NONE, including an empty-fluid mob bucket.
net.minecraft.world.item.PlaceOnWaterBlockItem	useOn	UseOnContext	651fe4d097b2979e0e2c583a0651f2ec9a7a2a87b0eabce573ce6be7396f692f	port	world/item/PlaceOnWaterBlockItem.java:17	block-sim/src/main/java/ac/cult/blocksim/behavior/BlockItemBehavior.java	
net.minecraft.world.item.PlaceOnWaterBlockItem	use	Level,Player,InteractionHand	9a03fcb24ab32c843be66341d075a773dc2259bac8718487121f300d7cdcb8a3	port	world/item/PlaceOnWaterBlockItem.java:22	block-sim/src/main/java/ac/cult/blocksim/behavior/BlockItemBehavior.java	world/item/PlaceOnWaterBlockItem.java:22: SOURCE_ONLY outline pick is shifted one block up and passed directly to BlockItem.useOn, including when the pick is a miss.
net.minecraft.world.item.PotionItem	useOn	UseOnContext	0113a1ea4cff68e4658438bb0ccdc866ca1e86b10ad67bb63885bf1d438c78ca	port	world/item/PotionItem.java:34	block-sim/src/main/java/ac/cult/blocksim/behavior/PotionItemBehavior.java	
net.minecraft.world.item.ProjectileWeaponItem	getSupportedHeldProjectiles		927be3375940775bf23bf2d8355ff598689dea4d39103d5f68dce5ffd0406ea5	port	world/item/ProjectileWeaponItem.java:27	block-sim/src/main/java/ac/cult/blocksim/behavior/ProjectileWeaponBehavior.java	Pinned Player.getProjectile and weapon predicates use received arrow tags, held-only crossbow fireworks, compensated inventory slots and creative fallback. The use branch needs only projectile availability.
net.minecraft.world.item.ProjectileWeaponItem	getHeldProjectile	LivingEntity,Predicate<ItemStack>	7956d1d09f1c94e957f76ec350278b4922dd84a9da27a117539b1162c9869f56	port	world/item/ProjectileWeaponItem.java:33	block-sim/src/main/java/ac/cult/blocksim/behavior/ProjectileWeaponBehavior.java	Pinned Player.getProjectile and weapon predicates use received arrow tags, held-only crossbow fireworks, compensated inventory slots and creative fallback. The use branch needs only projectile availability.
net.minecraft.world.item.ScaffoldingBlockItem	updatePlacementContext	BlockPlaceContext	6a5050eea733d0ea5dde96bd44fb0fe94ea7a906b3420fde37d61eacfd1aae39	port	world/item/ScaffoldingBlockItem.java:20	block-sim/src/main/java/ac/cult/blocksim/behavior/BlockItemBehavior.java	
net.minecraft.world.item.ScaffoldingBlockItem	mustSurvive		2321bc09cbb45126d475c441ad86ed8815b9858c7c335ad00dd0b2494d8ab965	port	world/item/ScaffoldingBlockItem.java:67	block-sim/src/main/java/ac/cult/blocksim/behavior/BlockItemBehavior.java	
net.minecraft.world.item.ShearsItem	useOn	UseOnContext	b1657bdc4b87bbd244669c0a09511ab9552c97e9ec02a76a439f73202c211676	port	world/item/ShearsItem.java:62	block-sim/src/main/java/ac/cult/blocksim/behavior/ShearsItemBehavior.java	
net.minecraft.world.item.SnowballItem	use	Level,Player,InteractionHand	aa7a8dcea634ff065bddf398a6f370b5cf7e3af8fad878dc7347745ae95c0ce5	port	world/item/SnowballItem.java:23	block-sim/src/main/java/ac/cult/blocksim/behavior/SimpleUseItemBehavior.java	Client branch preserves its result, local use duration and immediate stack consumption. Entity spawning, fishing retrieval, recipes and map creation require ServerLevel; sound/stat/UI calls have no prediction fields.
net.minecraft.world.item.SolidBucketItem	useOn	UseOnContext	e342e279a9aa3e74c239dcd5f088dc9757487968b6a00415937caabd34ae4299	port	world/item/SolidBucketItem.java:25	block-sim/src/main/java/ac/cult/blocksim/behavior/BlockItemBehavior.java	
net.minecraft.world.item.SolidBucketItem	emptyContents	LivingEntity,Level,BlockPos,BlockHitResult	4dff031592bd244f7262edd1f42ec8c74440d0d154c1b5d4bd48e059ff585d08	server-only	world/item/SolidBucketItem.java:41		Pinned SolidBucketItem.java:42-56 writes its block only under !level.isClientSide(). This dispenser-container callback is not the player item-use path: useOn delegates to BlockItem and replaces the consumed bucket, already implemented by GeneralItemBehavior. No extra client action API is needed for dispenser execution.
net.minecraft.world.item.SpawnEggItem	useOn	UseOnContext	585371ddca00553856230d7d10a40454b46a2588aec1c1312ec38d48c8081a9d	port	world/item/SpawnEggItem.java:41	block-sim/src/main/java/ac/cult/blocksim/behavior/EntityItemBehavior.java	world/item/SpawnEggItem.java:41: client branch reviewed against SHA-256 pinned 26.3 client; retained local interaction, consumption and using-item effects; server entity/saved-map mutations are guarded.
net.minecraft.world.item.SpawnEggItem	use	Level,Player,InteractionHand	e8b5852f843f64992d927051e59dc6a5f479561948ab7fd8e2feb3e6f4defa93	port	world/item/SpawnEggItem.java:106	block-sim/src/main/java/ac/cult/blocksim/behavior/EntityItemBehavior.java	world/item/SpawnEggItem.java:106: client branch reviewed against SHA-256 pinned 26.3 client; retained local interaction, consumption and using-item effects; server entity/saved-map mutations are guarded.
net.minecraft.world.item.SplashPotionItem	use	Level,Player,InteractionHand	965b6992bc10e346a11990a860baa0b5f6d3a9aac83eae056353b11e14997ee3	port	world/item/SplashPotionItem.java:20	block-sim/src/main/java/ac/cult/blocksim/behavior/SimpleUseItemBehavior.java	Client branch preserves its result, local use duration and immediate stack consumption. Entity spawning, fishing retrieval, recipes and map creation require ServerLevel; sound/stat/UI calls have no prediction fields.
net.minecraft.world.item.SpyglassItem	getUseDuration	ItemStack,LivingEntity	506bc7d2055bde8400d6850d96fa29c86f45955e6b30c10bfafbf82ce9e780bf	port	world/item/SpyglassItem.java:19	block-sim/src/main/java/ac/cult/blocksim/behavior/SimpleUseItemBehavior.java	Client branch preserves its result, local use duration and immediate stack consumption. Entity spawning, fishing retrieval, recipes and map creation require ServerLevel; sound/stat/UI calls have no prediction fields.
net.minecraft.world.item.SpyglassItem	use	Level,Player,InteractionHand	4541f7ae280c803bf105bc9c35be960415fc5400775c5c4373f4ade7787f0b68	port	world/item/SpyglassItem.java:29	block-sim/src/main/java/ac/cult/blocksim/behavior/SimpleUseItemBehavior.java	Client branch preserves its result, local use duration and immediate stack consumption. Entity spawning, fishing retrieval, recipes and map creation require ServerLevel; sound/stat/UI calls have no prediction fields.
net.minecraft.world.item.StandingAndWallBlockItem	canPlace	LevelReader,BlockState,BlockPos	26a18b308d1cc49ad24e23591027943b53b5e8836735c56fc622d79e98e7e21f	port	world/item/StandingAndWallBlockItem.java:23	block-sim/src/main/java/ac/cult/blocksim/behavior/BlockItemBehavior.java	
net.minecraft.world.item.StandingAndWallBlockItem	getPlacementState	BlockPlaceContext	8cc5d1de678141391c29ccf0aa32847bd7a283fc1ddd74398c8e79843445f97c	port	world/item/StandingAndWallBlockItem.java:27	block-sim/src/main/java/ac/cult/blocksim/behavior/BlockItemBehavior.java	
net.minecraft.world.item.ThrowablePotionItem	use	Level,Player,InteractionHand	e885417ab1d2536365daf8f177dc81ea42e1aecc731b941de7ed9cdba9fc9877	port	world/item/ThrowablePotionItem.java:22	block-sim/src/main/java/ac/cult/blocksim/behavior/SimpleUseItemBehavior.java	Client branch preserves its result, local use duration and immediate stack consumption. Entity spawning, fishing retrieval, recipes and map creation require ServerLevel; sound/stat/UI calls have no prediction fields.
net.minecraft.world.item.TridentItem	getUseDuration	ItemStack,LivingEntity	59b3e96e42361607b9f6cd3f161c70544725f289511ce016f638e395728ed992	port	world/item/TridentItem.java:57	block-sim/src/main/java/ac/cult/blocksim/behavior/TridentItemBehavior.java	TridentItem.java:57,123: 72000 ticks; durability precedes positive folded spin-strength/dry rejection; startUsingItem retains existing active use. Fold/wet snapshot producers remain cutover gates.
net.minecraft.world.item.TridentItem	use	Level,Player,InteractionHand	e2b744118663bed4072d2918d005bce256ecaed352d22c0a5d221ac153f7b55f	port	world/item/TridentItem.java:123	block-sim/src/main/java/ac/cult/blocksim/behavior/TridentItemBehavior.java	TridentItem.java:57,123: 72000 ticks; durability precedes positive folded spin-strength/dry rejection; startUsingItem retains existing active use. Fold/wet snapshot producers remain cutover gates.
net.minecraft.world.item.WindChargeItem	use	Level,Player,InteractionHand	b7b4ccc2e0b6217587f3290d5382cb0348bc7ebe2556729213e0ed07241be69e	port	world/item/WindChargeItem.java:26	block-sim/src/main/java/ac/cult/blocksim/behavior/SimpleUseItemBehavior.java	Client branch preserves its result, local use duration and immediate stack consumption. Entity spawning, fishing retrieval, recipes and map creation require ServerLevel; sound/stat/UI calls have no prediction fields.
net.minecraft.world.item.WritableBookItem	use	Level,Player,InteractionHand	886c15c240f4ed6a72243a3229dac5ed8fe46b6b750802c0eacd1cada375848a	port	world/item/WritableBookItem.java:14	block-sim/src/main/java/ac/cult/blocksim/behavior/SimpleUseItemBehavior.java	Client branch preserves its result, local use duration and immediate stack consumption. Entity spawning, fishing retrieval, recipes and map creation require ServerLevel; sound/stat/UI calls have no prediction fields.
net.minecraft.world.item.WrittenBookItem	use	Level,Player,InteractionHand	886c15c240f4ed6a72243a3229dac5ed8fe46b6b750802c0eacd1cada375848a	port	world/item/WrittenBookItem.java:14	block-sim/src/main/java/ac/cult/blocksim/behavior/SimpleUseItemBehavior.java	Client branch preserves its result, local use duration and immediate stack consumption. Entity spawning, fishing retrieval, recipes and map creation require ServerLevel; sound/stat/UI calls have no prediction fields.
net.minecraft.world.item.alchemy.PotionContents	is	Holder<Potion>	0563e293a1d23bb23552c84af1850ce3be1ed988bd5eca11fcfa2dd5c355d16f	port	world/item/alchemy/PotionContents.java:81	block-sim/src/main/java/ac/cult/blocksim/behavior/CauldronBehavior.java	
net.minecraft.world.item.alchemy.PotionContents	is	TagKey<Potion>	0563e293a1d23bb23552c84af1850ce3be1ed988bd5eca11fcfa2dd5c355d16f	no-client-world-effect	world/item/alchemy/PotionContents.java:85		Pinned PotionContents.java:85-86 has the same plain-potion/custom-effect guard as the holder overload. The pinned jar references this tag overload only from Enderman and AbstractThrownPotion, outside player block-action prediction. PotionItem.useOn and CauldronInteractions use is(Holder<Potion>), already ported; do not introduce a general potion query API.
net.minecraft.world.item.alchemy.PotionContents	isPotionWithoutCustomEffects		1cf563438311bc15038fd051c7c7da7ed316ae3bb5a9132d283a88b334db2858	port	world/item/alchemy/PotionContents.java:89	block-sim/src/main/java/ac/cult/blocksim/behavior/CauldronBehavior.java	
net.minecraft.world.item.alchemy.PotionContents	onConsume	Level,LivingEntity,ItemStack,Consumable	6d5856d1de7c7ba7d60b104503c5ad575a9f8b5272cba085a5939180e4e530a3	server-only	world/item/alchemy/PotionContents.java:243		PotionContents.java:243-245 delegates to applyToLivingEntity164-176, which requires entity.level instanceof ServerLevel before effects/instantaneous effects are applied. Food, stack consumption and using-item state remain in ConsumableBehavior; no client potion-effect decoding needed for this listener.
net.minecraft.world.item.component.BlockItemStateProperties	updateState	BlockState,Property<T>,String	c22e81889520dd8b0c5faff115881912b2e63da2600fe7f1e446b35965dd2aba	port	world/item/component/BlockItemStateProperties.java:61	block-sim/src/main/java/ac/cult/blocksim/data/BlockRegistry.java	Unknown properties/invalid values leave the state unchanged; valid values use generated strides.
net.minecraft.world.item.component.BlockItemStateProperties	isEmpty		a891d039e00182c16392340ee799b79f50f6b1a1748bb573f515e223320f2c06	port	world/item/component/BlockItemStateProperties.java:65	block-sim/src/main/java/ac/cult/blocksim/behavior/BlockItemBehavior.java	updateBlockStateFromTag iterates the portable block_state property map; the empty map applies no state-property changes.
net.minecraft.world.item.component.BundleContents	computeContentWeight	List<? extends ItemInstance>	4a1973c8a8470d94c3e8d25754600515bc619f70b5a8fda2698218a3aac44a22	port	world/item/component/BundleContents.java:54	block-sim/src/main/java/ac/cult/blocksim/data/ItemTemplates.java	world/item/component/BundleContents.java:54: Exact rational item counts, nested bundle overhead 1/16 and nonempty-bee weight ONE preserve strict template validation.
net.minecraft.world.item.component.BundleContents	getWeight	ItemInstance	de89808476e02805af7f0b1e00cb2fdf42744736e1b0a86fe1b604cf02a4d38c	port	world/item/component/BundleContents.java:73	block-sim/src/main/java/ac/cult/blocksim/data/ItemTemplates.java	
net.minecraft.world.item.component.BundleContents	isEmpty		f31cfa6ea21429cbc4fe1114cb7e205f44889efbf1b4d2918e1e6e5563f691b8	port	world/item/component/BundleContents.java:113	block-sim/src/main/java/ac/cult/blocksim/data/BundleContents.java	BundleContents.java:113-115: emptiness is the retained items list, independent of selected index. Existing bundle action readers use that list and its size; no extra state or method needed.
net.minecraft.world.item.component.ChargedProjectiles	isEmpty		f31cfa6ea21429cbc4fe1114cb7e205f44889efbf1b4d2918e1e6e5563f691b8	port	world/item/component/ChargedProjectiles.java:73	block-sim/src/main/java/ac/cult/blocksim/behavior/ProjectileWeaponBehavior.java	Crossbow use tests the portable charged_projectiles array for emptiness before choosing loaded use or starting an ammunition-backed charge.
net.minecraft.world.item.component.Consumable	startConsuming	LivingEntity,ItemStack,InteractionHand	0a50aefb203f8fde89baaa368008cc28a8f7de05f12d28690c033759c1e9e4ea	port	world/item/component/Consumable.java:62	block-sim/src/main/java/ac/cult/blocksim/behavior/ConsumableBehavior.java	
net.minecraft.world.item.component.Consumable	onConsume	Level,LivingEntity,ItemStack	ad53230d4b05af0d4fa2c90a441d8fafab6bdb3942a6ecf7e2019c78fc80410c	port	world/item/component/Consumable.java:77	block-sim/src/main/java/ac/cult/blocksim/behavior/ConsumableBehavior.java	
net.minecraft.world.item.component.Consumable	canConsume	LivingEntity,ItemStack	6aea3ce990c9cd4ad27df381b318fe0067076cdd8e71798ed5ebd0d1c5250154	port	world/item/component/Consumable.java:95	block-sim/src/main/java/ac/cult/blocksim/behavior/ConsumableBehavior.java	
net.minecraft.world.item.component.Consumable	consumeTicks		d259633c317ff82ed816baf0062250bb80530d98cec72350215b45ce1ddc608e	port	world/item/component/Consumable.java:100	block-sim/src/main/java/ac/cult/blocksim/behavior/ConsumableBehavior.java	
net.minecraft.world.item.component.Consumable$Builder	onConsume	ConsumeEffect	40bdbc4f160a49d504a0ac17d03e8da989c6958a5a69ba7508c931c0cf886102	no-client-world-effect	world/item/component/Consumable.java:164		Pinned Consumable.java:164-170 only appends a ConsumeEffect while constructing the immutable Consumable component. Generated item defaults already contain the completed component; received consumable values use the protocol reader. Runtime consumption callbacks are audited separately, not excluded by this builder helper.
net.minecraft.world.item.component.CustomData	isEmpty		d6122f71480f1671f2d5e44aabe467f31777452d6d26bff850840751e7edfb69	port	world/item/component/CustomData.java:57	block-sim/src/main/java/ac/cult/blocksim/data/nbt/NbtValue.java	CustomData.java:57-59: the stored compound is empty exactly when its immutable values map is empty. Raw custom data stays owned NBT; no native tag wrapper or extra decoding needed.
net.minecraft.world.item.component.ItemContainerContents	emptyContents	int	5f24030d09aa3a406295996545316bc895c686bc8b86ab966f93a80e61dd8613	no-client-world-effect	world/item/component/ItemContainerContents.java:47		ItemContainerContents.java:47-49: allocate a temporary list of absent templates. Wire reader and retained sparse slot templates already represent absent entries; this private collection allocation has no independent action or geometry effect.
net.minecraft.world.item.component.ItemContainerContents	copyInto	NonNullList<ItemStack>	a19903c54e192e95a70d2acfdd95026fe0703b7e4d94809e0f5f5c53af7d7a76	port	world/item/component/ItemContainerContents.java:118	block-sim/src/main/java/ac/cult/blocksim/entity/ContainerEntityComponents.java	
net.minecraft.world.item.component.ItemContainerContents	copyOne		fcffc68c661535a9702ab896b5314324e6c5724df180ac3a7fab1dbd3c7ef5db	port	world/item/component/ItemContainerContents.java:124	block-sim/src/main/java/ac/cult/blocksim/entity/ContainerEntityComponents.java	
net.minecraft.world.item.component.OminousBottleAmplifier	onConsume	Level,LivingEntity,ItemStack,Consumable	df8ebdc063c3073b5a6dceed861c6acce9b019ddae63a7f4f4eccc58ee4d8776	no-client-world-effect	world/item/component/OminousBottleAmplifier.java:30		OminousBottleAmplifier.java:30: add living effects, not block writes or action inventory/food fields. LivingEntity.addEffect1015-1037 can update a client effect list, but its attribute modifiers are server-guarded at1080-1110. The existing native Interaction.Result does not export that list; compensated effect packets/Java engine remain unchanged. Do not add a duplicate effect-list/attribute subsystem to this block-action migration.
net.minecraft.world.item.component.PiercingWeapon	attack	LivingEntity,EquipmentSlot	56586e8b1d7dffdd45ad48c59b7e02b6bb882bbbeb597452f5e096eff12d4d94	no-client-world-effect	world/item/component/PiercingWeapon.java:75		PiercingWeapon.java:75-99: find/stab entities, invoke attack hooks, sounds and swing/reset strength. This entity attack path is outside Use/UseOn/Break Result and is observed by existing attack packets and compensated entity/equipment state; no duplicate combat engine added.
net.minecraft.world.item.component.ResolvableProfile	create	Either<GameProfile, ResolvableProfile.Partial>,Patch	148779f32104955422664495a5b5bd2edf369fd33dd7d8983fbc662fee046ce5	no-client-world-effect	world/item/component/ResolvableProfile.java:46		world/item/component/ResolvableProfile.java:46: Selects static or dynamic skin/profile resolution. The received profile component is retained; profile resolution has no block-action result field.
net.minecraft.world.item.component.SuspiciousStewEffects	onConsume	Level,LivingEntity,ItemStack,Consumable	0f5f8502530382727353353f1b3d290c75a73715b35aaa45ba8276b7d0255ada	no-client-world-effect	world/item/component/SuspiciousStewEffects.java:38		SuspiciousStewEffects.java:38: add living effects, not block writes or action inventory/food fields. LivingEntity.addEffect1015-1037 can update a client effect list, but its attribute modifiers are server-guarded at1080-1110. The existing native Interaction.Result does not export that list; compensated effect packets/Java engine remain unchanged. Do not add a duplicate effect-list/attribute subsystem to this block-action migration.
net.minecraft.world.item.component.Tool	getMiningSpeed	BlockState	27f1921e390a2368d62bcd8f7a471f86bf798a272c37c3d464b44bb2bf3e6fd6	port	world/item/component/Tool.java:39	block-sim/src/main/java/ac/cult/blocksim/interaction/MiningSpeed.java	
net.minecraft.world.item.component.Tool	isCorrectForDrops	BlockState	8553fc8eea1b841f50b33d836ca89f4d25c71de6104b8b7dc2fdbdf36fd15e67	port	world/item/component/Tool.java:49	block-sim/src/main/java/ac/cult/blocksim/interaction/MiningSpeed.java	
net.minecraft.world.item.component.UseRemainder	convertIntoRemainder	ItemStack,int,boolean,UseRemainder.OnExtraCreatedRemainder	924449a88d5643a957dccc7de74d5d1e472e4611b2e4ab43beb0f340200d0022	port	world/item/component/UseRemainder.java:15	block-sim/src/main/java/ac/cult/blocksim/interaction/ItemStackActions.java	
net.minecraft.world.item.context.BlockPlaceContext	at	BlockPlaceContext,BlockPos,Direction	41d1c019a31e0d6c362a591190d7c220a35437d87273e9bb0e810c2ade38ecdd	port	world/item/context/BlockPlaceContext.java:33	block-sim/src/main/java/ac/cult/blocksim/interaction/PlacementContext.java	
net.minecraft.world.item.context.BlockPlaceContext	getClickedPos		95bf4b592b53dd6f522b02d489cae44497af8ac2e93809e1a8b92d7f9c2ea403	port	world/item/context/BlockPlaceContext.java:50	block-sim/src/main/java/ac/cult/blocksim/interaction/PlacementContext.java	
net.minecraft.world.item.context.BlockPlaceContext	canPlace		aa473b5c8a51b633e5dced096707a8949dc8fb6d0cc90f8b286104f9563353aa	port	world/item/context/BlockPlaceContext.java:55	block-sim/src/main/java/ac/cult/blocksim/interaction/PlacementContext.java	
net.minecraft.world.item.context.BlockPlaceContext	replacingClickedOnBlock		ce32a1cbfbec7e6ab667f27904125ce4913228635d3f73ae2e24f25ccd2964ee	port	world/item/context/BlockPlaceContext.java:59	block-sim/src/main/java/ac/cult/blocksim/interaction/PlacementContext.java	
net.minecraft.world.item.context.BlockPlaceContext	getNearestLookingDirection		cc312a3c9c768f07a48e69633978a0cde580e0473bd80dd0d771ee925857e1d1	port	world/item/context/BlockPlaceContext.java:63	block-sim/src/main/java/ac/cult/blocksim/interaction/PlacementContext.java	
net.minecraft.world.item.context.BlockPlaceContext	getNearestLookingVerticalDirection		279ac4f77e67ecfbf250cc67427e240f9ce3c06b5928ffaeba08a990b6c0e2c2	port	world/item/context/BlockPlaceContext.java:67	block-sim/src/main/java/ac/cult/blocksim/interaction/PlacementContext.java	
net.minecraft.world.item.context.BlockPlaceContext	getNearestLookingDirections		945ca966a14c85c2e2367a8cabc1fd48cfabbd30b9bc8fb682cd4122431808b5	port	world/item/context/BlockPlaceContext.java:71	block-sim/src/main/java/ac/cult/blocksim/interaction/PlacementContext.java	
net.minecraft.world.item.context.DirectionalPlaceContext	getClickedPos		86e0c5c4862bf56a67f35be323e12d65b36b6dfc352fe1eaca4a1eac2b5f2dc4	server-only	world/item/context/DirectionalPlaceContext.java:19		Dispensed-stack context has no player; dispenser placement is a server tick, not a received local use action.
net.minecraft.world.item.context.DirectionalPlaceContext	canPlace		c9c8a5cc215425dbc73a89116ce01b220867bb25abaf0337d37f04e4d0d01bb1	server-only	world/item/context/DirectionalPlaceContext.java:24		Dispensed-stack context has no player; dispenser placement is a server tick, not a received local use action.
net.minecraft.world.item.context.DirectionalPlaceContext	replacingClickedOnBlock		c97873c591d3077bd5e55316972f31a398d0f886ee37c244e60e17b37f5a7916	server-only	world/item/context/DirectionalPlaceContext.java:29		Dispensed-stack context has no player; dispenser placement is a server tick, not a received local use action.
net.minecraft.world.item.context.DirectionalPlaceContext	getNearestLookingDirection		86de5cf992e2071db27c35cb4c2994cc8287b0436e0e31caa8106ac12ff54ad9	server-only	world/item/context/DirectionalPlaceContext.java:34		Dispensed-stack context has no player; dispenser placement is a server tick, not a received local use action.
net.minecraft.world.item.context.DirectionalPlaceContext	getNearestLookingDirections		65089d03045103091a09f7e3fb95aea38d211b671ce23fcab8d9d7cc68d559e8	server-only	world/item/context/DirectionalPlaceContext.java:39		Dispensed-stack context has no player; dispenser placement is a server tick, not a received local use action.
net.minecraft.world.item.context.DirectionalPlaceContext	getHorizontalDirection		edf0a9cc5454cbc9a71f9349904966b77c6065d70100585dd8770cb7dcd4ed63	server-only	world/item/context/DirectionalPlaceContext.java:58		Dispensed-stack context has no player; dispenser placement is a server tick, not a received local use action.
net.minecraft.world.item.context.DirectionalPlaceContext	isSecondaryUseActive		2321bc09cbb45126d475c441ad86ed8815b9858c7c335ad00dd0b2494d8ab965	server-only	world/item/context/DirectionalPlaceContext.java:63		Dispensed-stack context has no player; dispenser placement is a server tick, not a received local use action.
net.minecraft.world.item.context.DirectionalPlaceContext	getRotation		fe59284c28371b309a315a5eb34e8ff6b02a5251af62d2109821d248d6fb8757	server-only	world/item/context/DirectionalPlaceContext.java:68		Dispensed-stack context has no player; dispenser placement is a server tick, not a received local use action.
net.minecraft.world.item.context.UseOnContext	getHitResult		456bd8b3155db0035a7222884f3e8d8d39ce763f89b10c888eb9d324a0cd9494	port	world/item/context/UseOnContext.java:34	block-sim/src/main/java/ac/cult/blocksim/interaction/UseContext.java	world/item/context/UseOnContext.java:34: The immutable supplied BlockHit is retained with position, face, location and inside flag.
net.minecraft.world.item.context.UseOnContext	getClickedPos		b0946c4dcabc6d3916d582e22ae5d6b6457eb2a07709c9e5140ed1588e29eec4	port	world/item/context/UseOnContext.java:38	block-sim/src/main/java/ac/cult/blocksim/interaction/UseContext.java	
net.minecraft.world.item.context.UseOnContext	getClickedFace		bbc3d539dfa2ec33d62eca1c5fb2277ec9a3d1efa5d6d4ee84e65272f0c4a80c	port	world/item/context/UseOnContext.java:42	block-sim/src/main/java/ac/cult/blocksim/interaction/UseContext.java	
net.minecraft.world.item.context.UseOnContext	getClickLocation		8c0c2366c8badb97e65ae08b8e2daf4df9baebfcab32219b5cedac58e20c535c	port	world/item/context/UseOnContext.java:46	block-sim/src/main/java/ac/cult/blocksim/interaction/UseContext.java	
net.minecraft.world.item.context.UseOnContext	isInside		90fc8ba8faa4131be5d76dac14e1b8ede5414575a252533fbd04a8c0b1bb2d32	port	world/item/context/UseOnContext.java:50	block-sim/src/main/java/ac/cult/blocksim/interaction/UseContext.java	
net.minecraft.world.item.context.UseOnContext	getHorizontalDirection		052763bed057b52a0f8fae1996fabf41d2ae83759b8f07de8b8863e46bc3aa67	port	world/item/context/UseOnContext.java:70	block-sim/src/main/java/ac/cult/blocksim/interaction/UseContext.java	
net.minecraft.world.item.context.UseOnContext	isSecondaryUseActive		87bf97f93f39403d2e05acd16ee736890179b19f50fb4e43bfa643630f48ede0	port	world/item/context/UseOnContext.java:74	block-sim/src/main/java/ac/cult/blocksim/interaction/UseContext.java	
net.minecraft.world.item.context.UseOnContext	getRotation		eab46a63f642e5256add1d36c24f2a5acaebb5ca2303eace6ef5bbd27574101b	port	world/item/context/UseOnContext.java:78	block-sim/src/main/java/ac/cult/blocksim/interaction/UseContext.java	
net.minecraft.world.item.crafting.CraftingInput	isEmpty		e83b8727511020cb8b7ee66e1f4c5bf70a72cd0dcdf375b6fe6e75fad3ccce2d	no-client-world-effect	world/item/crafting/CraftingInput.java:100		CraftingInput.java:100: recipe input/list/dimension and pattern trimming helper. Crafting output and recipe UI are outside the block-action Result contract; compensated menus receive authoritative slot contents. Do not add a recipe engine or temporary ingredient/pattern allocations.
net.minecraft.world.item.crafting.Ingredient	isEmpty		3629bb561f26485eacc4f4f6c68a010b648a2d0b1732db2483260193a2962bfd	no-client-world-effect	world/item/crafting/Ingredient.java:59		Ingredient.java:59: recipe input/list/dimension and pattern trimming helper. Crafting output and recipe UI are outside the block-action Result contract; compensated menus receive authoritative slot contents. Do not add a recipe engine or temporary ingredient/pattern allocations.
net.minecraft.world.item.crafting.PlacementInfo	create	Ingredient	d3769ebe16cef2fd215df564618af4a04532715a1db21842e1b2a8f67430d7b9	no-client-world-effect	world/item/crafting/PlacementInfo.java:20		world/item/crafting/PlacementInfo.java:20: Constructs ingredient-to-slot indices for recipe placement, including the empty-ingredient guard. This is crafting UI placement, not a block/item use action.
net.minecraft.world.item.crafting.PlacementInfo	create	List<Ingredient>	65f408ef1d73d2add9a5d51a578dcd427771d5c2eca9f039c195d484503cf1f8	no-client-world-effect	world/item/crafting/PlacementInfo.java:47		world/item/crafting/PlacementInfo.java:47: Constructs ingredient-to-slot indices for recipe placement, including the empty-ingredient guard. This is crafting UI placement, not a block/item use action.
net.minecraft.world.item.crafting.RecipeInput	isEmpty		918030754acbbb6bd839f0b7cb51ae137e6247e497f3caeb9a8145fea516643c	no-client-world-effect	world/item/crafting/RecipeInput.java:10		RecipeInput.java:10: recipe input/list/dimension and pattern trimming helper. Crafting output and recipe UI are outside the block-action Result contract; compensated menus receive authoritative slot contents. Do not add a recipe engine or temporary ingredient/pattern allocations.
net.minecraft.world.item.crafting.RecipeMap	create	HolderLookup<Recipe<?>>	75c7d9b4cbb063dd58ea330e90e730967c9d3ec07e2af762af79b7bcd905f35d	no-client-world-effect	world/item/crafting/RecipeMap.java:25		world/item/crafting/RecipeMap.java:25: Builds immutable recipe indices. Local block actions read the separately received recipe property sets; constructing recipe indices has no action side effect.
net.minecraft.world.item.crafting.RecipePropertySet	test	ItemStack	78cb7b32d6e3f40ec4d61352aa6a306dc82a0747a43fd11492b13ec7f8c92658	port	world/item/crafting/RecipePropertySet.java:44	block-sim/src/main/java/ac/cult/blocksim/engine/SimLevel.java	
net.minecraft.world.item.crafting.RecipePropertySet	create	Collection<Ingredient>	33804cc7cf73cfc67e57601b84133ba620e2744aa995391a4f1db06af60d29b2	port	world/item/crafting/RecipePropertySet.java:48	common/src/main/java/ac/cult/cultac/network/codec/ClientMetadataValues.java	world/item/crafting/RecipePropertySet.java:48: The ingredient union is synced as a flat item holder set. The received recipe-property-set decoder retains that exact set, and BlockSimulatorWorldView.recipeInputs supplies it to actions.
net.minecraft.world.item.crafting.SelectableRecipe$SingleInputSet	isEmpty		fd380273fe3153a0a95bc5b02a7fc62675e121b764d7b8a37d4f1f92332ff9c3	no-client-world-effect	world/item/crafting/SelectableRecipe.java:51		SelectableRecipe.java:51: recipe input/list/dimension and pattern trimming helper. Crafting output and recipe UI are outside the block-action Result contract; compensated menus receive authoritative slot contents. Do not add a recipe engine or temporary ingredient/pattern allocations.
net.minecraft.world.item.crafting.ShapedRecipe	getHeight		404a0bd7fc5c708200559d14d0f3c6f434aa766a0e45dad4e1849a4341355854	no-client-world-effect	world/item/crafting/ShapedRecipe.java:78		ShapedRecipe.java:78: recipe input/list/dimension and pattern trimming helper. Crafting output and recipe UI are outside the block-action Result contract; compensated menus receive authoritative slot contents. Do not add a recipe engine or temporary ingredient/pattern allocations.
net.minecraft.world.item.crafting.ShapedRecipePattern	shrink	List<String>	b6e7abfb7779236e0453b1f11fff91396580ae1765553b3f897c01a14cd858ab	no-client-world-effect	world/item/crafting/ShapedRecipePattern.java:99		ShapedRecipePattern.java:99: recipe input/list/dimension and pattern trimming helper. Crafting output and recipe UI are outside the block-action Result contract; compensated menus receive authoritative slot contents. Do not add a recipe engine or temporary ingredient/pattern allocations.
net.minecraft.world.item.crafting.SmithingRecipeInput	isEmpty		497d69af156658e46d238e8dc54fc2868647c7f522134c554a676475be39c162	no-client-world-effect	world/item/crafting/SmithingRecipeInput.java:21		SmithingRecipeInput.java:21: recipe input/list/dimension and pattern trimming helper. Crafting output and recipe UI are outside the block-action Result contract; compensated menus receive authoritative slot contents. Do not add a recipe engine or temporary ingredient/pattern allocations.
net.minecraft.world.item.enchantment.EnchantmentHelper	runIterationOnItem	ItemStack,EnchantmentHelper.EnchantmentVisitor	afd563f8f01865acaa8d7d5f86f688689c4f088c8632333573290e526fe9f4b6	port	world/item/enchantment/EnchantmentHelper.java:125	block-sim/src/main/java/ac/cult/blocksim/behavior/EquipmentBehavior.java	world/item/enchantment/EnchantmentHelper.java:125: Presence checks visit every received enchantment key and inspect its effects map, independently of level. An omitted effects field decodes as EMPTY; only prevent_armor_change blocks a noncreative equipment swap.
net.minecraft.world.item.enchantment.EnchantmentHelper	has	ItemStack,DataComponentType<?>	5c1f8cf030b39d9230e585f043e0382afc0723ddc738f5800f50686b78465d7a	port	world/item/enchantment/EnchantmentHelper.java:447	block-sim/src/main/java/ac/cult/blocksim/behavior/EquipmentBehavior.java	world/item/enchantment/EnchantmentHelper.java:447: Presence checks visit every received enchantment key and inspect its effects map, independently of level. An omitted effects field decodes as EMPTY; only prevent_armor_change blocks a noncreative equipment swap.
net.minecraft.world.item.enchantment.ItemEnchantments	isEmpty		ff778df6ff79a54564090e094bc9267112636e92920ded1866bfe870caa27a78	port	world/item/enchantment/ItemEnchantments.java:102	block-sim/src/main/java/ac/cult/blocksim/data/ItemComponents.java	ItemEnchantments.java:102-104: query whether the level map contains entries. ItemComponents.enchantments exposes the same retained map to action and check readers without a native component wrapper.
net.minecraft.world.item.enchantment.providers.VanillaEnchantmentProviders	create	String	15220fa9c3f3ac4147c73f6744a1a1321e0023df30e17ace6bdc225121458a9c	port	world/item/enchantment/providers/VanillaEnchantmentProviders.java:33	block-sim/src/main/java/ac/cult/blocksim/data/DataTables.java	world/item/enchantment/providers/VanillaEnchantmentProviders.java:33: Read-only minecraft-namespace key factory for enchantment_provider. Generated bindings and received named values retain these keys; no runtime native ResourceKey construction is needed.
net.minecraft.world.item.equipment.Equippable	swapWithEquipmentSlot	ItemStack,Player	c731f971ad0d4d662b8a6da0805543dc6e55a624ac699592220f0c4f374533b4	port	world/item/equipment/Equippable.java:129	block-sim/src/main/java/ac/cult/blocksim/behavior/EquipmentBehavior.java	
net.minecraft.world.item.equipment.Equippable	canBeEquippedBy	Holder<EntityType<?>>	cf3ddfb5886e500eae7718188901848d522e35aa8cb38dbc4e648ad7245a266a	port	world/item/equipment/Equippable.java:176	block-sim/src/main/java/ac/cult/blocksim/behavior/EquipmentBehavior.java	
net.minecraft.world.level.BlockCollisions	getChunk	int,int	f0073c304771f6d9b515fd5824819c9b3faa6c77481d0a35d9310792de4b34fb	port	world/level/BlockCollisions.java:64	block-sim/src/main/java/ac/cult/blocksim/engine/BlockCollisions.java	Pinned client placement/clock branch; received metadata and immutable generated facts.
net.minecraft.world.level.BlockCollisions	computeNext		844a79f0b597c149df9885e0cf3491bb36c79aff90385c5537c8573727c02ded	port	world/level/BlockCollisions.java:78	block-sim/src/main/java/ac/cult/blocksim/engine/BlockCollisions.java	Pinned client placement/clock branch; received metadata and immutable generated facts.
net.minecraft.world.level.BlockGetter	clip	ClipContext	c9a98054725854cab3233fa016a89d28e6c28dbb76d3af3529da8d61658422ad	port	world/level/BlockGetter.java:64	block-sim/src/main/java/ac/cult/blocksim/engine/BlockRaycast.java	
net.minecraft.world.level.BlockGetter	clipWithInteractionOverride	Vec3,Vec3,BlockPos,VoxelShape,BlockState	44549e9103c0654c159072b4f94983bdb8656581a00ed8e9e5103941d81e7c59	port	world/level/BlockGetter.java:83	block-sim/src/main/java/ac/cult/blocksim/engine/BlockRaycast.java	
net.minecraft.world.level.BlockGetter	traverseBlocks	Vec3,Vec3,C,BiFunction<C, BlockPos, @Nullable T>,Function<C, T>	1bea96727c29e5e6f343c2dc84f42e5f64867d074147f267a68f2a040f2ac813	port	world/level/BlockGetter.java:113	block-sim/src/main/java/ac/cult/blocksim/engine/BlockRaycast.java	
net.minecraft.world.level.ChunkPos	isValid		f9234acfc504b5d7689d25795d12288f011664bc0db1d36f2ce39ed576c43d25	port	world/level/ChunkPos.java:61	block-sim/src/main/java/ac/cult/blocksim/engine/SimLevel.java	Pinned ChunkPos.java:61-66 delegates to the absolute-maximum chunk-coordinate bound. SimLevel.inValidBounds applies that exact bound after arithmetic block-to-section conversion, using the pinned generated ChunkPyramid maximum; client action inputs need no separate ChunkPos object.
net.minecraft.world.level.ChunkPos	isValid	int,int	05991b5aa4bbb78c53c33c525f38333bd6e4599738cff07e86d89fa5a60da97f	port	world/level/ChunkPos.java:65	block-sim/src/main/java/ac/cult/blocksim/engine/SimLevel.java	Pinned ChunkPos.java:61-66 delegates to the absolute-maximum chunk-coordinate bound. SimLevel.inValidBounds applies that exact bound after arithmetic block-to-section conversion, using the pinned generated ChunkPyramid maximum; client action inputs need no separate ChunkPos object.
net.minecraft.world.level.CollisionGetter	clipIncludingBorder	ClipContext	c963c52b7dd3e14ebaf8de851d7d2bc5cf048d16b8305971b254a3057f0c101b	port	world/level/CollisionGetter.java:113	common/src/main/java/ac/cult/cultac/utils/blockplace/BlockSimulatorWorldView.java	CollisionGetter.java:113-124: clip blocks first, then clamp the hit/miss endpoint only for an inside-to-outside border crossing. BlockRaycast.brushPicksBlock applies borderHit to the clipped endpoint before entity-distance picking; only the location/blocked result is consumed, not native border hit flags/face wrappers.
net.minecraft.world.level.EmptyBlockGetter	getFluidState	BlockPos	9088cb07351df707d31ff77b4a7a345f3df6144d4dfda591f0748df966b86d00	no-client-world-effect	world/level/EmptyBlockGetter.java:24		EmptyBlockGetter.java:24-36: constant empty fluid and zero height for the geometry generation context. Static shapes/facts are bundled from that context; production collision uses the compensated world, not an empty world implementation.
net.minecraft.world.level.EmptyBlockGetter	getHeight		b780a8afeee975b9ec4d9a45ef239847b375c995b690d286c5f983b37dc171e1	no-client-world-effect	world/level/EmptyBlockGetter.java:34		EmptyBlockGetter.java:24-36: constant empty fluid and zero height for the geometry generation context. Static shapes/facts are bundled from that context; production collision uses the compensated world, not an empty world implementation.
net.minecraft.world.level.Level	isInValidBounds	BlockPos	691ef9c328209db882db931d0d22adfa91461e37603f5918fefd3dd00793e6df	port	world/level/Level.java:178	block-sim/src/main/java/ac/cult/blocksim/engine/SimLevel.java	
net.minecraft.world.level.Level	setBlock	BlockPos,BlockState,int,int	397cc052b2aa773acdd379264bcf987fda48179d53a025078d9bc298ada13a44	port	world/level/Level.java:218	block-sim/src/main/java/ac/cult/blocksim/engine/SimLevel.java	
net.minecraft.world.level.Level	destroyBlock	BlockPos,boolean,Entity,int	d54d0f573568591efe998f3f3a75eeec4911ca5dbcbd936bfebee636d8b3efed	port	world/level/Level.java:276	block-sim/src/main/java/ac/cult/blocksim/engine/SimLevel.java	
net.minecraft.world.level.Level	updateNeighborsAt	BlockPos,Block,Orientation	8eb95bcbc154530931e15fc418c8b1fe991095671409552099ea1aa596999ede	no-client-world-effect	world/level/Level.java:306		These Level/LevelAccessor base neighbor-notification methods have empty bodies. ClientLevel inherits the no-op; the separate neighborShapeChanged path still runs the owned shape updater.
net.minecraft.world.level.Level	updateNeighborsAtExceptFromFacing	BlockPos,Block,Direction,Orientation	8eb95bcbc154530931e15fc418c8b1fe991095671409552099ea1aa596999ede	no-client-world-effect	world/level/Level.java:309		These Level/LevelAccessor base neighbor-notification methods have empty bodies. ClientLevel inherits the no-op; the separate neighborShapeChanged path still runs the owned shape updater.
net.minecraft.world.level.Level	neighborChanged	BlockPos,Block,Orientation	8eb95bcbc154530931e15fc418c8b1fe991095671409552099ea1aa596999ede	server-only	world/level/Level.java:314		
net.minecraft.world.level.Level	neighborChanged	BlockState,BlockPos,Block,Orientation,boolean	8eb95bcbc154530931e15fc418c8b1fe991095671409552099ea1aa596999ede	server-only	world/level/Level.java:317		
net.minecraft.world.level.Level	neighborShapeChanged	Direction,BlockPos,BlockPos,BlockState,int,int	d63355c00831f231458bc2566b986db620c7aa2ba28a8266b9a8910d3fddcfd5	port	world/level/Level.java:322	block-sim/src/main/java/ac/cult/blocksim/engine/ShapeUpdater.java	Shape notifications enqueue an immutable direction/state/position/flags/limit record. The collecting queue executes each shape update once, preserving depth-first layers and the original executeShapeUpdate flags and recursion limit.
net.minecraft.world.level.Level	getHeight	Types,int,int	c496664ec97d1d674ca4f7d9b8e561db91882d6cbe7103b0dde7cd0c28fa1946	no-client-world-effect	world/level/Level.java:334		Level.java:334-348/LevelReader.java:38-40: heightmap surface lookup with chunk/coordinate defaults, not dimension height. This surface query is not consumed by required client block actions; do not construct worldgen heightmaps. Dimension minY/height remain received simulation inputs.
net.minecraft.world.level.Level	getFluidState	BlockPos	6d4e7c5e68d318e744d1b47a388fa2ecf6de688b13b0ffa48db1a2aff73d30d1	port	world/level/Level.java:365	block-sim/src/main/java/ac/cult/blocksim/engine/SimLevel.java	Invalid world bounds return EMPTY; owned fluidAt resolves the generated fluid facts of stateAt, whose invalid-bounds VOID_AIR has EMPTY fluid. Valid client queries use compensated chunk states.
net.minecraft.world.level.LevelAccessor	updateNeighborsAt	BlockPos,Block	8eb95bcbc154530931e15fc418c8b1fe991095671409552099ea1aa596999ede	no-client-world-effect	world/level/LevelAccessor.java:62		These Level/LevelAccessor base neighbor-notification methods have empty bodies. ClientLevel inherits the no-op; the separate neighborShapeChanged path still runs the owned shape updater.
net.minecraft.world.level.LevelAccessor	neighborShapeChanged	Direction,BlockPos,BlockPos,BlockState,int,int	320760c9161fcec94a3277b30d3dc826899c7ff06b742af76268ab424e2dc7cc	no-client-world-effect	world/level/LevelAccessor.java:65		The default immediate dispatch is not used by ClientLevel: Level.neighborShapeChanged overrides it with CollectingNeighborUpdater. SimLevel and ShapeUpdater model that override without the extra default-body depth decrement.
net.minecraft.world.level.LevelHeightAccessor	create	int,int	0bb9b20d5c39aa9c8e0f3bceeda2a58dbcf1e1666ffdb687d47c297c6aec75fb	port	world/level/LevelHeightAccessor.java:55	common/src/main/java/ac/cult/cultac/utils/blockplace/BlockSimulatorWorldView.java	world/level/LevelHeightAccessor.java:55: The factory only exposes the supplied minY and height. The compensated world adapter exposes those received dimension bounds directly.
net.minecraft.world.level.LevelHeightAccessor	getHeight		d8c17dde92f8993e8df15168d3e04ceabc8165a2be426f670ffb568eafdb8cfa	port	world/level/LevelHeightAccessor.java:57	common/src/main/java/ac/cult/cultac/utils/blockplace/BlockSimulatorWorldView.java	The anonymous accessor returns its captured height; the owned world view returns the received dimension height as maxHeight - minHeight. No additional accessor or heightmap is needed.
net.minecraft.world.level.LevelReader	getHeight	Types,BlockPos	52ae808c458c75b54d8c43bf1dadbb7ab3c9b3036e569c75193450ee7103e477	port	world/level/LevelReader.java:38	common/src/main/java/ac/cult/cultac/utils/latency/CompensatedWorld.java	Level.java:334-348/LevelReader.java:38-40 and Heightmap.java:36-138: clientMotionBlockingHeightAt returns the received MOTION_BLOCKING first-available height with chunk and coordinate defaults. MotionHeightmap retains packed values, native malformed-length priming and block-update semantics; packet omission preserves the previous map. Only this rain-cover type is needed by anticheat trident inputs; other heightmaps remain skipped under the explicit minimal-anticheat scope.
net.minecraft.world.level.LevelReader	getBiome	BlockPos	7f38280cb674a70d9ab17e467d3d54c4dcdcf27626d5f13a77aaf9779ef00f5a	port	world/level/LevelReader.java:46	common/src/main/java/ac/cult/cultac/utils/latency/CompensatedWorld.java	getBiome delegates seed-selected quart lookup; getNoiseBiome queries an existing BIOMES chunk at quart>>2 or the client plains fallback. The adapter queries only compensated client palettes.
net.minecraft.world.level.LevelReader	getNoiseBiome	int,int,int	8c5574eb6b35abd7025254a5ef659a56080236484dfeb84814969a3ff6b6b2e7	port	world/level/LevelReader.java:60	common/src/main/java/ac/cult/cultac/utils/latency/CompensatedWorld.java	getBiome delegates seed-selected quart lookup; getNoiseBiome queries an existing BIOMES chunk at quart>>2 or the client plains fallback. The adapter queries only compensated client palettes.
net.minecraft.world.level.LevelReader	getHeight		1815f8f4c9e29f87769b651bd30d29270cb1423e664a56ff7f4d143c7259531d	port	world/level/LevelReader.java:79	common/src/main/java/ac/cult/cultac/utils/blockplace/BlockSimulatorWorldView.java	The no-argument getter returns dimensionType.height; the owned view derives the same height from the compensated received dimension bounds. This does not cover the separate heightmap overloads.
net.minecraft.world.level.LevelWriter	setBlock	BlockPos,BlockState,int	e8baa0c3a34724d0661652f81a88df95f90dca55f9a5284719a68932d4674c25	port	world/level/LevelWriter.java:16	block-sim/src/main/java/ac/cult/blocksim/engine/SimLevel.java	The three-argument setBlock overload delegates with updateLimit 512; the owned overload does the same.
net.minecraft.world.level.LevelWriter	destroyBlock	BlockPos,boolean	8080de67277b1d8241fd64ad521963d67f59290298c2023f3d184d2438f43848	port	world/level/LevelWriter.java:22	block-sim/src/main/java/ac/cult/blocksim/engine/SimLevel.java	Both destroyBlock convenience overloads select updateLimit 512. Owned client callers pass 512 to the shared fluid-replacement destruction; dropResources and breaker only affect particles, server drops and game events outside the action result.
net.minecraft.world.level.LevelWriter	destroyBlock	BlockPos,boolean,Entity	b884f9759a339c8e835c6fd5077b2c954da352b140cb73f7f6b1aa9bd7a9b233	port	world/level/LevelWriter.java:26	block-sim/src/main/java/ac/cult/blocksim/engine/SimLevel.java	The convenience overload supplies updateLimit 512. Owned client callers use the same shared destruction with 512; server drops and particle/game-event metadata do not add client action state.
net.minecraft.world.level.NoiseColumn	setBlock	int,BlockState	55d365e1564d0fec6d6ed5efbc34092e2753f256d350fd0cb676a0e95235603d	server-only	world/level/NoiseColumn.java:22		Mutates an internal block column returned by ChunkGenerator.getBaseColumn, NoiseBasedChunkGenerator.iterateNoiseColumn and server structure generation. Client chunk contents come from received packets; no terrain-generation columns run during client actions.
net.minecraft.world.level.PathNavigationRegion	getFluidState	BlockPos	96ab8a32c90dc821b3472480e91c34299ac84e6e8fc9e449014655cab278f1f2	server-only	world/level/PathNavigationRegion.java:108		PathNavigation constructs this region for mob AI pathfinding. LivingEntity.aiStep gates serverAiStep behind !level.isClientSide(), and its navigation node evaluators consume region fluids; the packet-driven player engine queries compensated fluids instead of simulating server mob navigation.
net.minecraft.world.level.PathNavigationRegion	getHeight		8b48dfe8d6f491e2864f8ed829665dcf7fee8f603f07b9ad31e67571b7356e7d	server-only	world/level/PathNavigationRegion.java:123		Delegates mob-navigation region height to its server Level. LivingEntity.aiStep gates serverAiStep behind !level.isClientSide(); navigation-region height is outside client player movement and block/item action execution.
net.minecraft.world.level.SignalGetter	getDirectSignal	BlockPos,Direction	2202de0867ed63edbc448495391ec2419783acdffc6ad0c8329169eae57f2f83	port	world/level/SignalGetter.java:13	block-sim/src/main/java/ac/cult/blocksim/engine/Signals.java	
net.minecraft.world.level.SignalGetter	getDirectSignalTo	BlockPos	f02537d24a4c7e52cf823350877f6774156df84b7ef1f18e0fb71b60b80b5958	port	world/level/SignalGetter.java:17	block-sim/src/main/java/ac/cult/blocksim/engine/Signals.java	
net.minecraft.world.level.SignalGetter	getControlInputSignal	BlockPos,Direction,boolean	f15415128176db77a5c88555a63fa59b41641649506788080c4c3c0c983f3f8f	port	world/level/SignalGetter.java:48	block-sim/src/main/java/ac/cult/blocksim/engine/Signals.java	
net.minecraft.world.level.SignalGetter	getSignal	BlockPos,Direction	0163e7b1019e6d2d0dfa79cd6e9ad1b1dc3382e21af91b5c91eda8abb525e2db	port	world/level/SignalGetter.java:65	block-sim/src/main/java/ac/cult/blocksim/engine/Signals.java	
net.minecraft.world.level.SignalGetter	hasNeighborSignal	BlockPos	6c1b10c5ad1f2e2ab41e2a63a41e90dc5b58cc6ebc70c381ed389bebfd3a5136	port	world/level/SignalGetter.java:76	block-sim/src/main/java/ac/cult/blocksim/engine/Signals.java	
net.minecraft.world.level.SignalGetter	getBestNeighborSignal	BlockPos	4331a0f90b5e9cbc813593371f8ba92055a6a0a63c4e32a493831fc7ee25f8c4	server-only	world/level/SignalGetter.java:90		Pinned callers are RedstoneWireBlock.getBlockSignal during power evaluation (onPlace/neighborChanged reject client levels; removal takes ServerLevel) and getBestOwnOrNeighbourSignal from SulfurCube with ServerLevel. Client placement uses hasNeighborSignal instead; no unused maximum-signal helper is added.
net.minecraft.world.level.biome.BiomeManager	getBiome	BlockPos	17ebb2539a264f8cb1e2da4cbdad4f1267374162039ddd9fc2b5b58972e0f41d	port	world/level/biome/BiomeManager.java:31	block-sim/src/main/java/ac/cult/blocksim/engine/BiomeLookup.java	Pinned seeded eight-corner zoom and strict first-minimum selection; LCG jitter and Z/Y/X squared-distance arithmetic preserve client rounding. BlockPos overload delegates coordinates. Off-git native oracle matches1000000 selections/3000000 quart coordinates.
net.minecraft.world.level.biome.BiomeManager	getBiome	int,int,int	985a8e87f840c522ded9dfeb78e93da77e3ee8c692bdefe5c5caf1c3a8b95b65	port	world/level/biome/BiomeManager.java:35	block-sim/src/main/java/ac/cult/blocksim/engine/BiomeLookup.java	Pinned seeded eight-corner zoom and strict first-minimum selection; LCG jitter and Z/Y/X squared-distance arithmetic preserve client rounding. BlockPos overload delegates coordinates. Off-git native oracle matches1000000 selections/3000000 quart coordinates.
net.minecraft.world.level.biome.BiomeManager	getFiddledDistance	long,int,int,int,double,double,double	ba2c404796f37c8ddfc214f4101dd99c94208b24c6d28440287803ebe12e0bf8	port	world/level/biome/BiomeManager.java:89	block-sim/src/main/java/ac/cult/blocksim/engine/BiomeLookup.java	Pinned seeded eight-corner zoom and strict first-minimum selection; LCG jitter and Z/Y/X squared-distance arithmetic preserve client rounding. BlockPos overload delegates coordinates. Off-git native oracle matches1000000 selections/3000000 quart coordinates.
net.minecraft.world.level.biome.BiomeManager	getFiddle	long	d615c341228e227f4805ee7762b87bc034241f33941bdd44c353e208640098db	port	world/level/biome/BiomeManager.java:107	block-sim/src/main/java/ac/cult/blocksim/engine/BiomeLookup.java	Pinned seeded eight-corner zoom and strict first-minimum selection; LCG jitter and Z/Y/X squared-distance arithmetic preserve client rounding. BlockPos overload delegates coordinates. Off-git native oracle matches1000000 selections/3000000 quart coordinates.
net.minecraft.world.level.block.AbstractBannerBlock	newBlockEntity	BlockPos,BlockState	847087ded8bf69ec4193b1c8ba9b10cbff797cd9b1793a5528430aa3466a746a	port	world/level/block/AbstractBannerBlock.java:25	block-sim/src/main/java/ac/cult/blocksim/engine/BlockEntityPrototypes.java	
net.minecraft.world.level.block.AbstractBedBlock	useWithoutItem	BlockState,Level,BlockPos,Player,BlockHitResult	56d4de68ee83c0bcba9644fe57db281fcfdf3133c9bfbdcc838e823b2095301e	port	world/level/block/AbstractBedBlock.java:81	block-sim/src/main/java/ac/cult/blocksim/behavior/BedBehavior.java	
net.minecraft.world.level.block.AbstractBedBlock	updateShape	BlockState,LevelReader,ScheduledTickAccess,BlockPos,Direction,BlockPos,BlockState,RandomSource	d998ad14b2117c6a89178a056d155fdbc922bd7028d8b51faffb3c09febc5136	port	world/level/block/AbstractBedBlock.java:137	block-sim/src/main/java/ac/cult/blocksim/behavior/BedBehavior.java	
net.minecraft.world.level.block.AbstractBedBlock	getNeighbourDirection	BedPart,Direction	8b41a552fc9d436595ffd07f3f043cca7816f799072ef1078a07932d58d7c60d	port	world/level/block/AbstractBedBlock.java:157	block-sim/src/main/java/ac/cult/blocksim/behavior/BedBehavior.java	
net.minecraft.world.level.block.AbstractBedBlock	playerWillDestroy	Level,BlockPos,BlockState,Player	39e73bfe22c90a7d9bff1e9b0f4a97a5ee5678dc65cd3e23b4e32d799d920ce3	port	world/level/block/AbstractBedBlock.java:161	block-sim/src/main/java/ac/cult/blocksim/behavior/BlockBehavior.java	
net.minecraft.world.level.block.AbstractBedBlock	getStateForPlacement	BlockPlaceContext	a58332a3d10bf8f169762ab8b9d66ba0479a210e8a18cf79a6189828c6962964	port	world/level/block/AbstractBedBlock.java:178	block-sim/src/main/java/ac/cult/blocksim/behavior/BedBehavior.java	
net.minecraft.world.level.block.AbstractBedBlock	getConnectedDirection	BlockState	94fa5ed7d9f902dbbed77fc2f497723321a29ae6ef00dca4bf9d5bb5ca7882d0	port	world/level/block/AbstractBedBlock.java:189	block-sim/src/main/java/ac/cult/blocksim/behavior/BedBehavior.java	neighborDirection returns facing for the foot and opposite facing for the head; partner updates use this same direction.
net.minecraft.world.level.block.AbstractBedBlock	setPlacedBy	Level,BlockPos,BlockState,LivingEntity,ItemStack	b805df4fcd7f15eb3c38ee6d2c1908bc9edd1ebd0cc6fc46db8e8b3da0988ebb	port	world/level/block/AbstractBedBlock.java:268	block-sim/src/main/java/ac/cult/blocksim/behavior/BedBehavior.java	
net.minecraft.world.level.block.AbstractBedBlock	getSeed	BlockState,BlockPos	ed00bbeb82a1ad698efc75eac0b7fe1711553ea29e83f6de7a2fd04a961c3f50	no-client-world-effect	world/level/block/AbstractBedBlock.java:275		Pinned getSeed anchors the render-model seed at the head of the bed. BlockState.getSeed callers are LevelRenderer, SectionCompiler and MovingBlockFeatureRenderer; shape offset jitter independently uses Offsets.seed and remains modeled.
net.minecraft.world.level.block.AbstractCauldronBlock	useItemOn	ItemStack,BlockState,Level,BlockPos,Player,InteractionHand,BlockHitResult	1670857a60cd83b1321630d8454ac9c8769a8d451ee07db3a06027840a1dfb1f	port	world/level/block/AbstractCauldronBlock.java:51	block-sim/src/main/java/ac/cult/blocksim/behavior/CauldronBehavior.java	
net.minecraft.world.level.block.AbstractCauldronBlock	getShape	BlockState,BlockGetter,BlockPos,CollisionContext	3d9d2c565148801d0f31c596e14675c6c6a339c2dcce8c3c76180de46db25598	port	world/level/block/AbstractCauldronBlock.java:65	block-sim/src/main/java/ac/cult/blocksim/behavior/BlockBehavior.java	Pinned AbstractCauldronBlock.getShape returns a constant, a state-indexed shape, or a block-state delegate; its exact boxes are emitted for every model state by VanillaDataGenerator.evaluate and read from StateFacts. Entity/world-dependent exceptions use separate behavior overrides.
net.minecraft.world.level.block.AbstractCauldronBlock	getInteractionShape	BlockState,BlockGetter,BlockPos	5f6924cb97b90f182974aa495117f51db8a17d8162c2ae08ff46af9d1cb73efe	port	world/level/block/AbstractCauldronBlock.java:70	block-sim/src/main/java/ac/cult/blocksim/behavior/BlockBehavior.java	Pinned AbstractCauldronBlock.getInteractionShape returns a constant, a state-indexed shape, or a block-state delegate; its exact boxes are emitted for every model state by VanillaDataGenerator.evaluate and read from StateFacts. Entity/world-dependent exceptions use separate behavior overrides.
net.minecraft.world.level.block.AbstractCauldronBlock	hasAnalogOutputSignal	BlockState	431ca6d2bfbc684210415c1210d58f91e7ad98a300ef06eac2f35066edafa4f9	port	world/level/block/AbstractCauldronBlock.java:75	block-sim/src/main/java/ac/cult/blocksim/engine/AnalogSignals.java	Pinned AbstractCauldronBlock.hasAnalogOutputSignal is represented by generated family binding and compensated state/entity/container fields. Client-only zero results and server-only heart output updates are preserved.
net.minecraft.world.level.block.AbstractFurnaceBlock	useWithoutItem	BlockState,Level,BlockPos,Player,BlockHitResult	437a6a3aa0380e635b6af0947807fb08e25260ed8ad1560d678d10ddae9ffcd3	port	world/level/block/AbstractFurnaceBlock.java:34	block-sim/src/main/java/ac/cult/blocksim/behavior/BasicBlockRules.java	
net.minecraft.world.level.block.AbstractFurnaceBlock	getStateForPlacement	BlockPlaceContext	2ad1d62f2232e4987c7cd90f27de26f1537d88424f1b501bbb4d139758fdcc54	port	world/level/block/AbstractFurnaceBlock.java:47	block-sim/src/main/java/ac/cult/blocksim/behavior/BasicBlockRules.java	
net.minecraft.world.level.block.AbstractFurnaceBlock	hasAnalogOutputSignal	BlockState	431ca6d2bfbc684210415c1210d58f91e7ad98a300ef06eac2f35066edafa4f9	port	world/level/block/AbstractFurnaceBlock.java:57	block-sim/src/main/java/ac/cult/blocksim/engine/AnalogSignals.java	Pinned AbstractFurnaceBlock.hasAnalogOutputSignal is represented by generated family binding and compensated state/entity/container fields. Client-only zero results and server-only heart output updates are preserved.
net.minecraft.world.level.block.AbstractFurnaceBlock	getAnalogOutputSignal	BlockState,Level,BlockPos,Direction	35ac699671beb46624025131f96a8a760d989994dc0c71abb878a76dd7856d1e	port	world/level/block/AbstractFurnaceBlock.java:62	block-sim/src/main/java/ac/cult/blocksim/engine/AnalogSignals.java	Pinned AbstractFurnaceBlock.getAnalogOutputSignal is represented by generated family binding and compensated state/entity/container fields. Client-only zero results and server-only heart output updates are preserved.
net.minecraft.world.level.block.AbstractSkullBlock	newBlockEntity	BlockPos,BlockState	9601ac3e0f77d9e26ee1570fa83ed3364a7042d9fbf47e8a614eaeff07ba660a	port	world/level/block/AbstractSkullBlock.java:30	block-sim/src/main/java/ac/cult/blocksim/engine/BlockEntityPrototypes.java	
net.minecraft.world.level.block.AbstractSkullBlock	getStateForPlacement	BlockPlaceContext	2049e6f2aa8397cb4b28c3174082843a2ce1e32ad2985cc116c7ee98a183fece	port	world/level/block/AbstractSkullBlock.java:64	block-sim/src/main/java/ac/cult/blocksim/behavior/BasicBlockRules.java	The shipped basic-rules rows bind skull neighbor power, skull yaw rotation, banner yaw-plus-180 rotation, pillar clicked-face axis and wall-skull nearest horizontal blocking support. BasicBlockRules applies those assignments in native order.
net.minecraft.world.level.block.AbstractSkullBlock	neighborChanged	BlockState,Level,BlockPos,Block,Orientation,boolean	bc293c57604a47e8c825643c059c0e9b33f408273e0ba21c6404466871bb876b	server-only	world/level/block/AbstractSkullBlock.java:69		All mutation statements are guarded by !level.isClientSide(): skull power changes and structure-block author attribution do not run on the client.
net.minecraft.world.level.block.AirBlock	getShape	BlockState,BlockGetter,BlockPos,CollisionContext	ed610faefe8c377df35fb7ad2b774e3fd4fb63fab279c944366d6dc688f6670b	port	world/level/block/AirBlock.java:21	block-sim/src/main/java/ac/cult/blocksim/behavior/BlockBehavior.java	Pinned AirBlock.getShape returns a constant, a state-indexed shape, or a block-state delegate; its exact boxes are emitted for every model state by VanillaDataGenerator.evaluate and read from StateFacts. Entity/world-dependent exceptions use separate behavior overrides.
net.minecraft.world.level.block.AmethystClusterBlock	getShape	BlockState,BlockGetter,BlockPos,CollisionContext	bfe5e4e8a38af7c70213cc4f4acf41464c91d9942189080708c2ad92c8740a20	port	world/level/block/AmethystClusterBlock.java:40	block-sim/src/main/java/ac/cult/blocksim/behavior/BlockBehavior.java	Pinned AmethystClusterBlock.getShape returns a constant, a state-indexed shape, or a block-state delegate; its exact boxes are emitted for every model state by VanillaDataGenerator.evaluate and read from StateFacts. Entity/world-dependent exceptions use separate behavior overrides.
net.minecraft.world.level.block.AmethystClusterBlock	canSurvive	BlockState,LevelReader,BlockPos	9d67a0405500af8de21111c9ea02f4d3684e38745de69210f7250936a16c8c54	port	world/level/block/AmethystClusterBlock.java:45	block-sim/src/main/java/ac/cult/blocksim/behavior/BasicBlockRules.java	
net.minecraft.world.level.block.AmethystClusterBlock	updateShape	BlockState,LevelReader,ScheduledTickAccess,BlockPos,Direction,BlockPos,BlockState,RandomSource	d38c6048669a4e699d671f03d2f430157f23a8f2eef1881bcac22163f0757970	port	world/level/block/AmethystClusterBlock.java:52	block-sim/src/main/java/ac/cult/blocksim/behavior/BasicBlockRules.java	
net.minecraft.world.level.block.AmethystClusterBlock	getStateForPlacement	BlockPlaceContext	595eee522b78eb1aeb101027efa1316c608545c14886f3cf393057cc1df82844	port	world/level/block/AmethystClusterBlock.java:72	block-sim/src/main/java/ac/cult/blocksim/behavior/BasicBlockRules.java	
net.minecraft.world.level.block.AmethystClusterBlock	getFluidState	BlockState	c7a0e8cf0670c937b327030415a9080e6908ec9b883e0dedc4af7d9b3620c737	port	world/level/block/AmethystClusterBlock.java:89	block-sim/src/main/java/ac/cult/blocksim/engine/SimFluidState.java	Pinned AmethystClusterBlock.getFluidState is a state-only source/waterlogged/LiquidBlock cache lookup. Generated StateFacts retain type, amount, falling flag, source flag and legacy state for every model ID.
net.minecraft.world.level.block.AnvilBlock	getStateForPlacement	BlockPlaceContext	af0560d7eacd5c4f8ea9cb9bdabc19bc7167ac8105f6c2194cd3733bdcaeba27	port	world/level/block/AnvilBlock.java:45	block-sim/src/main/java/ac/cult/blocksim/behavior/BasicBlockRules.java	
net.minecraft.world.level.block.AnvilBlock	useWithoutItem	BlockState,Level,BlockPos,Player,BlockHitResult	0a2b704b17d11976ee10176107dff3ffa490c3b390ecee523fce172fb469fc8d	port	world/level/block/AnvilBlock.java:50	block-sim/src/main/java/ac/cult/blocksim/behavior/BasicBlockRules.java	
net.minecraft.world.level.block.AnvilBlock	getShape	BlockState,BlockGetter,BlockPos,CollisionContext	0126f7f22a0d338f695f67d7a5089a2399759a008d2cf30201a9c4165cac9dff	port	world/level/block/AnvilBlock.java:69	block-sim/src/main/java/ac/cult/blocksim/behavior/BlockBehavior.java	Pinned AnvilBlock.getShape returns a constant, a state-indexed shape, or a block-state delegate; its exact boxes are emitted for every model state by VanillaDataGenerator.evaluate and read from StateFacts. Entity/world-dependent exceptions use separate behavior overrides.
net.minecraft.world.level.block.AttachedStemBlock	getShape	BlockState,BlockGetter,BlockPos,CollisionContext	3968ad83f6910be013d68b7b933caab30630a74bb83248d096866125ff5bb696	port	world/level/block/AttachedStemBlock.java:48	block-sim/src/main/java/ac/cult/blocksim/behavior/BlockBehavior.java	Pinned AttachedStemBlock.getShape returns a constant, a state-indexed shape, or a block-state delegate; its exact boxes are emitted for every model state by VanillaDataGenerator.evaluate and read from StateFacts. Entity/world-dependent exceptions use separate behavior overrides.
net.minecraft.world.level.block.AttachedStemBlock	updateShape	BlockState,LevelReader,ScheduledTickAccess,BlockPos,Direction,BlockPos,BlockState,RandomSource	6d5e8a54df12077f4445837a7063f0146bc4c8c624365bd62f59c05fc7c3cbcf	port	world/level/block/AttachedStemBlock.java:53	block-sim/src/main/java/ac/cult/blocksim/behavior/AttachedStemBehavior.java	
net.minecraft.world.level.block.AttachedStemBlock	mayPlaceOn	BlockState,BlockGetter,BlockPos	de1d95e396bfe95d57982e92d3e7a6132f1dc52965c732edc75ab9e289b35862	port	world/level/block/AttachedStemBlock.java:74	block-sim/src/main/java/ac/cult/blocksim/behavior/AttachedStemBehavior.java	
net.minecraft.world.level.block.AzaleaBlock	getShape	BlockState,BlockGetter,BlockPos,CollisionContext	3d9d2c565148801d0f31c596e14675c6c6a339c2dcce8c3c76180de46db25598	port	world/level/block/AzaleaBlock.java:25	block-sim/src/main/java/ac/cult/blocksim/behavior/BlockBehavior.java	Pinned AzaleaBlock.getShape returns a constant, a state-indexed shape, or a block-state delegate; its exact boxes are emitted for every model state by VanillaDataGenerator.evaluate and read from StateFacts. Entity/world-dependent exceptions use separate behavior overrides.
net.minecraft.world.level.block.AzaleaBlock	mayPlaceOn	BlockState,BlockGetter,BlockPos	baffc5d8d704a0708bf57c27e3ac0f50720cfcd378ec727245e6b01bd2ee7df8	port	world/level/block/AzaleaBlock.java:30	block-sim/src/main/java/ac/cult/blocksim/behavior/BasicBlockRules.java	
net.minecraft.world.level.block.AzaleaBlock	isValidBonemealTarget	LevelReader,BlockPos,BlockState,BonemealSource	7e8a893b315a35280ed7784813716fa887e3c964c39196a5924f317e69c67e26	port	world/level/block/AzaleaBlock.java:35	block-sim/src/main/java/ac/cult/blocksim/behavior/BonemealTargets.java	Pinned AzaleaBlock.isValidBonemealTarget supplies the PLAYER client predicate. The bound target rules cover this family without predicting ServerLevel growth or consumption.
net.minecraft.world.level.block.BambooSaplingBlock	getShape	BlockState,BlockGetter,BlockPos,CollisionContext	bc265d24e4dfae3b4f60270a9b25a59201cc0b927423f6997e265f6166c08fc9	port	world/level/block/BambooSaplingBlock.java:27	block-sim/src/main/java/ac/cult/blocksim/behavior/BlockBehavior.java	
net.minecraft.world.level.block.BambooSaplingBlock	canSurvive	BlockState,LevelReader,BlockPos	df5616f68b60a26e8933da3cd33652c0b30c3d0752eab0845e4ace3844b67a3f	port	world/level/block/BambooSaplingBlock.java:39	block-sim/src/main/java/ac/cult/blocksim/behavior/BambooSaplingBehavior.java	
net.minecraft.world.level.block.BambooSaplingBlock	updateShape	BlockState,LevelReader,ScheduledTickAccess,BlockPos,Direction,BlockPos,BlockState,RandomSource	1090365f4f10d0d133aa33c60c1e1dce1592d64529d7693ef807978b585b8838	port	world/level/block/BambooSaplingBlock.java:44	block-sim/src/main/java/ac/cult/blocksim/behavior/BambooSaplingBehavior.java	
net.minecraft.world.level.block.BambooSaplingBlock	isValidBonemealTarget	LevelReader,BlockPos,BlockState,BonemealSource	7bbd048d19934260a19b2ee07e89c04be73643dc85f85e59c25296c831e90491	port	world/level/block/BambooSaplingBlock.java:69	block-sim/src/main/java/ac/cult/blocksim/behavior/BonemealTargets.java	Pinned BambooSaplingBlock.isValidBonemealTarget supplies the PLAYER client predicate. The bound target rules cover this family without predicting ServerLevel growth or consumption.
net.minecraft.world.level.block.BambooStalkBlock	getShape	BlockState,BlockGetter,BlockPos,CollisionContext	453de6c05ae99cc213489a731730b78ad4a35dbcb57a08d8d23ae0a782ce93a0	port	world/level/block/BambooStalkBlock.java:54	block-sim/src/main/java/ac/cult/blocksim/behavior/BlockBehavior.java	
net.minecraft.world.level.block.BambooStalkBlock	getCollisionShape	BlockState,BlockGetter,BlockPos,CollisionContext	c217f87cdd8270f4b002fc61fd4b2e8fef65e2479e887feecdf877e8b7ea566e	port	world/level/block/BambooStalkBlock.java:65	block-sim/src/main/java/ac/cult/blocksim/behavior/BambooStalkBehavior.java	
net.minecraft.world.level.block.BambooStalkBlock	getStateForPlacement	BlockPlaceContext	a4e3217193dd113c0fd8a5f492f5b29b87dec0add0c444cc050f0693df338a15	port	world/level/block/BambooStalkBlock.java:75	block-sim/src/main/java/ac/cult/blocksim/behavior/BambooStalkBehavior.java	
net.minecraft.world.level.block.BambooStalkBlock	canSurvive	BlockState,LevelReader,BlockPos	df5616f68b60a26e8933da3cd33652c0b30c3d0752eab0845e4ace3844b67a3f	port	world/level/block/BambooStalkBlock.java:122	block-sim/src/main/java/ac/cult/blocksim/behavior/BambooStalkBehavior.java	
net.minecraft.world.level.block.BambooStalkBlock	updateShape	BlockState,LevelReader,ScheduledTickAccess,BlockPos,Direction,BlockPos,BlockState,RandomSource	77cd08ad5d2feb3705c25ce899b5bb38fe3d0942c4e8877f4c0c35005bb3ec00	port	world/level/block/BambooStalkBlock.java:127	block-sim/src/main/java/ac/cult/blocksim/behavior/BambooStalkBehavior.java	
net.minecraft.world.level.block.BambooStalkBlock	isValidBonemealTarget	LevelReader,BlockPos,BlockState,BonemealSource	4611fcf501eb70aa94d8912a2f9642fd79083944ce24dd808a02edd33a700f0d	port	world/level/block/BambooStalkBlock.java:147	block-sim/src/main/java/ac/cult/blocksim/behavior/BonemealTargets.java	Pinned BambooStalkBlock.isValidBonemealTarget supplies the PLAYER client predicate. The bound target rules cover this family without predicting ServerLevel growth or consumption.
net.minecraft.world.level.block.BannerBlock	canSurvive	BlockState,LevelReader,BlockPos	595ba7aa9c45374665dd13576bf8517f502dfb12ca312e06949cd59404133b33	port	world/level/block/BannerBlock.java:31	block-sim/src/main/java/ac/cult/blocksim/behavior/BasicBlockRules.java	
net.minecraft.world.level.block.BannerBlock	getShape	BlockState,BlockGetter,BlockPos,CollisionContext	3d9d2c565148801d0f31c596e14675c6c6a339c2dcce8c3c76180de46db25598	port	world/level/block/BannerBlock.java:36	block-sim/src/main/java/ac/cult/blocksim/behavior/BlockBehavior.java	Pinned BannerBlock.getShape returns a constant, a state-indexed shape, or a block-state delegate; its exact boxes are emitted for every model state by VanillaDataGenerator.evaluate and read from StateFacts. Entity/world-dependent exceptions use separate behavior overrides.
net.minecraft.world.level.block.BannerBlock	getStateForPlacement	BlockPlaceContext	8453e6fc23cfccf0379407798f95ecb08b2d482f30fea7a5fa27c1d2a8521f11	port	world/level/block/BannerBlock.java:41	block-sim/src/main/java/ac/cult/blocksim/behavior/BasicBlockRules.java	The shipped basic-rules rows bind skull neighbor power, skull yaw rotation, banner yaw-plus-180 rotation, pillar clicked-face axis and wall-skull nearest horizontal blocking support. BasicBlockRules applies those assignments in native order.
net.minecraft.world.level.block.BannerBlock	updateShape	BlockState,LevelReader,ScheduledTickAccess,BlockPos,Direction,BlockPos,BlockState,RandomSource	b5056cb5f9974887a11183fd95fde9f7edab9597879287954bfe3e279fa1ab1c	port	world/level/block/BannerBlock.java:46	block-sim/src/main/java/ac/cult/blocksim/behavior/BasicBlockRules.java	
net.minecraft.world.level.block.BarrelBlock	useWithoutItem	BlockState,Level,BlockPos,Player,BlockHitResult	ab1063d6e6c0863d00eebaae4eea1f22c5c514b2c7e4a934922cbc8de2c3841b	port	world/level/block/BarrelBlock.java:35	block-sim/src/main/java/ac/cult/blocksim/behavior/BasicBlockRules.java	
net.minecraft.world.level.block.BarrelBlock	newBlockEntity	BlockPos,BlockState	26814780766b39dff5e17ed5723e2876edeadf7b7183f8402a47877a1e52ab86	port	world/level/block/BarrelBlock.java:60	block-sim/src/main/java/ac/cult/blocksim/engine/BlockEntityPrototypes.java	
net.minecraft.world.level.block.BarrelBlock	hasAnalogOutputSignal	BlockState	431ca6d2bfbc684210415c1210d58f91e7ad98a300ef06eac2f35066edafa4f9	port	world/level/block/BarrelBlock.java:65	block-sim/src/main/java/ac/cult/blocksim/engine/AnalogSignals.java	Pinned BarrelBlock.hasAnalogOutputSignal is represented by generated family binding and compensated state/entity/container fields. Client-only zero results and server-only heart output updates are preserved.
net.minecraft.world.level.block.BarrelBlock	getAnalogOutputSignal	BlockState,Level,BlockPos,Direction	35ac699671beb46624025131f96a8a760d989994dc0c71abb878a76dd7856d1e	port	world/level/block/BarrelBlock.java:70	block-sim/src/main/java/ac/cult/blocksim/engine/AnalogSignals.java	Pinned BarrelBlock.getAnalogOutputSignal is represented by generated family binding and compensated state/entity/container fields. Client-only zero results and server-only heart output updates are preserved.
net.minecraft.world.level.block.BarrelBlock	getStateForPlacement	BlockPlaceContext	fe85663251db4681830f699e5718b5f2f9678769ef7bae34ff943e5d67f00638	port	world/level/block/BarrelBlock.java:90	block-sim/src/main/java/ac/cult/blocksim/behavior/BasicBlockRules.java	
net.minecraft.world.level.block.BarrierBlock	updateShape	BlockState,LevelReader,ScheduledTickAccess,BlockPos,Direction,BlockPos,BlockState,RandomSource	cd735ff51720eba3ff2a816c2afb7edbf4cbad724d36eeb720fa276d61234d45	port	world/level/block/BarrierBlock.java:47	block-sim/src/main/java/ac/cult/blocksim/behavior/BarrierBehavior.java	
net.minecraft.world.level.block.BarrierBlock	getFluidState	BlockState	c7a0e8cf0670c937b327030415a9080e6908ec9b883e0dedc4af7d9b3620c737	port	world/level/block/BarrierBlock.java:65	block-sim/src/main/java/ac/cult/blocksim/engine/SimFluidState.java	Pinned BarrierBlock.getFluidState is a state-only source/waterlogged/LiquidBlock cache lookup. Generated StateFacts retain type, amount, falling flag, source flag and legacy state for every model ID.
net.minecraft.world.level.block.BarrierBlock	getStateForPlacement	BlockPlaceContext	68611ecf0f0fa1e482519db729642c01b450110d6e08e40ef1a5204518aeb505	port	world/level/block/BarrierBlock.java:70	block-sim/src/main/java/ac/cult/blocksim/behavior/BarrierBehavior.java	
net.minecraft.world.level.block.BarrierBlock	pickupBlock	LivingEntity,LevelAccessor,BlockPos,BlockState	a11b34ae5c62ba03b53eee50b4c2025cdf2b1f7bfe04a0710a19ef10d297949b	port	world/level/block/BarrierBlock.java:80	block-sim/src/main/java/ac/cult/blocksim/behavior/BarrierBehavior.java	
net.minecraft.world.level.block.BarrierBlock	canPlaceLiquid	LivingEntity,BlockGetter,BlockPos,BlockState,Fluid	85f7de656cc62ef8deb01b0f6afea2cbcfde2e954d0102df4340da7ccad5b03f	port	world/level/block/BarrierBlock.java:85	block-sim/src/main/java/ac/cult/blocksim/behavior/BarrierBehavior.java	
net.minecraft.world.level.block.BaseCoralFanBlock	getShape	BlockState,BlockGetter,BlockPos,CollisionContext	3d9d2c565148801d0f31c596e14675c6c6a339c2dcce8c3c76180de46db25598	port	world/level/block/BaseCoralFanBlock.java:17	block-sim/src/main/java/ac/cult/blocksim/behavior/BlockBehavior.java	Pinned BaseCoralFanBlock.getShape returns a constant, a state-indexed shape, or a block-state delegate; its exact boxes are emitted for every model state by VanillaDataGenerator.evaluate and read from StateFacts. Entity/world-dependent exceptions use separate behavior overrides.
net.minecraft.world.level.block.BaseCoralPlantBlock	getShape	BlockState,BlockGetter,BlockPos,CollisionContext	3d9d2c565148801d0f31c596e14675c6c6a339c2dcce8c3c76180de46db25598	port	world/level/block/BaseCoralPlantBlock.java:17	block-sim/src/main/java/ac/cult/blocksim/behavior/BlockBehavior.java	Pinned BaseCoralPlantBlock.getShape returns a constant, a state-indexed shape, or a block-state delegate; its exact boxes are emitted for every model state by VanillaDataGenerator.evaluate and read from StateFacts. Entity/world-dependent exceptions use separate behavior overrides.
net.minecraft.world.level.block.BaseCoralPlantTypeBlock	getStateForPlacement	BlockPlaceContext	e066443581a388bdf463106e0c54840094ea3f123e07d3cacb9a7f670a7ce12d	port	world/level/block/BaseCoralPlantTypeBlock.java:53	block-sim/src/main/java/ac/cult/blocksim/behavior/BasicBlockRules.java	
net.minecraft.world.level.block.BaseCoralPlantTypeBlock	getShape	BlockState,BlockGetter,BlockPos,CollisionContext	3d9d2c565148801d0f31c596e14675c6c6a339c2dcce8c3c76180de46db25598	port	world/level/block/BaseCoralPlantTypeBlock.java:59	block-sim/src/main/java/ac/cult/blocksim/behavior/BlockBehavior.java	Pinned BaseCoralPlantTypeBlock.getShape returns a constant, a state-indexed shape, or a block-state delegate; its exact boxes are emitted for every model state by VanillaDataGenerator.evaluate and read from StateFacts. Entity/world-dependent exceptions use separate behavior overrides.
net.minecraft.world.level.block.BaseCoralPlantTypeBlock	updateShape	BlockState,LevelReader,ScheduledTickAccess,BlockPos,Direction,BlockPos,BlockState,RandomSource	b40e2861d2915a4362fecd1cd54d5a6f22e4455ac917a825d188330e029f38c8	port	world/level/block/BaseCoralPlantTypeBlock.java:64	block-sim/src/main/java/ac/cult/blocksim/behavior/BasicBlockRules.java	
net.minecraft.world.level.block.BaseCoralPlantTypeBlock	canSurvive	BlockState,LevelReader,BlockPos	c8f04135bd95b1fcb20cb5e1bc45292636743ec29fd85017e0b911eebc76488d	port	world/level/block/BaseCoralPlantTypeBlock.java:84	block-sim/src/main/java/ac/cult/blocksim/behavior/BasicBlockRules.java	
net.minecraft.world.level.block.BaseCoralPlantTypeBlock	getFluidState	BlockState	c7a0e8cf0670c937b327030415a9080e6908ec9b883e0dedc4af7d9b3620c737	port	world/level/block/BaseCoralPlantTypeBlock.java:95	block-sim/src/main/java/ac/cult/blocksim/engine/SimFluidState.java	Pinned BaseCoralPlantTypeBlock.getFluidState is a state-only source/waterlogged/LiquidBlock cache lookup. Generated StateFacts retain type, amount, falling flag, source flag and legacy state for every model ID.
net.minecraft.world.level.block.BaseCoralWallFanBlock	getShape	BlockState,BlockGetter,BlockPos,CollisionContext	3968ad83f6910be013d68b7b933caab30630a74bb83248d096866125ff5bb696	port	world/level/block/BaseCoralWallFanBlock.java:30	block-sim/src/main/java/ac/cult/blocksim/behavior/BlockBehavior.java	Pinned BaseCoralWallFanBlock.getShape returns a constant, a state-indexed shape, or a block-state delegate; its exact boxes are emitted for every model state by VanillaDataGenerator.evaluate and read from StateFacts. Entity/world-dependent exceptions use separate behavior overrides.
net.minecraft.world.level.block.BaseCoralWallFanBlock	updateShape	BlockState,LevelReader,ScheduledTickAccess,BlockPos,Direction,BlockPos,BlockState,RandomSource	5fd015016b92053cb08b702b883f95fad18c2b5329c796e847f67938a2bb9456	port	world/level/block/BaseCoralWallFanBlock.java:50	block-sim/src/main/java/ac/cult/blocksim/behavior/BasicBlockRules.java	
net.minecraft.world.level.block.BaseCoralWallFanBlock	canSurvive	BlockState,LevelReader,BlockPos	be6b59f341ebeefb476f0c191c9b5bc3c9d209055a8f77f19abfed63f6c9f0e4	port	world/level/block/BaseCoralWallFanBlock.java:68	block-sim/src/main/java/ac/cult/blocksim/behavior/BasicBlockRules.java	
net.minecraft.world.level.block.BaseCoralWallFanBlock	getStateForPlacement	BlockPlaceContext	e12a2e07766061e2c35d7fda0aa522c996739799e1b3fc84a4a64dec253b2d32	port	world/level/block/BaseCoralWallFanBlock.java:76	block-sim/src/main/java/ac/cult/blocksim/behavior/BasicBlockRules.java	
net.minecraft.world.level.block.BaseFireBlock	getStateForPlacement	BlockPlaceContext	9e18121e1247dc377da6832e5d519ae7d1b74995d06fab3504cbfe8994f0f37c	port	world/level/block/BaseFireBlock.java:38	block-sim/src/main/java/ac/cult/blocksim/behavior/BaseFireBehavior.java	
net.minecraft.world.level.block.BaseFireBlock	getState	BlockGetter,BlockPos	aeaba79f43b392b4aecf8736ec6312f00cdbaebb03dd66570d341292e22db57a	port	world/level/block/BaseFireBlock.java:43	block-sim/src/main/java/ac/cult/blocksim/behavior/BlockUseItemBehavior.java	
net.minecraft.world.level.block.BaseFireBlock	getShape	BlockState,BlockGetter,BlockPos,CollisionContext	3d9d2c565148801d0f31c596e14675c6c6a339c2dcce8c3c76180de46db25598	port	world/level/block/BaseFireBlock.java:49	block-sim/src/main/java/ac/cult/blocksim/behavior/BlockBehavior.java	Pinned BaseFireBlock.getShape returns a constant, a state-indexed shape, or a block-state delegate; its exact boxes are emitted for every model state by VanillaDataGenerator.evaluate and read from StateFacts. Entity/world-dependent exceptions use separate behavior overrides.
net.minecraft.world.level.block.BaseFireBlock	inPortalDimension	Level	f2030f4980f9effb4e72e7840388c4d3c81f8d4752d0329e53e1aa572f1f6229	port	world/level/block/BaseFireBlock.java:169	block-sim/src/main/java/ac/cult/blocksim/behavior/PortalFrame.java	
net.minecraft.world.level.block.BaseFireBlock	playerWillDestroy	Level,BlockPos,BlockState,Player	ac78f38182d967d290d406503007e79c6ce331c6e7464543f1c0f3b2e1a99b2e	port	world/level/block/BaseFireBlock.java:177	block-sim/src/main/java/ac/cult/blocksim/behavior/BlockBehavior.java	
net.minecraft.world.level.block.BaseFireBlock	canBePlacedAt	Level,BlockPos,Direction	eafc47c74c441af4e2db34101bf77d03d5fa2f15fa288a154ac2b0f768278c25	port	world/level/block/BaseFireBlock.java:186	block-sim/src/main/java/ac/cult/blocksim/behavior/BlockUseItemBehavior.java	
net.minecraft.world.level.block.BaseFireBlock	isPortal	Level,BlockPos,Direction	e3fd4b1893fe360d057dc18ca72a20d0981bdb75a983fb153e0452bf0a587189	port	world/level/block/BaseFireBlock.java:191	block-sim/src/main/java/ac/cult/blocksim/behavior/PortalFrame.java	
net.minecraft.world.level.block.BasePressurePlateBlock	getShape	BlockState,BlockGetter,BlockPos,CollisionContext	98e12c53fef4b13a31b4c77f71a591d5f6ce43e3d761b252099828872d3637a2	port	world/level/block/BasePressurePlateBlock.java:35	block-sim/src/main/java/ac/cult/blocksim/behavior/BlockBehavior.java	Pinned BasePressurePlateBlock.getShape returns a constant, a state-indexed shape, or a block-state delegate; its exact boxes are emitted for every model state by VanillaDataGenerator.evaluate and read from StateFacts. Entity/world-dependent exceptions use separate behavior overrides.
net.minecraft.world.level.block.BasePressurePlateBlock	updateShape	BlockState,LevelReader,ScheduledTickAccess,BlockPos,Direction,BlockPos,BlockState,RandomSource	b5056cb5f9974887a11183fd95fde9f7edab9597879287954bfe3e279fa1ab1c	port	world/level/block/BasePressurePlateBlock.java:49	block-sim/src/main/java/ac/cult/blocksim/behavior/BasicBlockRules.java	
net.minecraft.world.level.block.BasePressurePlateBlock	canSurvive	BlockState,LevelReader,BlockPos	3228758d6a3e83aca7be84dce27e8f228ba66a8353f84a2ec1a165d745f0c386	port	world/level/block/BasePressurePlateBlock.java:65	block-sim/src/main/java/ac/cult/blocksim/behavior/BasicBlockRules.java	
net.minecraft.world.level.block.BasePressurePlateBlock	getDirectSignal	BlockState,BlockGetter,BlockPos,Direction	2ecf785cf12ff5c214d90efc1be508c554b283aa36825a63d3b72c89fb7b4e89	port	world/level/block/BasePressurePlateBlock.java:127	block-sim/src/main/java/ac/cult/blocksim/behavior/BasicBlockRules.java	
net.minecraft.world.level.block.BasePressurePlateBlock	isSignalSource	BlockState	431ca6d2bfbc684210415c1210d58f91e7ad98a300ef06eac2f35066edafa4f9	port	world/level/block/BasePressurePlateBlock.java:132	block-sim/src/main/java/ac/cult/blocksim/data/StateFacts.java	Pinned getter returns constant true; VanillaDataGenerator.evaluate captures it as StateFacts.SIGNAL_SOURCE for every state. Shared Signals/BlockBehavior queries consume the generated fact without duplicate family getters.
net.minecraft.world.level.block.BasePressurePlateBlock	ownSignal	BlockState,BlockGetter,BlockPos	b487adff15e5c005a346e2e83c33631f5a675b9bb1ba482b975d3c6c7fbd34c8	port	world/level/block/BasePressurePlateBlock.java:137	block-sim/src/main/java/ac/cult/blocksim/behavior/BasicBlockRules.java	
net.minecraft.world.level.block.BaseRailBlock	getShape	BlockState,BlockGetter,BlockPos,CollisionContext	26ca69c6b805ded369e6ef5b98c0004f4355d4c5db2b93dc5cfd95abaad12438	port	world/level/block/BaseRailBlock.java:49	block-sim/src/main/java/ac/cult/blocksim/behavior/BlockBehavior.java	Pinned BaseRailBlock.getShape returns a constant, a state-indexed shape, or a block-state delegate; its exact boxes are emitted for every model state by VanillaDataGenerator.evaluate and read from StateFacts. Entity/world-dependent exceptions use separate behavior overrides.
net.minecraft.world.level.block.BaseRailBlock	canSurvive	BlockState,LevelReader,BlockPos	c940e50b28f8838b9ebf3d5190e19e128abe39fb5e3c8151506f71eb423cecd2	port	world/level/block/BaseRailBlock.java:54	block-sim/src/main/java/ac/cult/blocksim/behavior/BasicBlockRules.java	
net.minecraft.world.level.block.BaseRailBlock	updateState	BlockState,Level,BlockPos,boolean	fd8bc3fbc4c7d779e9a3ad4e6661d2dc71fdb87edec29a952d2dc03a1ead228a	no-client-world-effect	world/level/block/BaseRailBlock.java:66		updateDir returns the same state on the client; ClientLevel neighborChanged does not invoke the server-only neighbor updater.
net.minecraft.world.level.block.BaseRailBlock	neighborChanged	BlockState,Level,BlockPos,Block,Orientation,boolean	dbe39ba361024e317bbefe741c5a5b6e41a5e5541239b6672c6cf87b4ffafc28	server-only	world/level/block/BaseRailBlock.java:75		
net.minecraft.world.level.block.BaseRailBlock	updateState	BlockState,Level,BlockPos,Block	8eb95bcbc154530931e15fc418c8b1fe991095671409552099ea1aa596999ede	server-only	world/level/block/BaseRailBlock.java:104		updateDir returns the same state on the client; ClientLevel neighborChanged does not invoke the server-only neighbor updater.
net.minecraft.world.level.block.BaseRailBlock	getStateForPlacement	BlockPlaceContext	83afbda2fe6378d6fe8f99057160f7f79241733b0ba01862682a10ff5f06351e	port	world/level/block/BaseRailBlock.java:130	block-sim/src/main/java/ac/cult/blocksim/behavior/BasicBlockRules.java	
net.minecraft.world.level.block.BaseRailBlock	updateShape	BlockState,LevelReader,ScheduledTickAccess,BlockPos,Direction,BlockPos,BlockState,RandomSource	cd735ff51720eba3ff2a816c2afb7edbf4cbad724d36eeb720fa276d61234d45	port	world/level/block/BaseRailBlock.java:274	block-sim/src/main/java/ac/cult/blocksim/behavior/BasicBlockRules.java	
net.minecraft.world.level.block.BaseRailBlock	getFluidState	BlockState	c7a0e8cf0670c937b327030415a9080e6908ec9b883e0dedc4af7d9b3620c737	port	world/level/block/BaseRailBlock.java:292	block-sim/src/main/java/ac/cult/blocksim/engine/SimFluidState.java	Pinned BaseRailBlock.getFluidState is a state-only source/waterlogged/LiquidBlock cache lookup. Generated StateFacts retain type, amount, falling flag, source flag and legacy state for every model ID.
net.minecraft.world.level.block.BaseTorchBlock	getShape	BlockState,BlockGetter,BlockPos,CollisionContext	3d9d2c565148801d0f31c596e14675c6c6a339c2dcce8c3c76180de46db25598	port	world/level/block/BaseTorchBlock.java:21	block-sim/src/main/java/ac/cult/blocksim/behavior/BlockBehavior.java	Pinned BaseTorchBlock.getShape returns a constant, a state-indexed shape, or a block-state delegate; its exact boxes are emitted for every model state by VanillaDataGenerator.evaluate and read from StateFacts. Entity/world-dependent exceptions use separate behavior overrides.
net.minecraft.world.level.block.BaseTorchBlock	updateShape	BlockState,LevelReader,ScheduledTickAccess,BlockPos,Direction,BlockPos,BlockState,RandomSource	0d9a2d5010ae7df99aea3e556987a1185444848efd19e7d4849035e08d278450	port	world/level/block/BaseTorchBlock.java:26	block-sim/src/main/java/ac/cult/blocksim/behavior/BasicBlockRules.java	
net.minecraft.world.level.block.BaseTorchBlock	canSurvive	BlockState,LevelReader,BlockPos	8dd00c062f439f5fb4cfd05c4a2057bcb1b1f24d17d8c35d2434dce7af1d0d71	port	world/level/block/BaseTorchBlock.java:42	block-sim/src/main/java/ac/cult/blocksim/behavior/BasicBlockRules.java	
net.minecraft.world.level.block.BeaconBlock	newBlockEntity	BlockPos,BlockState	876e354388ecb995d2185b7e54ab9bbcb255223b5c8683564635731fc7fb144a	port	world/level/block/BeaconBlock.java:29	block-sim/src/main/java/ac/cult/blocksim/engine/BlockEntityPrototypes.java	
net.minecraft.world.level.block.BeaconBlock	useWithoutItem	BlockState,Level,BlockPos,Player,BlockHitResult	ca9cda612f554f1147ec22fc6b8ae56efc647a25a223823d2825a902c986637f	port	world/level/block/BeaconBlock.java:39	block-sim/src/main/java/ac/cult/blocksim/behavior/BasicBlockRules.java	
net.minecraft.world.level.block.BedBlock	getShape	BlockState,BlockGetter,BlockPos,CollisionContext	e5cbcc63adbd05b5ca41d0b4011768488a00966bfa2ef9052ed2ef0846374070	port	world/level/block/BedBlock.java:36	block-sim/src/main/java/ac/cult/blocksim/behavior/BlockBehavior.java	Pinned BedBlock.getShape returns a constant, a state-indexed shape, or a block-state delegate; its exact boxes are emitted for every model state by VanillaDataGenerator.evaluate and read from StateFacts. Entity/world-dependent exceptions use separate behavior overrides.
net.minecraft.world.level.block.BeehiveBlock	hasAnalogOutputSignal	BlockState	431ca6d2bfbc684210415c1210d58f91e7ad98a300ef06eac2f35066edafa4f9	port	world/level/block/BeehiveBlock.java:74	block-sim/src/main/java/ac/cult/blocksim/engine/AnalogSignals.java	Pinned BeehiveBlock.hasAnalogOutputSignal is represented by generated family binding and compensated state/entity/container fields. Client-only zero results and server-only heart output updates are preserved.
net.minecraft.world.level.block.BeehiveBlock	getAnalogOutputSignal	BlockState,Level,BlockPos,Direction	d4e1ecdb9f6ad86f5a6035df6dfdb2bd564c27e1fa64d39ed118680b39c20542	port	world/level/block/BeehiveBlock.java:79	block-sim/src/main/java/ac/cult/blocksim/engine/AnalogSignals.java	Pinned BeehiveBlock.getAnalogOutputSignal is represented by generated family binding and compensated state/entity/container fields. Client-only zero results and server-only heart output updates are preserved.
net.minecraft.world.level.block.BeehiveBlock	useItemOn	ItemStack,BlockState,Level,BlockPos,Player,InteractionHand,BlockHitResult	726db301b05093af5a90ab2750382ce69ca96b02e871a59078ed6277de5709b2	port	world/level/block/BeehiveBlock.java:144	block-sim/src/main/java/ac/cult/blocksim/behavior/BeehiveBehavior.java	
net.minecraft.world.level.block.BeehiveBlock	getStateForPlacement	BlockPlaceContext	2ad1d62f2232e4987c7cd90f27de26f1537d88424f1b501bbb4d139758fdcc54	port	world/level/block/BeehiveBlock.java:263	block-sim/src/main/java/ac/cult/blocksim/behavior/BasicBlockRules.java	
net.minecraft.world.level.block.BeehiveBlock	newBlockEntity	BlockPos,BlockState	c10ea03e0e9a51c09d56c7be861727fde0b558310778be9b06ea694c187c33ef	port	world/level/block/BeehiveBlock.java:273	block-sim/src/main/java/ac/cult/blocksim/engine/BlockEntityPrototypes.java	
net.minecraft.world.level.block.BeehiveBlock	playerWillDestroy	Level,BlockPos,BlockState,Player	dd1508e899bf4a6148c02f5b7bcb1b0237c1aa13721653f4a1095d5f77e3365c	port	world/level/block/BeehiveBlock.java:283	block-sim/src/main/java/ac/cult/blocksim/behavior/BlockBehavior.java	
net.minecraft.world.level.block.BeehiveBlock	updateShape	BlockState,LevelReader,ScheduledTickAccess,BlockPos,Direction,BlockPos,BlockState,RandomSource	b4eaac6e6d7f8effb17c108b60e51a480bd02c3561a367cc82874cfb29d60fbd	no-client-world-effect	world/level/block/BeehiveBlock.java:331		Emergency release retains occupants because ClientLevel.addFreshEntity returns false (BeehiveBlockEntity.java:136,188); updateShape returns the original block state.
net.minecraft.world.level.block.BeetrootBlock	getShape	BlockState,BlockGetter,BlockPos,CollisionContext	cf5dcd71bd34e93616080aa4df8b932312a7e71f3bb833a72e4751493b9644da	port	world/level/block/BeetrootBlock.java:59	block-sim/src/main/java/ac/cult/blocksim/behavior/BlockBehavior.java	Pinned BeetrootBlock.getShape returns a constant, a state-indexed shape, or a block-state delegate; its exact boxes are emitted for every model state by VanillaDataGenerator.evaluate and read from StateFacts. Entity/world-dependent exceptions use separate behavior overrides.
net.minecraft.world.level.block.BellBlock	neighborChanged	BlockState,Level,BlockPos,Block,Orientation,boolean	063e81717e6304f6bba9b721a28350af8f07ba5161abbb4974cd05b2a12281d2	server-only	world/level/block/BellBlock.java:64		
net.minecraft.world.level.block.BellBlock	useWithoutItem	BlockState,Level,BlockPos,Player,BlockHitResult	c32382967f7cc3d4c4667d4a060dc5af28648763280e97dd9d74c48121282df9	port	world/level/block/BellBlock.java:84	block-sim/src/main/java/ac/cult/blocksim/behavior/BellBehavior.java	
net.minecraft.world.level.block.BellBlock	isProperHit	BlockState,Direction,double	3e451212b23ff8660bc69e033ea95a404d5afcb912a5edbd2246f0b15e126976	port	world/level/block/BellBlock.java:109	block-sim/src/main/java/ac/cult/blocksim/behavior/BellBehavior.java	
net.minecraft.world.level.block.BellBlock	getCollisionShape	BlockState,BlockGetter,BlockPos,CollisionContext	e24cb34cd66fe9aecfe1e39dd06d774681cd455e0465ee9abc214c728443b894	port	world/level/block/BellBlock.java:155	block-sim/src/main/java/ac/cult/blocksim/behavior/BlockBehavior.java	Pinned BellBlock.getCollisionShape returns a constant, a state-indexed shape, or a block-state delegate; its exact boxes are emitted for every model state by VanillaDataGenerator.evaluate and read from StateFacts. Entity/world-dependent exceptions use separate behavior overrides.
net.minecraft.world.level.block.BellBlock	getShape	BlockState,BlockGetter,BlockPos,CollisionContext	e24cb34cd66fe9aecfe1e39dd06d774681cd455e0465ee9abc214c728443b894	port	world/level/block/BellBlock.java:160	block-sim/src/main/java/ac/cult/blocksim/behavior/BlockBehavior.java	Pinned BellBlock.getShape returns a constant, a state-indexed shape, or a block-state delegate; its exact boxes are emitted for every model state by VanillaDataGenerator.evaluate and read from StateFacts. Entity/world-dependent exceptions use separate behavior overrides.
net.minecraft.world.level.block.BellBlock	getStateForPlacement	BlockPlaceContext	0151ba56b2fa5b81826dc2b6eb82836d0b1555c869ff0e662615bce98296c804	port	world/level/block/BellBlock.java:165	block-sim/src/main/java/ac/cult/blocksim/behavior/BellBehavior.java	
net.minecraft.world.level.block.BellBlock	updateShape	BlockState,LevelReader,ScheduledTickAccess,BlockPos,Direction,BlockPos,BlockState,RandomSource	bc81dd5d94078cd4912b267796d75e257a9252a5a942b18d55a90d442e53c14a	port	world/level/block/BellBlock.java:213	block-sim/src/main/java/ac/cult/blocksim/behavior/BellBehavior.java	
net.minecraft.world.level.block.BellBlock	canSurvive	BlockState,LevelReader,BlockPos	ce36c94eb4ae394ff0be2d8844c194a7cc73441ae8459f5be8ad6b66d62cba9c	port	world/level/block/BellBlock.java:245	block-sim/src/main/java/ac/cult/blocksim/behavior/BellBehavior.java	
net.minecraft.world.level.block.BellBlock	getConnectedDirection	BlockState	0db1f2706f71393101d9eb7001d83767018b9d46b2eb627a73f279aaa53fd1c7	port	world/level/block/BellBlock.java:253	block-sim/src/main/java/ac/cult/blocksim/behavior/BellBehavior.java	
net.minecraft.world.level.block.BellBlock	newBlockEntity	BlockPos,BlockState	9332ed50ba8712fbf61540d1f1e5d4acad803465d91cb580bf6c7593d717d45e	port	world/level/block/BellBlock.java:266	block-sim/src/main/java/ac/cult/blocksim/engine/BlockEntityPrototypes.java	
net.minecraft.world.level.block.BigDripleafBlock	canReplace	BlockState	df6e8c3d198897c0f4a122c033aed683a80958295022e695b26c090d2332ae1f	port	world/level/block/BigDripleafBlock.java:104	block-sim/src/main/java/ac/cult/blocksim/behavior/BonemealTargets.java	The client bonemeal growth predicate accepts AIR, WATER or SMALL_DRIPLEAF within build height. Existing dripleafGrowth preserves the same checks; growth writes remain server-only.
net.minecraft.world.level.block.BigDripleafBlock	place	LevelAccessor,BlockPos,FluidState,Direction	cce3e99f1f60382d26a00f54536b445df7f71fc70715433399e750e0551f918d	server-only	world/level/block/BigDripleafBlock.java:117		Writes are called from big/stem performBonemeal(ServerLevel), or placeWithRandomHeight called by SmallDripleafBlock.performBonemeal(ServerLevel). Client bonemeal validity remains modeled separately.
net.minecraft.world.level.block.BigDripleafBlock	getFluidState	BlockState	c7a0e8cf0670c937b327030415a9080e6908ec9b883e0dedc4af7d9b3620c737	port	world/level/block/BigDripleafBlock.java:127	block-sim/src/main/java/ac/cult/blocksim/engine/SimFluidState.java	Pinned BigDripleafBlock.getFluidState is a state-only source/waterlogged/LiquidBlock cache lookup. Generated StateFacts retain type, amount, falling flag, source flag and legacy state for every model ID.
net.minecraft.world.level.block.BigDripleafBlock	canSurvive	BlockState,LevelReader,BlockPos	9e139d50dc5b357dcc6ddc3707a099fa771e5507b800e151dbbfafb984eddf0c	port	world/level/block/BigDripleafBlock.java:132	block-sim/src/main/java/ac/cult/blocksim/behavior/BigDripleafBehavior.java	
net.minecraft.world.level.block.BigDripleafBlock	updateShape	BlockState,LevelReader,ScheduledTickAccess,BlockPos,Direction,BlockPos,BlockState,RandomSource	40f30c5644f8e7acc8114b584b04058b0aaf010931c403e19c2f9405060edac0	port	world/level/block/BigDripleafBlock.java:139	block-sim/src/main/java/ac/cult/blocksim/behavior/BigDripleafBehavior.java	
net.minecraft.world.level.block.BigDripleafBlock	isValidBonemealTarget	LevelReader,BlockPos,BlockState,BonemealSource	e171eed30eb9f07d1588ecb3a2d921a47898727a2155103f58078abe5ea1cbf4	port	world/level/block/BigDripleafBlock.java:163	block-sim/src/main/java/ac/cult/blocksim/behavior/BonemealTargets.java	Pinned BigDripleafBlock.isValidBonemealTarget supplies the PLAYER client predicate. The bound target rules cover this family without predicting ServerLevel growth or consumption.
net.minecraft.world.level.block.BigDripleafBlock	neighborChanged	BlockState,Level,BlockPos,Block,Orientation,boolean	077820a6f6cdbd21682b0acc89ab10a520073b4aa59a793ba4d152021fc24668	server-only	world/level/block/BigDripleafBlock.java:210		
net.minecraft.world.level.block.BigDripleafBlock	getCollisionShape	BlockState,BlockGetter,BlockPos,CollisionContext	fbf1d2806940b9d79d44fd0852d72691970ba9a01787adec235ff9b43229be3a	port	world/level/block/BigDripleafBlock.java:255	block-sim/src/main/java/ac/cult/blocksim/behavior/BlockBehavior.java	Pinned BigDripleafBlock.getCollisionShape returns a constant, a state-indexed shape, or a block-state delegate; its exact boxes are emitted for every model state by VanillaDataGenerator.evaluate and read from StateFacts. Entity/world-dependent exceptions use separate behavior overrides.
net.minecraft.world.level.block.BigDripleafBlock	getShape	BlockState,BlockGetter,BlockPos,CollisionContext	3e21ce4e351a671bf09a0815b0c126bdddae750dee103c86fdc4268521311e6c	port	world/level/block/BigDripleafBlock.java:260	block-sim/src/main/java/ac/cult/blocksim/behavior/BlockBehavior.java	Pinned BigDripleafBlock.getShape returns a constant, a state-indexed shape, or a block-state delegate; its exact boxes are emitted for every model state by VanillaDataGenerator.evaluate and read from StateFacts. Entity/world-dependent exceptions use separate behavior overrides.
net.minecraft.world.level.block.BigDripleafBlock	getStateForPlacement	BlockPlaceContext	548cf6bd083bdec30082ead37c2ec50536603921ff428362598a3bac68a86790	port	world/level/block/BigDripleafBlock.java:265	block-sim/src/main/java/ac/cult/blocksim/behavior/BigDripleafBehavior.java	
net.minecraft.world.level.block.BigDripleafStemBlock	getShape	BlockState,BlockGetter,BlockPos,CollisionContext	3968ad83f6910be013d68b7b933caab30630a74bb83248d096866125ff5bb696	port	world/level/block/BigDripleafStemBlock.java:37	block-sim/src/main/java/ac/cult/blocksim/behavior/BlockBehavior.java	Pinned BigDripleafStemBlock.getShape returns a constant, a state-indexed shape, or a block-state delegate; its exact boxes are emitted for every model state by VanillaDataGenerator.evaluate and read from StateFacts. Entity/world-dependent exceptions use separate behavior overrides.
net.minecraft.world.level.block.BigDripleafStemBlock	getFluidState	BlockState	c7a0e8cf0670c937b327030415a9080e6908ec9b883e0dedc4af7d9b3620c737	port	world/level/block/BigDripleafStemBlock.java:47	block-sim/src/main/java/ac/cult/blocksim/engine/SimFluidState.java	Pinned BigDripleafStemBlock.getFluidState is a state-only source/waterlogged/LiquidBlock cache lookup. Generated StateFacts retain type, amount, falling flag, source flag and legacy state for every model ID.
net.minecraft.world.level.block.BigDripleafStemBlock	canSurvive	BlockState,LevelReader,BlockPos	3eab15ea7e8f31f03cbf2f9ba38edfa55c1fb4d02429052a3d8bd5730f5ffd04	port	world/level/block/BigDripleafStemBlock.java:52	block-sim/src/main/java/ac/cult/blocksim/behavior/BigDripleafStemBehavior.java	
net.minecraft.world.level.block.BigDripleafStemBlock	place	LevelAccessor,BlockPos,FluidState,Direction	71e031ca6604141b3ac0807815414bbf5f4c2f47cd4554e3cefde34d4b5310ba	server-only	world/level/block/BigDripleafStemBlock.java:60		Stem writes are reached from big/stem performBonemeal(ServerLevel) and random-height growth called by SmallDripleafBlock.performBonemeal(ServerLevel). Normal client item placement uses its existing placement-state behavior.
net.minecraft.world.level.block.BigDripleafStemBlock	updateShape	BlockState,LevelReader,ScheduledTickAccess,BlockPos,Direction,BlockPos,BlockState,RandomSource	7edd6c3e9bc0634d5ed61ff7c48d80b0172b6399cbf6855cc3492ea7b60d3c27	no-client-world-effect	world/level/block/BigDripleafStemBlock.java:68		Schedules block/fluid ticks only; ClientLevel scheduled tick access is a blackhole, then BlockBehaviour.updateShape returns the same state.
net.minecraft.world.level.block.BigDripleafStemBlock	isValidBonemealTarget	LevelReader,BlockPos,BlockState,BonemealSource	a72e3b1cb05303f1536113c1a5059f02ed24c2d925108d32999e4c2059c5cbd1	port	world/level/block/BigDripleafStemBlock.java:97	block-sim/src/main/java/ac/cult/blocksim/behavior/BonemealTargets.java	Pinned BigDripleafStemBlock.isValidBonemealTarget supplies the PLAYER client predicate. The bound target rules cover this family without predicting ServerLevel growth or consumption.
net.minecraft.world.level.block.BlastFurnaceBlock	newBlockEntity	BlockPos,BlockState	a53e0443017cef6f67c2c415fe762fc6ba50643efd43de3f711817cefd04ddcb	port	world/level/block/BlastFurnaceBlock.java:27	block-sim/src/main/java/ac/cult/blocksim/engine/BlockEntityPrototypes.java	
net.minecraft.world.level.block.Block	updateFromNeighbourShapes	BlockState,LevelAccessor,BlockPos	c84895b436229f137b9a6616c79ca9f97b2b5d69143810f98d139a5f2b4ff814	port	world/level/block/Block.java:198	block-sim/src/main/java/ac/cult/blocksim/engine/SimLevel.java	
net.minecraft.world.level.block.Block	updateOrDestroy	BlockState,BlockState,LevelAccessor,BlockPos,int	280ee75cf5320d61c057f0c06c47d471728e9236917f403c46e8bb646974fcec	port	world/level/block/Block.java:210	block-sim/src/main/java/ac/cult/blocksim/engine/SimLevel.java	The convenience overload supplies depth 512 to updateOrDestroy. The shared owned implementation preserves the client air no-op, identity check and non-air setBlock flags with bit 32 removed; callers carry the same explicit depth budget.
net.minecraft.world.level.block.Block	updateOrDestroy	BlockState,BlockState,LevelAccessor,BlockPos,int,int	1b4249bd81cd262d02d5a6f617cee94bc0bc08b06c83c8402cf7ebf1f22509af	port	world/level/block/Block.java:216	block-sim/src/main/java/ac/cult/blocksim/engine/SimLevel.java	
net.minecraft.world.level.block.Block	isExceptionForConnection	BlockState	5650642324350e709de9843847ce03fda7a6a69ce1c4e14542ed31182385fb78	port	world/level/block/Block.java:249	block-sim/src/main/java/ac/cult/blocksim/behavior/ConnectionRules.java	
net.minecraft.world.level.block.Block	canSupportRigidBlock	BlockGetter,BlockPos	04e9ecdd84dfd344ee4d1ac3949f141761655c4e39153d4aa400be1c267038b6	port	world/level/block/Block.java:334	block-sim/src/main/java/ac/cult/blocksim/behavior/SupportRules.java	
net.minecraft.world.level.block.Block	canSupportCenter	LevelReader,BlockPos,Direction	7efc203052098445db02e82d853cb6ac7a8299b6bd2fb42a77f12770c5d78f48	port	world/level/block/Block.java:338	block-sim/src/main/java/ac/cult/blocksim/behavior/SupportRules.java	
net.minecraft.world.level.block.Block	isFaceFull	VoxelShape,Direction	ac635503d185896262ec4bd1bce127bdc37d69f86c8a9aed8326ec3f40ac3a46	port	world/level/block/Block.java:345	block-sim/src/main/java/ac/cult/blocksim/engine/shapes/SupportType.java	FULL support slices the requested shape face and tests it against the full block with BooleanOp.NOT_SAME, preserving the native isFaceFull result.
net.minecraft.world.level.block.Block	isShapeFullBlock	VoxelShape	48f9471c511cd87f3f081581331ed99f44cf309cd59bf599dbc2c0dfb0eb783a	port	world/level/block/Block.java:350	block-sim/src/main/java/ac/cult/blocksim/engine/SimLevel.java	collisionShapeFullBlock tests exact shape occupancy against Shapes.block with BooleanOp.NOT_SAME. The native shape-full cache memoizes the same Boolean result and does not change geometry.
net.minecraft.world.level.block.Block	destroy	LevelAccessor,BlockPos,BlockState	8eb95bcbc154530931e15fc418c8b1fe991095671409552099ea1aa596999ede	port	world/level/block/Block.java:357	block-sim/src/main/java/ac/cult/blocksim/behavior/BlockBehavior.java	
net.minecraft.world.level.block.Block	getStateForPlacement	BlockPlaceContext	a2a089ac37f54321601de7dc69ab248bf69136e9aca3ecd7674ae9dad6500c1e	port	world/level/block/Block.java:461	block-sim/src/main/java/ac/cult/blocksim/behavior/BlockBehavior.java	
net.minecraft.world.level.block.Block	setPlacedBy	Level,BlockPos,BlockState,LivingEntity,ItemStack	8eb95bcbc154530931e15fc418c8b1fe991095671409552099ea1aa596999ede	port	world/level/block/Block.java:478	block-sim/src/main/java/ac/cult/blocksim/behavior/BlockBehavior.java	
net.minecraft.world.level.block.Block	playerWillDestroy	Level,BlockPos,BlockState,Player	b903e53f1b4d4fdc018d41c5befc11258f1696333c002df5e2b3b830b7e6489f	port	world/level/block/Block.java:525	block-sim/src/main/java/ac/cult/blocksim/behavior/BlockBehavior.java	
net.minecraft.world.level.block.Block	withPropertiesOf	BlockState	5a7dbbbd8473b984cfba67bff9e927965b99f3b291fd025ec0d0ad80ef792fcc	port	world/level/block/Block.java:557	block-sim/src/main/java/ac/cult/blocksim/data/BlockRegistry.java	
net.minecraft.world.level.block.BonemealableFeaturePlacerBlock	isValidBonemealTarget	LevelReader,BlockPos,BlockState,BonemealSource	eb86e1e9ad63e1563c0fb7f1f3a0a230cae2b698e8158f3b434408a6287fbafd	port	world/level/block/BonemealableFeaturePlacerBlock.java:22	block-sim/src/main/java/ac/cult/blocksim/behavior/BonemealTargets.java	Pinned BonemealableFeaturePlacerBlock.isValidBonemealTarget supplies the PLAYER client predicate. The bound target rules cover this family without predicting ServerLevel growth or consumption.
net.minecraft.world.level.block.BrewingStandBlock	newBlockEntity	BlockPos,BlockState	a0141ca5f61e7a4068cf7ff97cae21553dab109eabfb25d12f0661ed28ff28e8	port	world/level/block/BrewingStandBlock.java:43	block-sim/src/main/java/ac/cult/blocksim/engine/BlockEntityPrototypes.java	
net.minecraft.world.level.block.BrewingStandBlock	getShape	BlockState,BlockGetter,BlockPos,CollisionContext	3d9d2c565148801d0f31c596e14675c6c6a339c2dcce8c3c76180de46db25598	port	world/level/block/BrewingStandBlock.java:57	block-sim/src/main/java/ac/cult/blocksim/behavior/BlockBehavior.java	Pinned BrewingStandBlock.getShape returns a constant, a state-indexed shape, or a block-state delegate; its exact boxes are emitted for every model state by VanillaDataGenerator.evaluate and read from StateFacts. Entity/world-dependent exceptions use separate behavior overrides.
net.minecraft.world.level.block.BrewingStandBlock	useWithoutItem	BlockState,Level,BlockPos,Player,BlockHitResult	394bb277f7125091d2e3ae23365826e654eb51d4f5683ac8ad1643c0c0a1039f	port	world/level/block/BrewingStandBlock.java:62	block-sim/src/main/java/ac/cult/blocksim/behavior/BasicBlockRules.java	
net.minecraft.world.level.block.BrewingStandBlock	hasAnalogOutputSignal	BlockState	431ca6d2bfbc684210415c1210d58f91e7ad98a300ef06eac2f35066edafa4f9	port	world/level/block/BrewingStandBlock.java:87	block-sim/src/main/java/ac/cult/blocksim/engine/AnalogSignals.java	Pinned BrewingStandBlock.hasAnalogOutputSignal is represented by generated family binding and compensated state/entity/container fields. Client-only zero results and server-only heart output updates are preserved.
net.minecraft.world.level.block.BrewingStandBlock	getAnalogOutputSignal	BlockState,Level,BlockPos,Direction	35ac699671beb46624025131f96a8a760d989994dc0c71abb878a76dd7856d1e	port	world/level/block/BrewingStandBlock.java:92	block-sim/src/main/java/ac/cult/blocksim/engine/AnalogSignals.java	Pinned BrewingStandBlock.getAnalogOutputSignal is represented by generated family binding and compensated state/entity/container fields. Client-only zero results and server-only heart output updates are preserved.
net.minecraft.world.level.block.BrushableBlock	updateShape	BlockState,LevelReader,ScheduledTickAccess,BlockPos,Direction,BlockPos,BlockState,RandomSource	51d443977064975ca8ae994197ef8de00f65c60947755480f0d3d1b7ac1d4f7c	no-client-world-effect	world/level/block/BrushableBlock.java:50		Pinned BrushableBlock.updateShape only schedules water/falling ticks and delegates to the state-preserving default; client scheduled tick queues do not execute those server ticks.
net.minecraft.world.level.block.BrushableBlock	newBlockEntity	BlockPos,BlockState	6e2ea1136eca846236b255100f86eb05f75f393c5e7e13e607a577b46c797e94	port	world/level/block/BrushableBlock.java:97	block-sim/src/main/java/ac/cult/blocksim/engine/BlockEntityPrototypes.java	
net.minecraft.world.level.block.BubbleColumnBlock	getFluidState	BlockState	b5a4383c0a02b8c9b03037b23a17c7f6ca45f498a2a0c9b2eb09df3f18c1298b	port	world/level/block/BubbleColumnBlock.java:66	block-sim/src/main/java/ac/cult/blocksim/engine/SimFluidState.java	Pinned BubbleColumnBlock.getFluidState is a state-only source/waterlogged/LiquidBlock cache lookup. Generated StateFacts retain type, amount, falling flag, source flag and legacy state for every model ID.
net.minecraft.world.level.block.BubbleColumnBlock	updateShape	BlockState,LevelReader,ScheduledTickAccess,BlockPos,Direction,BlockPos,BlockState,RandomSource	7f413cde4e0f98dbe09061395be9450722113270868a2d30dc14b4852e1a2ec9	no-client-world-effect	world/level/block/BubbleColumnBlock.java:154		Schedules block/fluid ticks only; ClientLevel scheduled tick access is a blackhole, then BlockBehaviour.updateShape returns the same state.
net.minecraft.world.level.block.BubbleColumnBlock	canSurvive	BlockState,LevelReader,BlockPos	0417ea908e68ea69a3e15b408b9e59599a5f014ec0656d6e36e647734d80f2b0	port	world/level/block/BubbleColumnBlock.java:175	block-sim/src/main/java/ac/cult/blocksim/behavior/BubbleColumnBehavior.java	Pinned BubbleColumnBlock.canSurvive reads the block below and the two received enables_bubble_column_push_up/drag_down tags; no scheduled conversion is predicted.
net.minecraft.world.level.block.BubbleColumnBlock	getShape	BlockState,BlockGetter,BlockPos,CollisionContext	ed610faefe8c377df35fb7ad2b774e3fd4fb63fab279c944366d6dc688f6670b	port	world/level/block/BubbleColumnBlock.java:181	block-sim/src/main/java/ac/cult/blocksim/behavior/BlockBehavior.java	Pinned BubbleColumnBlock.getShape returns a constant, a state-indexed shape, or a block-state delegate; its exact boxes are emitted for every model state by VanillaDataGenerator.evaluate and read from StateFacts. Entity/world-dependent exceptions use separate behavior overrides.
net.minecraft.world.level.block.BubbleColumnBlock	pickupBlock	LivingEntity,LevelAccessor,BlockPos,BlockState	48a82d196763b6d4106db8417f9de3e4d6dac8359be903f1c30e9e469e9518e8	port	world/level/block/BubbleColumnBlock.java:196	block-sim/src/main/java/ac/cult/blocksim/behavior/BlockPickupBehavior.java	
net.minecraft.world.level.block.BushBlock	getShape	BlockState,BlockGetter,BlockPos,CollisionContext	f48a27e70a1c5d72d1091ad722c5fb1baf16f4d02c7e157eafcca31c4339f637	port	world/level/block/BushBlock.java:29	block-sim/src/main/java/ac/cult/blocksim/behavior/BlockBehavior.java	Pinned BushBlock.getShape returns a constant, a state-indexed shape, or a block-state delegate; its exact boxes are emitted for every model state by VanillaDataGenerator.evaluate and read from StateFacts. Entity/world-dependent exceptions use separate behavior overrides.
net.minecraft.world.level.block.BushBlock	isValidBonemealTarget	LevelReader,BlockPos,BlockState,BonemealSource	9240ab73f18947de610715f1419e1500f27bcb4e603a165303c7bbe155f80456	port	world/level/block/BushBlock.java:34	block-sim/src/main/java/ac/cult/blocksim/behavior/BonemealTargets.java	Pinned BushBlock.isValidBonemealTarget supplies the PLAYER client predicate. The bound target rules cover this family without predicting ServerLevel growth or consumption.
net.minecraft.world.level.block.ButtonBlock	getShape	BlockState,BlockGetter,BlockPos,CollisionContext	3e21ce4e351a671bf09a0815b0c126bdddae750dee103c86fdc4268521311e6c	port	world/level/block/ButtonBlock.java:64	block-sim/src/main/java/ac/cult/blocksim/behavior/BlockBehavior.java	Pinned ButtonBlock.getShape returns a constant, a state-indexed shape, or a block-state delegate; its exact boxes are emitted for every model state by VanillaDataGenerator.evaluate and read from StateFacts. Entity/world-dependent exceptions use separate behavior overrides.
net.minecraft.world.level.block.ButtonBlock	useWithoutItem	BlockState,Level,BlockPos,Player,BlockHitResult	215ba6c4ea1b0aa2088c2567bcaa4d419f7edef225d94f3a75a1e89d77ad350a	port	world/level/block/ButtonBlock.java:69	block-sim/src/main/java/ac/cult/blocksim/behavior/ButtonBehavior.java	
net.minecraft.world.level.block.ButtonBlock	press	BlockState,Level,BlockPos,Player	7e49d724890a9f7a84220e007b5cf902f6ea813d911a875aa4c5c8227c93de8b	port	world/level/block/ButtonBlock.java:92	block-sim/src/main/java/ac/cult/blocksim/behavior/ButtonBehavior.java	
net.minecraft.world.level.block.ButtonBlock	getDirectSignal	BlockState,BlockGetter,BlockPos,Direction	705d1a2b1adc742a3c6298cd2c77131e7aa056d5290c19d02bf55c9160d6f9d0	port	world/level/block/ButtonBlock.java:115	block-sim/src/main/java/ac/cult/blocksim/behavior/ButtonBehavior.java	
net.minecraft.world.level.block.ButtonBlock	isSignalSource	BlockState	431ca6d2bfbc684210415c1210d58f91e7ad98a300ef06eac2f35066edafa4f9	port	world/level/block/ButtonBlock.java:120	block-sim/src/main/java/ac/cult/blocksim/data/StateFacts.java	Pinned getter returns constant true; VanillaDataGenerator.evaluate captures it as StateFacts.SIGNAL_SOURCE for every state. Shared Signals/BlockBehavior queries consume the generated fact without duplicate family getters.
net.minecraft.world.level.block.ButtonBlock	ownSignal	BlockState,BlockGetter,BlockPos	63b0f9a21db99967d72defb089090245cc6d8811ce87573b3730898a0d38eef4	port	world/level/block/ButtonBlock.java:125	block-sim/src/main/java/ac/cult/blocksim/behavior/ButtonBehavior.java	
net.minecraft.world.level.block.CactusBlock	getCollisionShape	BlockState,BlockGetter,BlockPos,CollisionContext	65416f026dd72039411b30cd0efea4d78b3ff6e25dd134922f24845791d29533	port	world/level/block/CactusBlock.java:77	block-sim/src/main/java/ac/cult/blocksim/behavior/BlockBehavior.java	Pinned CactusBlock.getCollisionShape returns a constant, a state-indexed shape, or a block-state delegate; its exact boxes are emitted for every model state by VanillaDataGenerator.evaluate and read from StateFacts. Entity/world-dependent exceptions use separate behavior overrides.
net.minecraft.world.level.block.CactusBlock	getShape	BlockState,BlockGetter,BlockPos,CollisionContext	3d9d2c565148801d0f31c596e14675c6c6a339c2dcce8c3c76180de46db25598	port	world/level/block/CactusBlock.java:82	block-sim/src/main/java/ac/cult/blocksim/behavior/BlockBehavior.java	Pinned CactusBlock.getShape returns a constant, a state-indexed shape, or a block-state delegate; its exact boxes are emitted for every model state by VanillaDataGenerator.evaluate and read from StateFacts. Entity/world-dependent exceptions use separate behavior overrides.
net.minecraft.world.level.block.CactusBlock	updateShape	BlockState,LevelReader,ScheduledTickAccess,BlockPos,Direction,BlockPos,BlockState,RandomSource	15ddf5b3cfc465b414c8011b529e4d107ac32467ae1bb69c2d3c2817eb0aa501	port	world/level/block/CactusBlock.java:87	block-sim/src/main/java/ac/cult/blocksim/behavior/CactusBehavior.java	
net.minecraft.world.level.block.CactusBlock	canSurvive	BlockState,LevelReader,BlockPos	491a2b7c65c6dde997360d7540bf8273c336a8ca9fa90d9bb9d493d22d028a7f	port	world/level/block/CactusBlock.java:105	block-sim/src/main/java/ac/cult/blocksim/behavior/CactusBehavior.java	
net.minecraft.world.level.block.CactusFlowerBlock	getShape	BlockState,BlockGetter,BlockPos,CollisionContext	3d9d2c565148801d0f31c596e14675c6c6a339c2dcce8c3c76180de46db25598	port	world/level/block/CactusFlowerBlock.java:19	block-sim/src/main/java/ac/cult/blocksim/behavior/BlockBehavior.java	Pinned CactusFlowerBlock.getShape returns a constant, a state-indexed shape, or a block-state delegate; its exact boxes are emitted for every model state by VanillaDataGenerator.evaluate and read from StateFacts. Entity/world-dependent exceptions use separate behavior overrides.
net.minecraft.world.level.block.CactusFlowerBlock	mayPlaceOn	BlockState,BlockGetter,BlockPos	16d7b44f79e503f61ff26dae98088ef52957be3bc58dbc0ca30689f9963d8719	port	world/level/block/CactusFlowerBlock.java:24	block-sim/src/main/java/ac/cult/blocksim/behavior/VegetationBehavior.java	
net.minecraft.world.level.block.CakeBlock	getShape	BlockState,BlockGetter,BlockPos,CollisionContext	a2237e11fbde3f53d2c971bc19234a1f0aba3cea56be0afe505115ac4f4dcad3	port	world/level/block/CakeBlock.java:42	block-sim/src/main/java/ac/cult/blocksim/behavior/BlockBehavior.java	Pinned CakeBlock.getShape returns a constant, a state-indexed shape, or a block-state delegate; its exact boxes are emitted for every model state by VanillaDataGenerator.evaluate and read from StateFacts. Entity/world-dependent exceptions use separate behavior overrides.
net.minecraft.world.level.block.CakeBlock	useItemOn	ItemStack,BlockState,Level,BlockPos,Player,InteractionHand,BlockHitResult	3c9873e44a17e441f2bffee1d2a77be7afa805105911b31fb685d14c376f5a53	port	world/level/block/CakeBlock.java:47	block-sim/src/main/java/ac/cult/blocksim/behavior/CakeBehavior.java	
net.minecraft.world.level.block.CakeBlock	useWithoutItem	BlockState,Level,BlockPos,Player,BlockHitResult	1216e3236300859056dfc84b19e520eddd02dd156beb5be700b3f9292625edc9	port	world/level/block/CakeBlock.java:70	block-sim/src/main/java/ac/cult/blocksim/behavior/CakeBehavior.java	
net.minecraft.world.level.block.CakeBlock	eat	LevelAccessor,BlockPos,BlockState,Player	e60eb3768bfd34461f4ba4e706d992aad60b32ea094ccb02f089b0829a1e39e8	port	world/level/block/CakeBlock.java:87	block-sim/src/main/java/ac/cult/blocksim/behavior/CakeBehavior.java	
net.minecraft.world.level.block.CakeBlock	updateShape	BlockState,LevelReader,ScheduledTickAccess,BlockPos,Direction,BlockPos,BlockState,RandomSource	b5056cb5f9974887a11183fd95fde9f7edab9597879287954bfe3e279fa1ab1c	port	world/level/block/CakeBlock.java:106	block-sim/src/main/java/ac/cult/blocksim/behavior/CakeBehavior.java	
net.minecraft.world.level.block.CakeBlock	canSurvive	BlockState,LevelReader,BlockPos	595ba7aa9c45374665dd13576bf8517f502dfb12ca312e06949cd59404133b33	port	world/level/block/CakeBlock.java:122	block-sim/src/main/java/ac/cult/blocksim/behavior/CakeBehavior.java	
net.minecraft.world.level.block.CakeBlock	getAnalogOutputSignal	BlockState,Level,BlockPos,Direction	a9e59717c6d5b66c4069f1d2fee13e2b67fadb0b672a787848001a75b3f5b17c	port	world/level/block/CakeBlock.java:132	block-sim/src/main/java/ac/cult/blocksim/engine/AnalogSignals.java	Pinned CakeBlock.getAnalogOutputSignal is represented by generated family binding and compensated state/entity/container fields. Client-only zero results and server-only heart output updates are preserved.
net.minecraft.world.level.block.CakeBlock	getOutputSignal	int	99ceb2141c4e20c8a18420d568ceb1f324f288cb783552cc58da6579b141b872	port	world/level/block/CakeBlock.java:137	block-sim/src/main/java/ac/cult/blocksim/engine/AnalogSignals.java	The cake analog-output branch computes (7 - bites) times 2, including every generated bite state.
net.minecraft.world.level.block.CakeBlock	hasAnalogOutputSignal	BlockState	431ca6d2bfbc684210415c1210d58f91e7ad98a300ef06eac2f35066edafa4f9	port	world/level/block/CakeBlock.java:141	block-sim/src/main/java/ac/cult/blocksim/engine/AnalogSignals.java	Pinned CakeBlock.hasAnalogOutputSignal is represented by generated family binding and compensated state/entity/container fields. Client-only zero results and server-only heart output updates are preserved.
net.minecraft.world.level.block.CalibratedSculkSensorBlock	newBlockEntity	BlockPos,BlockState	3c2e30ccf8b8698783d9d9e6bedb21415104f56022bb835902f8bc9d517977b0	port	world/level/block/CalibratedSculkSensorBlock.java:29	block-sim/src/main/java/ac/cult/blocksim/engine/BlockEntityPrototypes.java	
net.minecraft.world.level.block.CalibratedSculkSensorBlock	getStateForPlacement	BlockPlaceContext	2f3d3703bc8b291b7bc4acee9e64171930213be5b4e60db72df482d6b19c9d6f	port	world/level/block/CalibratedSculkSensorBlock.java:45	block-sim/src/main/java/ac/cult/blocksim/behavior/CalibratedSculkSensorBehavior.java	
net.minecraft.world.level.block.CalibratedSculkSensorBlock	getSignal	BlockState,BlockGetter,BlockPos,Direction	355b7d9fa146d8efde18f7a259d0b7e136dc45a9db8a8900daa737f8f14b1117	port	world/level/block/CalibratedSculkSensorBlock.java:50	block-sim/src/main/java/ac/cult/blocksim/behavior/CalibratedSculkSensorBehavior.java	
net.minecraft.world.level.block.CampfireBlock	useItemOn	ItemStack,BlockState,Level,BlockPos,Player,InteractionHand,BlockHitResult	39ef6b11f4150a22c5a0ab7f6ebcd44ff9875bcdcdb8af252120060181e15d2b	port	world/level/block/CampfireBlock.java:75	block-sim/src/main/java/ac/cult/blocksim/behavior/CampfireBehavior.java	
net.minecraft.world.level.block.CampfireBlock	getStateForPlacement	BlockPlaceContext	7c028d1bc7bb19824ba94f97e4eda8a9891ed350fbff7e08026a88bd36499782	port	world/level/block/CampfireBlock.java:122	block-sim/src/main/java/ac/cult/blocksim/behavior/CampfireBehavior.java	
net.minecraft.world.level.block.CampfireBlock	updateShape	BlockState,LevelReader,ScheduledTickAccess,BlockPos,Direction,BlockPos,BlockState,RandomSource	f72d156f0b0b8822efd67bfb1eb4cd66c1f78884b118016987188e63211f9d36	port	world/level/block/CampfireBlock.java:134	block-sim/src/main/java/ac/cult/blocksim/behavior/CampfireBehavior.java	
net.minecraft.world.level.block.CampfireBlock	isSmokeSource	BlockState	3d932677551ebb58ca053f23a694a8809c308e4ba377e96f50cd42c08ef65fdb	port	world/level/block/CampfireBlock.java:154	block-sim/src/main/java/ac/cult/blocksim/behavior/CampfireBehavior.java	
net.minecraft.world.level.block.CampfireBlock	getShape	BlockState,BlockGetter,BlockPos,CollisionContext	3d9d2c565148801d0f31c596e14675c6c6a339c2dcce8c3c76180de46db25598	port	world/level/block/CampfireBlock.java:158	block-sim/src/main/java/ac/cult/blocksim/behavior/BlockBehavior.java	Pinned CampfireBlock.getShape returns a constant, a state-indexed shape, or a block-state delegate; its exact boxes are emitted for every model state by VanillaDataGenerator.evaluate and read from StateFacts. Entity/world-dependent exceptions use separate behavior overrides.
net.minecraft.world.level.block.CampfireBlock	placeLiquid	LevelAccessor,BlockPos,BlockState,FluidState	410120052184de5b8331c2de20a8712a4f3ac5bb69588c7e2fbd693f8d2142d0	port	world/level/block/CampfireBlock.java:199	block-sim/src/main/java/ac/cult/blocksim/behavior/CampfireBehavior.java	
net.minecraft.world.level.block.CampfireBlock	getFluidState	BlockState	c7a0e8cf0670c937b327030415a9080e6908ec9b883e0dedc4af7d9b3620c737	port	world/level/block/CampfireBlock.java:279	block-sim/src/main/java/ac/cult/blocksim/engine/SimFluidState.java	Pinned CampfireBlock.getFluidState is a state-only source/waterlogged/LiquidBlock cache lookup. Generated StateFacts retain type, amount, falling flag, source flag and legacy state for every model ID.
net.minecraft.world.level.block.CampfireBlock	newBlockEntity	BlockPos,BlockState	9a8dec57a75c330c6764f94f6eff7945b1275d17721f47ffea826880c1063691	port	world/level/block/CampfireBlock.java:299	block-sim/src/main/java/ac/cult/blocksim/engine/BlockEntityPrototypes.java	
net.minecraft.world.level.block.CampfireBlock	canLight	BlockState	a275894fb3db8fe3d84926964a4dc54c145feb1088d93e5b66a9f08e27e0fd65	port	world/level/block/CampfireBlock.java:325	block-sim/src/main/java/ac/cult/blocksim/behavior/BlockUseItemBehavior.java	
net.minecraft.world.level.block.CandleBlock	useItemOn	ItemStack,BlockState,Level,BlockPos,Player,InteractionHand,BlockHitResult	5b3e87d9a7c7620eb7887384604eb80ec0f2706df0e704d9ba482868f2261fe7	port	world/level/block/CandleBlock.java:72	block-sim/src/main/java/ac/cult/blocksim/behavior/CandleBehavior.java	
net.minecraft.world.level.block.CandleBlock	canBeReplaced	BlockState,BlockPlaceContext	e26a8cc6ce11d56efe458a5e6626919251b54011bb5628d8bd9389917ff397a5	port	world/level/block/CandleBlock.java:90	block-sim/src/main/java/ac/cult/blocksim/behavior/CandleBehavior.java	
net.minecraft.world.level.block.CandleBlock	getStateForPlacement	BlockPlaceContext	283b5e543ecd9e8ca15166ddb480bf18a2873aec6e59b132afd86099c4ab7bd1	port	world/level/block/CandleBlock.java:97	block-sim/src/main/java/ac/cult/blocksim/behavior/CandleBehavior.java	
net.minecraft.world.level.block.CandleBlock	updateShape	BlockState,LevelReader,ScheduledTickAccess,BlockPos,Direction,BlockPos,BlockState,RandomSource	cd735ff51720eba3ff2a816c2afb7edbf4cbad724d36eeb720fa276d61234d45	port	world/level/block/CandleBlock.java:109	block-sim/src/main/java/ac/cult/blocksim/behavior/CandleBehavior.java	
net.minecraft.world.level.block.CandleBlock	getFluidState	BlockState	c7a0e8cf0670c937b327030415a9080e6908ec9b883e0dedc4af7d9b3620c737	port	world/level/block/CandleBlock.java:127	block-sim/src/main/java/ac/cult/blocksim/engine/SimFluidState.java	Pinned CandleBlock.getFluidState is a state-only source/waterlogged/LiquidBlock cache lookup. Generated StateFacts retain type, amount, falling flag, source flag and legacy state for every model ID.
net.minecraft.world.level.block.CandleBlock	getShape	BlockState,BlockGetter,BlockPos,CollisionContext	3ee5f0759609ddf56db2dc927165c5a229d26e8e550280ec9527916db88d5db3	port	world/level/block/CandleBlock.java:132	block-sim/src/main/java/ac/cult/blocksim/behavior/BlockBehavior.java	Pinned CandleBlock.getShape returns a constant, a state-indexed shape, or a block-state delegate; its exact boxes are emitted for every model state by VanillaDataGenerator.evaluate and read from StateFacts. Entity/world-dependent exceptions use separate behavior overrides.
net.minecraft.world.level.block.CandleBlock	placeLiquid	LevelAccessor,BlockPos,BlockState,FluidState	81c7946d940026f08877a8d76da0b14cd1370568491e8306912853365be02149	port	world/level/block/CandleBlock.java:142	block-sim/src/main/java/ac/cult/blocksim/behavior/CandleBehavior.java	
net.minecraft.world.level.block.CandleBlock	canLight	BlockState	a0e0b428fbb44e346953ffbc621eed67093c46a39bdc012049f08680b468f8a9	port	world/level/block/CandleBlock.java:159	block-sim/src/main/java/ac/cult/blocksim/behavior/BlockUseItemBehavior.java	
net.minecraft.world.level.block.CandleBlock	canSurvive	BlockState,LevelReader,BlockPos	4bbf4b4f2f64f1948f55ea2b7a2cecb4666047a3232f3d37591fdffef15747d7	port	world/level/block/CandleBlock.java:173	block-sim/src/main/java/ac/cult/blocksim/behavior/CandleBehavior.java	
net.minecraft.world.level.block.CandleCakeBlock	getShape	BlockState,BlockGetter,BlockPos,CollisionContext	3d9d2c565148801d0f31c596e14675c6c6a339c2dcce8c3c76180de46db25598	port	world/level/block/CandleCakeBlock.java:53	block-sim/src/main/java/ac/cult/blocksim/behavior/BlockBehavior.java	Pinned CandleCakeBlock.getShape returns a constant, a state-indexed shape, or a block-state delegate; its exact boxes are emitted for every model state by VanillaDataGenerator.evaluate and read from StateFacts. Entity/world-dependent exceptions use separate behavior overrides.
net.minecraft.world.level.block.CandleCakeBlock	useItemOn	ItemStack,BlockState,Level,BlockPos,Player,InteractionHand,BlockHitResult	ccec37c777e14e2b6fb6e1f996b00424dd618636d92e436d92766a6fdb30d917	port	world/level/block/CandleCakeBlock.java:58	block-sim/src/main/java/ac/cult/blocksim/behavior/CandleCakeBehavior.java	
net.minecraft.world.level.block.CandleCakeBlock	useWithoutItem	BlockState,Level,BlockPos,Player,BlockHitResult	2aa7aa2874355fd8deef9d30276cf3bd9bac5bc84cb437783f24d5cfabbef180	port	world/level/block/CandleCakeBlock.java:78	block-sim/src/main/java/ac/cult/blocksim/behavior/CandleCakeBehavior.java	
net.minecraft.world.level.block.CandleCakeBlock	updateShape	BlockState,LevelReader,ScheduledTickAccess,BlockPos,Direction,BlockPos,BlockState,RandomSource	b5056cb5f9974887a11183fd95fde9f7edab9597879287954bfe3e279fa1ab1c	port	world/level/block/CandleCakeBlock.java:104	block-sim/src/main/java/ac/cult/blocksim/behavior/CandleCakeBehavior.java	
net.minecraft.world.level.block.CandleCakeBlock	canSurvive	BlockState,LevelReader,BlockPos	595ba7aa9c45374665dd13576bf8517f502dfb12ca312e06949cd59404133b33	port	world/level/block/CandleCakeBlock.java:120	block-sim/src/main/java/ac/cult/blocksim/behavior/CandleCakeBehavior.java	
net.minecraft.world.level.block.CandleCakeBlock	getAnalogOutputSignal	BlockState,Level,BlockPos,Direction	6d14916c4c536368230aef5f06113eb9b6087f9a8e51924536ab0cc54b264d9d	port	world/level/block/CandleCakeBlock.java:125	block-sim/src/main/java/ac/cult/blocksim/engine/AnalogSignals.java	Pinned CandleCakeBlock.getAnalogOutputSignal is represented by generated family binding and compensated state/entity/container fields. Client-only zero results and server-only heart output updates are preserved.
net.minecraft.world.level.block.CandleCakeBlock	hasAnalogOutputSignal	BlockState	431ca6d2bfbc684210415c1210d58f91e7ad98a300ef06eac2f35066edafa4f9	port	world/level/block/CandleCakeBlock.java:130	block-sim/src/main/java/ac/cult/blocksim/engine/AnalogSignals.java	Pinned CandleCakeBlock.hasAnalogOutputSignal is represented by generated family binding and compensated state/entity/container fields. Client-only zero results and server-only heart output updates are preserved.
net.minecraft.world.level.block.CandleCakeBlock	canLight	BlockState	2a86c0476ce35118a0869db358e2de757ae8bafc9812fabc2f586fd227ed8060	port	world/level/block/CandleCakeBlock.java:144	block-sim/src/main/java/ac/cult/blocksim/behavior/BlockUseItemBehavior.java	
net.minecraft.world.level.block.CarpetBlock	getShape	BlockState,BlockGetter,BlockPos,CollisionContext	3d9d2c565148801d0f31c596e14675c6c6a339c2dcce8c3c76180de46db25598	port	world/level/block/CarpetBlock.java:21	block-sim/src/main/java/ac/cult/blocksim/behavior/BlockBehavior.java	Pinned CarpetBlock.getShape returns a constant, a state-indexed shape, or a block-state delegate; its exact boxes are emitted for every model state by VanillaDataGenerator.evaluate and read from StateFacts. Entity/world-dependent exceptions use separate behavior overrides.
net.minecraft.world.level.block.CarpetBlock	updateShape	BlockState,LevelReader,ScheduledTickAccess,BlockPos,Direction,BlockPos,BlockState,RandomSource	7d82f5bacb61fe01b76e57acaa62cf5a0f0e350520fb9cdf8fe65823f0dbef6d	port	world/level/block/CarpetBlock.java:26	block-sim/src/main/java/ac/cult/blocksim/behavior/BasicBlockRules.java	
net.minecraft.world.level.block.CarpetBlock	canSurvive	BlockState,LevelReader,BlockPos	0e110d8978ef9e7045317f81a866cbc312c6385021a79e1e9a7a714654df5f89	port	world/level/block/CarpetBlock.java:42	block-sim/src/main/java/ac/cult/blocksim/behavior/BasicBlockRules.java	
net.minecraft.world.level.block.CarrotBlock	getShape	BlockState,BlockGetter,BlockPos,CollisionContext	cf5dcd71bd34e93616080aa4df8b932312a7e71f3bb833a72e4751493b9644da	port	world/level/block/CarrotBlock.java:24	block-sim/src/main/java/ac/cult/blocksim/behavior/BlockBehavior.java	Pinned CarrotBlock.getShape returns a constant, a state-indexed shape, or a block-state delegate; its exact boxes are emitted for every model state by VanillaDataGenerator.evaluate and read from StateFacts. Entity/world-dependent exceptions use separate behavior overrides.
net.minecraft.world.level.block.CartographyTableBlock	useWithoutItem	BlockState,Level,BlockPos,Player,BlockHitResult	3dfde9188eec18382992485c1b8bb1d1788167e703aa610a91cc6df004940d28	port	world/level/block/CartographyTableBlock.java:25	block-sim/src/main/java/ac/cult/blocksim/behavior/BasicBlockRules.java	
net.minecraft.world.level.block.CarvedPumpkinBlock	getStateForPlacement	BlockPlaceContext	2ad1d62f2232e4987c7cd90f27de26f1537d88424f1b501bbb4d139758fdcc54	port	world/level/block/CarvedPumpkinBlock.java:131	block-sim/src/main/java/ac/cult/blocksim/behavior/BasicBlockRules.java	
net.minecraft.world.level.block.CaveVines	use	Entity,BlockState,Level,BlockPos	eff99b2f3f8b014dd12728a432662f682b928a2bf36ce3bfee84fbbf6e97fa98	port	world/level/block/CaveVines.java:24	block-sim/src/main/java/ac/cult/blocksim/behavior/GrowingPlantBehavior.java	
net.minecraft.world.level.block.CaveVinesBlock	getBodyBlock		37c610e88f726860bc74af101df7ad5da1a10f81ccc51d92aaaa59cc9162afb5	port	world/level/block/CaveVinesBlock.java:36	block-sim/src/main/java/ac/cult/blocksim/behavior/GrowingPlantBehavior.java	head and body read the generated getHeadBlock/getBodyBlock bindings, including each head/body self binding and the cave-vines, kelp and twisting/weeping-vines pairs. Placement, support and neighbor conversion share these handles.
net.minecraft.world.level.block.CaveVinesBlock	updateBodyAfterConvertedFromHead	BlockState,BlockState	cea05bb2dadb880084d023ff380935c77113a3b62d5595e5cb82810071c08100	port	world/level/block/CaveVinesBlock.java:41	block-sim/src/main/java/ac/cult/blocksim/behavior/GrowingPlantBehavior.java	
net.minecraft.world.level.block.CaveVinesBlock	useWithoutItem	BlockState,Level,BlockPos,Player,BlockHitResult	b98ede23c048396a6ff58745d6808fffb861a2c366db17f4fd70442a5cbf57c6	port	world/level/block/CaveVinesBlock.java:56	block-sim/src/main/java/ac/cult/blocksim/behavior/GrowingPlantBehavior.java	
net.minecraft.world.level.block.CaveVinesBlock	isValidBonemealTarget	LevelReader,BlockPos,BlockState,BonemealSource	3b850f3c8daec05e525702462c2b0d582bc1e015af2148d42578baa01049f61a	port	world/level/block/CaveVinesBlock.java:69	block-sim/src/main/java/ac/cult/blocksim/behavior/BonemealTargets.java	Pinned CaveVinesBlock.isValidBonemealTarget supplies the PLAYER client predicate. The bound target rules cover this family without predicting ServerLevel growth or consumption.
net.minecraft.world.level.block.CaveVinesPlantBlock	getHeadBlock		c5804dd70ed7459e5500c9ed816f20cb17bb1e2d71c7654b38e2d80cec4dc589	port	world/level/block/CaveVinesPlantBlock.java:24	block-sim/src/main/java/ac/cult/blocksim/behavior/GrowingPlantBehavior.java	head and body read the generated getHeadBlock/getBodyBlock bindings, including each head/body self binding and the cave-vines, kelp and twisting/weeping-vines pairs. Placement, support and neighbor conversion share these handles.
net.minecraft.world.level.block.CaveVinesPlantBlock	updateHeadAfterConvertedFromBody	BlockState,BlockState	35ba9efe1fe3cd8ab252f68da68496371fea0113dd7a02e8d63f56a5d7ba0b4a	port	world/level/block/CaveVinesPlantBlock.java:29	block-sim/src/main/java/ac/cult/blocksim/behavior/GrowingPlantBehavior.java	
net.minecraft.world.level.block.CaveVinesPlantBlock	useWithoutItem	BlockState,Level,BlockPos,Player,BlockHitResult	b98ede23c048396a6ff58745d6808fffb861a2c366db17f4fd70442a5cbf57c6	port	world/level/block/CaveVinesPlantBlock.java:39	block-sim/src/main/java/ac/cult/blocksim/behavior/GrowingPlantBehavior.java	
net.minecraft.world.level.block.CaveVinesPlantBlock	isValidBonemealTarget	LevelReader,BlockPos,BlockState,BonemealSource	3b850f3c8daec05e525702462c2b0d582bc1e015af2148d42578baa01049f61a	port	world/level/block/CaveVinesPlantBlock.java:51	block-sim/src/main/java/ac/cult/blocksim/behavior/BonemealTargets.java	Pinned CaveVinesPlantBlock.isValidBonemealTarget supplies the PLAYER client predicate. The bound target rules cover this family without predicting ServerLevel growth or consumption.
net.minecraft.world.level.block.CeilingHangingSignBlock	useItemOn	ItemStack,BlockState,Level,BlockPos,Player,InteractionHand,BlockHitResult	aea1dfa28e11c4c332798c3f3355219c1ee933f4a3730f08227989bb2684ab26	port	world/level/block/CeilingHangingSignBlock.java:57	block-sim/src/main/java/ac/cult/blocksim/behavior/SignBehavior.java	Shared hanging-sign chain predicate uses DOWN for ceiling signs and clicked-face/facing axis for wall signs; wax/command front-back selection uses exact rotation-segment/facing yaw. Existing native hanging-sign-use oracle covers100000 command/wax/side cases.
net.minecraft.world.level.block.CeilingHangingSignBlock	shouldTryToChainAnotherHangingSign	Player,BlockHitResult,SignBlockEntity,ItemStack	02784cfffdb717841628982acd0bfae1e96f45a13b1882c829f5d9f5390ce291	port	world/level/block/CeilingHangingSignBlock.java:73	block-sim/src/main/java/ac/cult/blocksim/behavior/SignBehavior.java	
net.minecraft.world.level.block.CeilingHangingSignBlock	canSurvive	BlockState,LevelReader,BlockPos	6e87c7e90f9cd636e4e978433d98cdd6cd0d2fd3c4fc07bffd1653ed00024bca	port	world/level/block/CeilingHangingSignBlock.java:81	block-sim/src/main/java/ac/cult/blocksim/behavior/CeilingHangingSignBehavior.java	
net.minecraft.world.level.block.CeilingHangingSignBlock	getStateForPlacement	BlockPlaceContext	19a860123ebb554abbe668c37a0fc61316ac773996bacc5878e2c97c663589c3	port	world/level/block/CeilingHangingSignBlock.java:86	block-sim/src/main/java/ac/cult/blocksim/behavior/CeilingHangingSignBehavior.java	Bound behavior preserves nearest-looking order, source support/tag/attachment predicates, exact rotation/facing assignments, secondary-use behavior and actual water type. No additional support or collision exemption.
net.minecraft.world.level.block.CeilingHangingSignBlock	getShape	BlockState,BlockGetter,BlockPos,CollisionContext	7c3830abb5205146a102ab6fbbe5027c00fdce2706067f3b1a60ba506d50e094	port	world/level/block/CeilingHangingSignBlock.java:118	block-sim/src/main/java/ac/cult/blocksim/behavior/BlockBehavior.java	Pinned CeilingHangingSignBlock.getShape returns a constant, a state-indexed shape, or a block-state delegate; its exact boxes are emitted for every model state by VanillaDataGenerator.evaluate and read from StateFacts. Entity/world-dependent exceptions use separate behavior overrides.
net.minecraft.world.level.block.CeilingHangingSignBlock	getBlockSupportShape	BlockState,BlockGetter,BlockPos	265bfc3ffe26954c7382dff3d6a22d61ddbdce08000f20f296557f8d9af3fdad	port	world/level/block/CeilingHangingSignBlock.java:123	block-sim/src/main/java/ac/cult/blocksim/behavior/BlockBehavior.java	Pinned CeilingHangingSignBlock.getBlockSupportShape returns a constant, a state-indexed shape, or a block-state delegate; its exact boxes are emitted for every model state by VanillaDataGenerator.evaluate and read from StateFacts. Entity/world-dependent exceptions use separate behavior overrides.
net.minecraft.world.level.block.CeilingHangingSignBlock	updateShape	BlockState,LevelReader,ScheduledTickAccess,BlockPos,Direction,BlockPos,BlockState,RandomSource	8ae965702b2aed3bb33813fdb82f7e4830a432dcf67fb4ba362f13487517e2a7	port	world/level/block/CeilingHangingSignBlock.java:128	block-sim/src/main/java/ac/cult/blocksim/behavior/CeilingHangingSignBehavior.java	
net.minecraft.world.level.block.CeilingHangingSignBlock	getYRotationDegrees	BlockState	1267701d1295855aaed58b5407327c929dbf36e03ec30a2bb694356a666f249c	port	world/level/block/CeilingHangingSignBlock.java:144	block-sim/src/main/java/ac/cult/blocksim/behavior/SignBehavior.java	Shared hanging-sign chain predicate uses DOWN for ceiling signs and clicked-face/facing axis for wall signs; wax/command front-back selection uses exact rotation-segment/facing yaw. Existing native hanging-sign-use oracle covers100000 command/wax/side cases.
net.minecraft.world.level.block.CeilingHangingSignBlock	newBlockEntity	BlockPos,BlockState	ac79a527623b30ae072135801831cb5718823998dc3c6055a8c2efc38fe9b791	port	world/level/block/CeilingHangingSignBlock.java:164	block-sim/src/main/java/ac/cult/blocksim/engine/BlockEntityPrototypes.java	
net.minecraft.world.level.block.ChainBlock	getShape	BlockState,BlockGetter,BlockPos,CollisionContext	ca317159821caf5f961b50e56ef220a1cdb6d8b6cea50f29e454014aa1f4714d	port	world/level/block/ChainBlock.java:32	block-sim/src/main/java/ac/cult/blocksim/behavior/BlockBehavior.java	Pinned ChainBlock.getShape returns a constant, a state-indexed shape, or a block-state delegate; its exact boxes are emitted for every model state by VanillaDataGenerator.evaluate and read from StateFacts. Entity/world-dependent exceptions use separate behavior overrides.
net.minecraft.world.level.block.ChainBlock	getStateForPlacement	BlockPlaceContext	ccc93778e6515f587dc35905c94cadc9f8e5d6d4e174e710dd1c9a2113f7cbaf	port	world/level/block/ChainBlock.java:37	block-sim/src/main/java/ac/cult/blocksim/behavior/BasicBlockRules.java	
net.minecraft.world.level.block.ChainBlock	updateShape	BlockState,LevelReader,ScheduledTickAccess,BlockPos,Direction,BlockPos,BlockState,RandomSource	cd735ff51720eba3ff2a816c2afb7edbf4cbad724d36eeb720fa276d61234d45	port	world/level/block/ChainBlock.java:44	block-sim/src/main/java/ac/cult/blocksim/behavior/BasicBlockRules.java	
net.minecraft.world.level.block.ChainBlock	getFluidState	BlockState	c7a0e8cf0670c937b327030415a9080e6908ec9b883e0dedc4af7d9b3620c737	port	world/level/block/ChainBlock.java:67	block-sim/src/main/java/ac/cult/blocksim/engine/SimFluidState.java	Pinned ChainBlock.getFluidState is a state-only source/waterlogged/LiquidBlock cache lookup. Generated StateFacts retain type, amount, falling flag, source flag and legacy state for every model ID.
net.minecraft.world.level.block.ChestBlock	updateShape	BlockState,LevelReader,ScheduledTickAccess,BlockPos,Direction,BlockPos,BlockState,RandomSource	51743fbdb52f11fa33593b24bdaa071221b94eaaa2734e45b969b84ba555da6d	port	world/level/block/ChestBlock.java:144	block-sim/src/main/java/ac/cult/blocksim/behavior/ChestBehavior.java	
net.minecraft.world.level.block.ChestBlock	chestCanConnectTo	BlockState	cf1d3d03da21207d9c7ece015c7499189dc7f83210f7723516a08cd3c0e2cb59	port	world/level/block/ChestBlock.java:174	block-sim/src/main/java/ac/cult/blocksim/behavior/ChestBehavior.java	
net.minecraft.world.level.block.ChestBlock	getShape	BlockState,BlockGetter,BlockPos,CollisionContext	8aeddbe98a6f8fbbc0feed2aab5491bd926c4253d0b28b6e2d4b63e9d7b70e93	port	world/level/block/ChestBlock.java:178	block-sim/src/main/java/ac/cult/blocksim/behavior/BlockBehavior.java	Pinned ChestBlock.getShape returns a constant, a state-indexed shape, or a block-state delegate; its exact boxes are emitted for every model state by VanillaDataGenerator.evaluate and read from StateFacts. Entity/world-dependent exceptions use separate behavior overrides.
net.minecraft.world.level.block.ChestBlock	getConnectedDirection	BlockState	2d2c85a119f86f8b35be6416bb3b96993f4489182e441fd0b21cc9d51476222a	port	world/level/block/ChestBlock.java:186	block-sim/src/main/java/ac/cult/blocksim/behavior/ChestBehavior.java	
net.minecraft.world.level.block.ChestBlock	getStateForPlacement	BlockPlaceContext	f11c38c3403ca5c94338cd78da7d7521ef43f414b07e656d72aa800210d5d4dd	port	world/level/block/ChestBlock.java:196	block-sim/src/main/java/ac/cult/blocksim/behavior/ChestBehavior.java	
net.minecraft.world.level.block.ChestBlock	getChestType	Level,BlockPos,Direction	e08c26abd9bfdbc8f75e8323ecc88c516a33775dd9c54bd7359a0c5284fd6622	port	world/level/block/ChestBlock.java:218	block-sim/src/main/java/ac/cult/blocksim/behavior/ChestBehavior.java	
net.minecraft.world.level.block.ChestBlock	getFluidState	BlockState	c7a0e8cf0670c937b327030415a9080e6908ec9b883e0dedc4af7d9b3620c737	port	world/level/block/ChestBlock.java:226	block-sim/src/main/java/ac/cult/blocksim/engine/SimFluidState.java	Pinned ChestBlock.getFluidState is a state-only source/waterlogged/LiquidBlock cache lookup. Generated StateFacts retain type, amount, falling flag, source flag and legacy state for every model ID.
net.minecraft.world.level.block.ChestBlock	candidatePartnerFacing	Level,BlockPos,Direction	cee25f8986e98c6e80c5f2899e10cf9c29b1fa0653788474f51f13fa7e5aa04c	port	world/level/block/ChestBlock.java:231	block-sim/src/main/java/ac/cult/blocksim/behavior/ChestBehavior.java	
net.minecraft.world.level.block.ChestBlock	useWithoutItem	BlockState,Level,BlockPos,Player,BlockHitResult	bdc7b6ca93ed1b039bceed2d6eaf2f6d7aafeb5146e5c573cd9087db7e4dc0e5	port	world/level/block/ChestBlock.java:241	block-sim/src/main/java/ac/cult/blocksim/behavior/ChestBehavior.java	
net.minecraft.world.level.block.ChestBlock	newBlockEntity	BlockPos,BlockState	e72ca5bbabef37d22f2a1224dae023fcaadcc0e0fff2c317d2e204468f24847e	port	world/level/block/ChestBlock.java:308	block-sim/src/main/java/ac/cult/blocksim/engine/BlockEntityPrototypes.java	
net.minecraft.world.level.block.ChestBlock	hasAnalogOutputSignal	BlockState	431ca6d2bfbc684210415c1210d58f91e7ad98a300ef06eac2f35066edafa4f9	port	world/level/block/ChestBlock.java:340	block-sim/src/main/java/ac/cult/blocksim/engine/AnalogSignals.java	Pinned ChestBlock.hasAnalogOutputSignal is represented by generated family binding and compensated state/entity/container fields. Client-only zero results and server-only heart output updates are preserved.
net.minecraft.world.level.block.ChestBlock	getAnalogOutputSignal	BlockState,Level,BlockPos,Direction	d714af2e1d2d4c6fc9a4be92f2d0de62243897b277b67ea184ca72c8e05885b0	port	world/level/block/ChestBlock.java:345	block-sim/src/main/java/ac/cult/blocksim/engine/AnalogSignals.java	Pinned ChestBlock.getAnalogOutputSignal is represented by generated family binding and compensated state/entity/container fields. Client-only zero results and server-only heart output updates are preserved.
net.minecraft.world.level.block.ChiseledBookShelfBlock	useItemOn	ItemStack,BlockState,Level,BlockPos,Player,InteractionHand,BlockHitResult	708bbee4419c356b36b81f631a98c6fff73a4002dd6768f19e88c094b87385e6	port	world/level/block/ChiseledBookShelfBlock.java:69	block-sim/src/main/java/ac/cult/blocksim/behavior/SlotContainerUse.java	
net.minecraft.world.level.block.ChiseledBookShelfBlock	useWithoutItem	BlockState,Level,BlockPos,Player,BlockHitResult	e9c419736f07bbe915be61ea6a0a94d011a0a56d7715fd8c6670ae6a36fdcfe7	port	world/level/block/ChiseledBookShelfBlock.java:100	block-sim/src/main/java/ac/cult/blocksim/behavior/SlotContainerUse.java	
net.minecraft.world.level.block.ChiseledBookShelfBlock	newBlockEntity	BlockPos,BlockState	8f6790a940da4d1a308ef670fad76c311a548863825124a7b15647c1ff98f3f4	port	world/level/block/ChiseledBookShelfBlock.java:147	block-sim/src/main/java/ac/cult/blocksim/engine/BlockEntityPrototypes.java	
net.minecraft.world.level.block.ChiseledBookShelfBlock	getStateForPlacement	BlockPlaceContext	2ad1d62f2232e4987c7cd90f27de26f1537d88424f1b501bbb4d139758fdcc54	port	world/level/block/ChiseledBookShelfBlock.java:164	block-sim/src/main/java/ac/cult/blocksim/behavior/BasicBlockRules.java	
net.minecraft.world.level.block.ChiseledBookShelfBlock	hasAnalogOutputSignal	BlockState	431ca6d2bfbc684210415c1210d58f91e7ad98a300ef06eac2f35066edafa4f9	port	world/level/block/ChiseledBookShelfBlock.java:179	block-sim/src/main/java/ac/cult/blocksim/engine/AnalogSignals.java	Pinned ChiseledBookShelfBlock.hasAnalogOutputSignal is represented by generated family binding and compensated state/entity/container fields. Client-only zero results and server-only heart output updates are preserved.
net.minecraft.world.level.block.ChiseledBookShelfBlock	getAnalogOutputSignal	BlockState,Level,BlockPos,Direction	4b67ce80931ce41bd19ffc3196ae1609eaf8da9ef3995908105c9d49c4288cf8	port	world/level/block/ChiseledBookShelfBlock.java:184	block-sim/src/main/java/ac/cult/blocksim/engine/AnalogSignals.java	Pinned ChiseledBookShelfBlock.getAnalogOutputSignal is represented by generated family binding and compensated state/entity/container fields. Client-only zero results and server-only heart output updates are preserved.
net.minecraft.world.level.block.ChorusFlowerBlock	getBlockSupportShape	BlockState,BlockGetter,BlockPos	233a73faa415bd4e0fcd6bf63b6b26b7f67824559295c6e966a2730670f4cfba	port	world/level/block/ChorusFlowerBlock.java:47	block-sim/src/main/java/ac/cult/blocksim/behavior/BlockBehavior.java	Pinned ChorusFlowerBlock.getBlockSupportShape returns a constant, a state-indexed shape, or a block-state delegate; its exact boxes are emitted for every model state by VanillaDataGenerator.evaluate and read from StateFacts. Entity/world-dependent exceptions use separate behavior overrides.
net.minecraft.world.level.block.ChorusFlowerBlock	updateShape	BlockState,LevelReader,ScheduledTickAccess,BlockPos,Direction,BlockPos,BlockState,RandomSource	89b0d127608d859773046dc263f0d50dac194479f95bbc1169609280ef45fc57	port	world/level/block/ChorusFlowerBlock.java:137	block-sim/src/main/java/ac/cult/blocksim/behavior/ChorusFlowerBehavior.java	
net.minecraft.world.level.block.ChorusFlowerBlock	canSurvive	BlockState,LevelReader,BlockPos	1fa4073a98e3749964dd1a337533bb838496d39463d6c1cd8786c4e5a61259a2	port	world/level/block/ChorusFlowerBlock.java:155	block-sim/src/main/java/ac/cult/blocksim/behavior/ChorusFlowerBehavior.java	
net.minecraft.world.level.block.ChorusPlantBlock	getStateForPlacement	BlockPlaceContext	36a211155647076e50e225ad7a045025397974e88958ab0a3e859447447db9b5	port	world/level/block/ChorusPlantBlock.java:32	block-sim/src/main/java/ac/cult/blocksim/behavior/ChorusPlantBehavior.java	
net.minecraft.world.level.block.ChorusPlantBlock	getStateWithConnections	BlockGetter,BlockPos,BlockState	bf03b4b93256efb9dd405b663571f8ee7657d4f07b174535811f5aa38050f395	port	world/level/block/ChorusPlantBlock.java:37	block-sim/src/main/java/ac/cult/blocksim/behavior/ChorusPlantBehavior.java	
net.minecraft.world.level.block.ChorusPlantBlock	updateShape	BlockState,LevelReader,ScheduledTickAccess,BlockPos,Direction,BlockPos,BlockState,RandomSource	a6ef73518515687425c882c6aae7ab6306cb86e4a875c267fdc1823796497ef7	port	world/level/block/ChorusPlantBlock.java:53	block-sim/src/main/java/ac/cult/blocksim/behavior/ChorusPlantBehavior.java	
net.minecraft.world.level.block.ChorusPlantBlock	canSurvive	BlockState,LevelReader,BlockPos	2986ad370da8299c350d15bb7197dc7b32404add4820d069050c09ab48a5ebbc	port	world/level/block/ChorusPlantBlock.java:82	block-sim/src/main/java/ac/cult/blocksim/behavior/ChorusPlantBehavior.java	
net.minecraft.world.level.block.CocoaBlock	canSurvive	BlockState,LevelReader,BlockPos	5634bddcf428d8d8b9badd56e38937785f9c715240dd90babfdb78671a90f9b0	port	world/level/block/CocoaBlock.java:54	block-sim/src/main/java/ac/cult/blocksim/behavior/CocoaBehavior.java	
net.minecraft.world.level.block.CocoaBlock	getShape	BlockState,BlockGetter,BlockPos,CollisionContext	e461847cee22e977d41d2a6adfc2debfa8078b341c3ad9ab3ca1b9a9edbe91d1	port	world/level/block/CocoaBlock.java:60	block-sim/src/main/java/ac/cult/blocksim/behavior/BlockBehavior.java	Pinned CocoaBlock.getShape returns a constant, a state-indexed shape, or a block-state delegate; its exact boxes are emitted for every model state by VanillaDataGenerator.evaluate and read from StateFacts. Entity/world-dependent exceptions use separate behavior overrides.
net.minecraft.world.level.block.CocoaBlock	getStateForPlacement	BlockPlaceContext	beb77b2e257db4d79ed0e9b103fe8d96444c21948d8fefb86e9e2a05d2f5d210	port	world/level/block/CocoaBlock.java:65	block-sim/src/main/java/ac/cult/blocksim/behavior/CocoaBehavior.java	
net.minecraft.world.level.block.CocoaBlock	updateShape	BlockState,LevelReader,ScheduledTickAccess,BlockPos,Direction,BlockPos,BlockState,RandomSource	fff79e792565a13b773e51d5d205e55778daf1be6639917571f52649ae7d0334	port	world/level/block/CocoaBlock.java:83	block-sim/src/main/java/ac/cult/blocksim/behavior/CocoaBehavior.java	
net.minecraft.world.level.block.CocoaBlock	isValidBonemealTarget	LevelReader,BlockPos,BlockState,BonemealSource	dad2ca11a95f221d947ae54091866947e3b1f1488c3abc91e53c42b43e1772e2	port	world/level/block/CocoaBlock.java:99	block-sim/src/main/java/ac/cult/blocksim/behavior/BonemealTargets.java	Pinned CocoaBlock.isValidBonemealTarget supplies the PLAYER client predicate. The bound target rules cover this family without predicting ServerLevel growth or consumption.
net.minecraft.world.level.block.ColorCollection	create	T	99e0af736d31990a011eef13d053b15d4f382e2c822e3cbd5904f9e155a2852d	port	world/level/block/ColorCollection.java:38	block-sim-generator/src/vanilla/java/ac/cult/blocksim/generator/VanillaDataGenerator.java	world/level/block/ColorCollection.java:38: Bootstrap collection construction repeats its supplied value across color/weathering variants. Generation emits the resulting concrete block/state bindings; action code reads those immutable bindings.
net.minecraft.world.level.block.CommandBlock	newBlockEntity	BlockPos,BlockState	1bc2cd91d4125e6d8a795296a21f173406171d94c310c16d84155e62c28c452c	port	world/level/block/CommandBlock.java:44	block-sim/src/main/java/ac/cult/blocksim/engine/BlockEntityPrototypes.java	
net.minecraft.world.level.block.CommandBlock	neighborChanged	BlockState,Level,BlockPos,Block,Orientation,boolean	34c2be271045ad99aaa4a2c8a5f7ec7e2b4b96405e7a81065975542b4b6e46aa	server-only	world/level/block/CommandBlock.java:51		
net.minecraft.world.level.block.CommandBlock	useWithoutItem	BlockState,Level,BlockPos,Player,BlockHitResult	7a3747d3a10373f32e6ed1a6c4aa1f4e5434233ec96b34d1b494d1d1e2fda1bc	port	world/level/block/CommandBlock.java:117	block-sim/src/main/java/ac/cult/blocksim/behavior/BasicBlockRules.java	
net.minecraft.world.level.block.CommandBlock	hasAnalogOutputSignal	BlockState	431ca6d2bfbc684210415c1210d58f91e7ad98a300ef06eac2f35066edafa4f9	port	world/level/block/CommandBlock.java:129	block-sim/src/main/java/ac/cult/blocksim/engine/AnalogSignals.java	Pinned CommandBlock.hasAnalogOutputSignal is represented by generated family binding and compensated state/entity/container fields. Client-only zero results and server-only heart output updates are preserved.
net.minecraft.world.level.block.CommandBlock	getAnalogOutputSignal	BlockState,Level,BlockPos,Direction	f8b60b164425e81ac586535150b91ef1318c035954c1f57758907e050e42d80d	port	world/level/block/CommandBlock.java:134	block-sim/src/main/java/ac/cult/blocksim/engine/AnalogSignals.java	Pinned CommandBlock.getAnalogOutputSignal is represented by generated family binding and compensated state/entity/container fields. Client-only zero results and server-only heart output updates are preserved.
net.minecraft.world.level.block.CommandBlock	setPlacedBy	Level,BlockPos,BlockState,LivingEntity,ItemStack	de631e8f088045ee97ee5327a35259ecb652cb239480198f7a45aea021d2d501	port	world/level/block/CommandBlock.java:139	block-sim/src/main/java/ac/cult/blocksim/behavior/BlockBehavior.java	
net.minecraft.world.level.block.CommandBlock	getStateForPlacement	BlockPlaceContext	fe85663251db4681830f699e5718b5f2f9678769ef7bae34ff943e5d67f00638	port	world/level/block/CommandBlock.java:170	block-sim/src/main/java/ac/cult/blocksim/behavior/BasicBlockRules.java	
net.minecraft.world.level.block.ComparatorBlock	updateShape	BlockState,LevelReader,ScheduledTickAccess,BlockPos,Direction,BlockPos,BlockState,RandomSource	3d770f43f9c06f7af5d8a7799f0d848e0f286dc63ff7c5f2c5c278190d0e1640	port	world/level/block/ComparatorBlock.java:43	block-sim/src/main/java/ac/cult/blocksim/behavior/ComparatorBehavior.java	
net.minecraft.world.level.block.ComparatorBlock	getOutputSignal	BlockGetter,BlockPos,BlockState	c22e33bc3d0b6a442d551e0218c26cb45a5ac05087c26d4b3573840d652e48e2	port	world/level/block/ComparatorBlock.java:59	block-sim/src/main/java/ac/cult/blocksim/behavior/ComparatorBehavior.java	
net.minecraft.world.level.block.ComparatorBlock	calculateOutputSignal	Level,BlockPos,BlockState	7977cf7fb880bbbfe241717a94d40834b220c12aa19cff98174a91cb1b7b7aa0	port	world/level/block/ComparatorBlock.java:64	block-sim/src/main/java/ac/cult/blocksim/behavior/ComparatorBehavior.java	Pinned comparator immediate refresh reads front and side signals, analog output or a unique facing frame behind a conductor; updates OutputSignal and POWERED without executing scheduled redstone ticks.
net.minecraft.world.level.block.ComparatorBlock	shouldTurnOn	Level,BlockPos,BlockState	8c7ca640316d98646b538e51605dcb7a7a18dfee6f7c75dd677ba5a9f00e1a68	port	world/level/block/ComparatorBlock.java:78	block-sim/src/main/java/ac/cult/blocksim/behavior/ComparatorBehavior.java	Pinned comparator immediate refresh reads front and side signals, analog output or a unique facing frame behind a conductor; updates OutputSignal and POWERED without executing scheduled redstone ticks.
net.minecraft.world.level.block.ComparatorBlock	getInputSignal	Level,BlockPos,BlockState	500dbbf1ed8d9c0ac23d6c29b041c3e0dde1148ba018c0b16d31af5ab6640ea7	port	world/level/block/ComparatorBlock.java:89	block-sim/src/main/java/ac/cult/blocksim/behavior/ComparatorBehavior.java	Pinned comparator immediate refresh reads front and side signals, analog output or a unique facing frame behind a conductor; updates OutputSignal and POWERED without executing scheduled redstone ticks.
net.minecraft.world.level.block.ComparatorBlock	useWithoutItem	BlockState,Level,BlockPos,Player,BlockHitResult	ac0badc48decff67a77d9ea1758a12147a07c53d7214086419fb6bf907adc85f	port	world/level/block/ComparatorBlock.java:122	block-sim/src/main/java/ac/cult/blocksim/behavior/ComparatorBehavior.java	ComparatorBlock.useWithoutItem/refreshOutputState toggles MODE and immediately recomputes OutputSignal and POWERED from compensated block/entity inputs; scheduled neighbor ticks remain server-only.
net.minecraft.world.level.block.ComparatorBlock	refreshOutputState	Level,BlockPos,BlockState	4285a5db7881ff625cfa5093c2e47fd83daf34f7ad09c6a716e4e24a55e3f10a	port	world/level/block/ComparatorBlock.java:151	block-sim/src/main/java/ac/cult/blocksim/behavior/ComparatorBehavior.java	Pinned comparator immediate refresh reads front and side signals, analog output or a unique facing frame behind a conductor; updates OutputSignal and POWERED without executing scheduled redstone ticks.
net.minecraft.world.level.block.ComparatorBlock	newBlockEntity	BlockPos,BlockState	027e78fd66608d7d2acd2667421c953eb4f1de5ea810a7ee49e71afb328d85ad	port	world/level/block/ComparatorBlock.java:185	block-sim/src/main/java/ac/cult/blocksim/engine/BlockEntityPrototypes.java	
net.minecraft.world.level.block.ComposterBlock	getShape	BlockState,BlockGetter,BlockPos,CollisionContext	3cafc4b3a0d946d375118e2622af5188e863f8efec3fafb573709f5129305237	port	world/level/block/ComposterBlock.java:95	block-sim/src/main/java/ac/cult/blocksim/behavior/BlockBehavior.java	Pinned ComposterBlock.getShape returns a constant, a state-indexed shape, or a block-state delegate; its exact boxes are emitted for every model state by VanillaDataGenerator.evaluate and read from StateFacts. Entity/world-dependent exceptions use separate behavior overrides.
net.minecraft.world.level.block.ComposterBlock	getInteractionShape	BlockState,BlockGetter,BlockPos	8501ba402b348035ef9db4f0d923752161f1348d592612f385efe4553d5ee5ed	port	world/level/block/ComposterBlock.java:100	block-sim/src/main/java/ac/cult/blocksim/behavior/BlockBehavior.java	Pinned ComposterBlock.getInteractionShape returns a constant, a state-indexed shape, or a block-state delegate; its exact boxes are emitted for every model state by VanillaDataGenerator.evaluate and read from StateFacts. Entity/world-dependent exceptions use separate behavior overrides.
net.minecraft.world.level.block.ComposterBlock	getCollisionShape	BlockState,BlockGetter,BlockPos,CollisionContext	0c699413159ff83f24da44234829c6ba76d9b9885fc68c8bc54f9878802207df	port	world/level/block/ComposterBlock.java:105	block-sim/src/main/java/ac/cult/blocksim/behavior/BlockBehavior.java	Pinned ComposterBlock.getCollisionShape returns a constant, a state-indexed shape, or a block-state delegate; its exact boxes are emitted for every model state by VanillaDataGenerator.evaluate and read from StateFacts. Entity/world-dependent exceptions use separate behavior overrides.
net.minecraft.world.level.block.ComposterBlock	useItemOn	ItemStack,BlockState,Level,BlockPos,Player,InteractionHand,BlockHitResult	2a1fdf6bcbe42ee6de630b34072a60184cae52d95e2994837bece76d13c844ba	port	world/level/block/ComposterBlock.java:117	block-sim/src/main/java/ac/cult/blocksim/behavior/ComposterBehavior.java	
net.minecraft.world.level.block.ComposterBlock	useWithoutItem	BlockState,Level,BlockPos,Player,BlockHitResult	d23511ff1fb93b1d99ac8491a2b8fb780fc69f63ba75946103151db03355cc21	port	world/level/block/ComposterBlock.java:143	block-sim/src/main/java/ac/cult/blocksim/behavior/ComposterBehavior.java	
net.minecraft.world.level.block.ComposterBlock	hasAnalogOutputSignal	BlockState	431ca6d2bfbc684210415c1210d58f91e7ad98a300ef06eac2f35066edafa4f9	port	world/level/block/ComposterBlock.java:226	block-sim/src/main/java/ac/cult/blocksim/engine/AnalogSignals.java	Pinned ComposterBlock.hasAnalogOutputSignal is represented by generated family binding and compensated state/entity/container fields. Client-only zero results and server-only heart output updates are preserved.
net.minecraft.world.level.block.ComposterBlock	getAnalogOutputSignal	BlockState,Level,BlockPos,Direction	ffcd4ba151cb67d63b5d5d30461ae2ec3c54bbaee352f4f9ca6b81d9b34b725c	port	world/level/block/ComposterBlock.java:231	block-sim/src/main/java/ac/cult/blocksim/engine/AnalogSignals.java	Pinned ComposterBlock.getAnalogOutputSignal is represented by generated family binding and compensated state/entity/container fields. Client-only zero results and server-only heart output updates are preserved.
net.minecraft.world.level.block.ComposterBlock$InputContainer	getMaxStackSize		f91ee2fdae6d719d81f27acd8cfcca627828990d7169514126f9753a5ee11fa8	server-only	world/level/block/ComposterBlock.java:290		One-item capacity of the transient WorldlyContainer returned for hopper automation. HopperBlockEntity.getBlockContainer resolves WorldlyContainerHolder.getContainer; direct client composter use is separately modeled by ComposterBehavior.
net.minecraft.world.level.block.ComposterBlock$OutputContainer	getMaxStackSize		f91ee2fdae6d719d81f27acd8cfcca627828990d7169514126f9753a5ee11fa8	server-only	world/level/block/ComposterBlock.java:336		One-item capacity of the transient bone-meal WorldlyContainer used by server hopper extraction. Client composter interactions use the block level/use branch, not this automation inventory.
net.minecraft.world.level.block.ConcretePowderBlock	getStateForPlacement	BlockPlaceContext	491011af7ab75df35f03069e5d152fd1e5cbdd004567de51c6273d4e61277588	port	world/level/block/ConcretePowderBlock.java:32	block-sim/src/main/java/ac/cult/blocksim/behavior/ConcretePowderBehavior.java	
net.minecraft.world.level.block.ConcretePowderBlock	shouldSolidify	BlockGetter,BlockPos,BlockState	41fa4d7205bc9c0cdf824d9bbeecffcc9df29880581c14dae53e1c280957f222	port	world/level/block/ConcretePowderBlock.java:40	block-sim/src/main/java/ac/cult/blocksim/behavior/ConcretePowderBehavior.java	
net.minecraft.world.level.block.ConcretePowderBlock	touchesLiquid	BlockGetter,BlockPos	397c1518a0df3f3c7cf5c6f0b67623801764e133b1eef6256408ab1a832d5dad	port	world/level/block/ConcretePowderBlock.java:44	block-sim/src/main/java/ac/cult/blocksim/behavior/ConcretePowderBehavior.java	
net.minecraft.world.level.block.ConcretePowderBlock	canSolidify	BlockState	33aad646a13e6573cb01c1aa97be14cd9eeb2d73f38f48b89ed353b08501a218	port	world/level/block/ConcretePowderBlock.java:63	block-sim/src/main/java/ac/cult/blocksim/behavior/ConcretePowderBehavior.java	
net.minecraft.world.level.block.ConcretePowderBlock	updateShape	BlockState,LevelReader,ScheduledTickAccess,BlockPos,Direction,BlockPos,BlockState,RandomSource	18039c74f020d724e9aa1d2a5a7631ba2e6ed94ec19f9849064fb3d61fb9e6b9	port	world/level/block/ConcretePowderBlock.java:67	block-sim/src/main/java/ac/cult/blocksim/behavior/ConcretePowderBehavior.java	
net.minecraft.world.level.block.ConduitBlock	newBlockEntity	BlockPos,BlockState	6a7de0d2ea3c0c38df30f764a62c5f53f5193d46f8f32c66af75f8249fa69914	port	world/level/block/ConduitBlock.java:43	block-sim/src/main/java/ac/cult/blocksim/engine/BlockEntityPrototypes.java	
net.minecraft.world.level.block.ConduitBlock	getFluidState	BlockState	c7a0e8cf0670c937b327030415a9080e6908ec9b883e0dedc4af7d9b3620c737	port	world/level/block/ConduitBlock.java:53	block-sim/src/main/java/ac/cult/blocksim/engine/SimFluidState.java	Pinned ConduitBlock.getFluidState is a state-only source/waterlogged/LiquidBlock cache lookup. Generated StateFacts retain type, amount, falling flag, source flag and legacy state for every model ID.
net.minecraft.world.level.block.ConduitBlock	updateShape	BlockState,LevelReader,ScheduledTickAccess,BlockPos,Direction,BlockPos,BlockState,RandomSource	cd735ff51720eba3ff2a816c2afb7edbf4cbad724d36eeb720fa276d61234d45	port	world/level/block/ConduitBlock.java:58	block-sim/src/main/java/ac/cult/blocksim/behavior/BasicBlockRules.java	
net.minecraft.world.level.block.ConduitBlock	getShape	BlockState,BlockGetter,BlockPos,CollisionContext	3d9d2c565148801d0f31c596e14675c6c6a339c2dcce8c3c76180de46db25598	port	world/level/block/ConduitBlock.java:76	block-sim/src/main/java/ac/cult/blocksim/behavior/BlockBehavior.java	Pinned ConduitBlock.getShape returns a constant, a state-indexed shape, or a block-state delegate; its exact boxes are emitted for every model state by VanillaDataGenerator.evaluate and read from StateFacts. Entity/world-dependent exceptions use separate behavior overrides.
net.minecraft.world.level.block.ConduitBlock	getStateForPlacement	BlockPlaceContext	e066443581a388bdf463106e0c54840094ea3f123e07d3cacb9a7f670a7ce12d	port	world/level/block/ConduitBlock.java:81	block-sim/src/main/java/ac/cult/blocksim/behavior/BasicBlockRules.java	
net.minecraft.world.level.block.CopperBulbBlock	neighborChanged	BlockState,Level,BlockPos,Block,Orientation,boolean	d4762f5b772bdc703474bf3341aeba17f6282d71f3e9b4d13c719cbc2436cbf5	server-only	world/level/block/CopperBulbBlock.java:33		
net.minecraft.world.level.block.CopperBulbBlock	hasAnalogOutputSignal	BlockState	431ca6d2bfbc684210415c1210d58f91e7ad98a300ef06eac2f35066edafa4f9	port	world/level/block/CopperBulbBlock.java:60	block-sim/src/main/java/ac/cult/blocksim/engine/AnalogSignals.java	Pinned CopperBulbBlock.hasAnalogOutputSignal is represented by generated family binding and compensated state/entity/container fields. Client-only zero results and server-only heart output updates are preserved.
net.minecraft.world.level.block.CopperBulbBlock	getAnalogOutputSignal	BlockState,Level,BlockPos,Direction	72a05b34a5e9df0f010c90ffbc8c5923f51b533ceb0a27d9c880aa1e6c4b604b	port	world/level/block/CopperBulbBlock.java:65	block-sim/src/main/java/ac/cult/blocksim/engine/AnalogSignals.java	Pinned CopperBulbBlock.getAnalogOutputSignal is represented by generated family binding and compensated state/entity/container fields. Client-only zero results and server-only heart output updates are preserved.
net.minecraft.world.level.block.CopperChestBlock	chestCanConnectTo	BlockState	1ac7335d25a5edce5b3bf08c5e861603239cf78ba44bb5d7cc8a1cf3a800bf2f	port	world/level/block/CopperChestBlock.java:48	block-sim/src/main/java/ac/cult/blocksim/behavior/CopperChestBehavior.java	
net.minecraft.world.level.block.CopperChestBlock	getStateForPlacement	BlockPlaceContext	12abb5511f992c1ff4fced6e08aa86c8e1df44fefff6e461091c514d0f0f253e	port	world/level/block/CopperChestBlock.java:53	block-sim/src/main/java/ac/cult/blocksim/behavior/CopperChestBehavior.java	
net.minecraft.world.level.block.CopperChestBlock	getLeastOxidizedChestOfConnectedBlocks	BlockState,Level,BlockPos	14c58d94154f52cf4a6386a3d48fd170bf2321123685708ff9a62a61ddce0ef1	port	world/level/block/CopperChestBlock.java:59	block-sim/src/main/java/ac/cult/blocksim/behavior/CopperChestBehavior.java	
net.minecraft.world.level.block.CopperChestBlock	updateShape	BlockState,LevelReader,ScheduledTickAccess,BlockPos,Direction,BlockPos,BlockState,RandomSource	d5e87702c18e65fa5351d676400f198bfd3b8862a416c58d183fbe290b9bbb51	port	world/level/block/CopperChestBlock.java:80	block-sim/src/main/java/ac/cult/blocksim/behavior/CopperChestBehavior.java	
net.minecraft.world.level.block.CopperChestBlock	unwaxBlock	CopperChestBlock,BlockState	a50d66c0ebafedbe42b79a882e8d36e243ba0ceda5f34db0420881e905bf3590	port	world/level/block/CopperChestBlock.java:102	block-sim/src/main/java/ac/cult/blocksim/behavior/CopperChestBehavior.java	leastOxidized uses the generated isWaxed, unwaxed and weatherState bindings; unwaxed copies shared properties and oxidation preserves the native weather-state order for connected chest placement.
net.minecraft.world.level.block.CopperChestBlock	getState		c061e3cfd506f11f4a6be164ecc3c6dfbdc2650f64a0e0a98973e584da9333b9	port	world/level/block/CopperChestBlock.java:108	block-sim/src/main/java/ac/cult/blocksim/behavior/CopperChestBehavior.java	leastOxidized uses the generated isWaxed, unwaxed and weatherState bindings; unwaxed copies shared properties and oxidation preserves the native weather-state order for connected chest placement.
net.minecraft.world.level.block.CopperChestBlock	isWaxed		431ca6d2bfbc684210415c1210d58f91e7ad98a300ef06eac2f35066edafa4f9	port	world/level/block/CopperChestBlock.java:119	block-sim/src/main/java/ac/cult/blocksim/behavior/CopperChestBehavior.java	leastOxidized uses the generated isWaxed, unwaxed and weatherState bindings; unwaxed copies shared properties and oxidation preserves the native weather-state order for connected chest placement.
net.minecraft.world.level.block.CopperChestBlock	shouldChangedStateKeepBlockEntity	BlockState	5c13b9baa1ed7354907e68e826fe4b3727f728cd48ae2731a384391cdc67c63f	port	world/level/block/CopperChestBlock.java:123	block-sim/src/main/java/ac/cult/blocksim/behavior/CopperChestBehavior.java	
net.minecraft.world.level.block.CopperGolemStatueBlock	getStateForPlacement	BlockPlaceContext	51b2c3f9dc3dc49021fd884903697e8627cdd84d5dab8c4be1e97905c4c1d25d	port	world/level/block/CopperGolemStatueBlock.java:64	block-sim/src/main/java/ac/cult/blocksim/behavior/CopperGolemStatueBehavior.java	
net.minecraft.world.level.block.CopperGolemStatueBlock	getShape	BlockState,BlockGetter,BlockPos,CollisionContext	3d9d2c565148801d0f31c596e14675c6c6a339c2dcce8c3c76180de46db25598	port	world/level/block/CopperGolemStatueBlock.java:82	block-sim/src/main/java/ac/cult/blocksim/behavior/BlockBehavior.java	Pinned CopperGolemStatueBlock.getShape returns a constant, a state-indexed shape, or a block-state delegate; its exact boxes are emitted for every model state by VanillaDataGenerator.evaluate and read from StateFacts. Entity/world-dependent exceptions use separate behavior overrides.
net.minecraft.world.level.block.CopperGolemStatueBlock	useItemOn	ItemStack,BlockState,Level,BlockPos,Player,InteractionHand,BlockHitResult	d681f09b68629b26d162a9a5fb5aa061848f4d25a59fe12a7fd2f8c6a848f081	port	world/level/block/CopperGolemStatueBlock.java:91	block-sim/src/main/java/ac/cult/blocksim/behavior/CopperGolemStatueBehavior.java	
net.minecraft.world.level.block.CopperGolemStatueBlock	newBlockEntity	BlockPos,BlockState	dbd101a95ac56e542a60a7f164b8e7d1bda5599fc58cbd761e5dfe04df220770	port	world/level/block/CopperGolemStatueBlock.java:120	block-sim/src/main/java/ac/cult/blocksim/engine/BlockEntityPrototypes.java	
net.minecraft.world.level.block.CopperGolemStatueBlock	shouldChangedStateKeepBlockEntity	BlockState	9ca0397654331a60fba82010bd8592320fddf0c157c1d5a9faa1d9816741d58d	port	world/level/block/CopperGolemStatueBlock.java:125	block-sim/src/main/java/ac/cult/blocksim/behavior/CopperGolemStatueBehavior.java	
net.minecraft.world.level.block.CopperGolemStatueBlock	hasAnalogOutputSignal	BlockState	431ca6d2bfbc684210415c1210d58f91e7ad98a300ef06eac2f35066edafa4f9	port	world/level/block/CopperGolemStatueBlock.java:130	block-sim/src/main/java/ac/cult/blocksim/engine/AnalogSignals.java	Pinned CopperGolemStatueBlock.hasAnalogOutputSignal is represented by generated family binding and compensated state/entity/container fields. Client-only zero results and server-only heart output updates are preserved.
net.minecraft.world.level.block.CopperGolemStatueBlock	getAnalogOutputSignal	BlockState,Level,BlockPos,Direction	bcef87859034b9c03148bee76d1b9ea5a5126a5eef855fcc2689c7d51136f74e	port	world/level/block/CopperGolemStatueBlock.java:135	block-sim/src/main/java/ac/cult/blocksim/engine/AnalogSignals.java	Pinned CopperGolemStatueBlock.getAnalogOutputSignal is represented by generated family binding and compensated state/entity/container fields. Client-only zero results and server-only heart output updates are preserved.
net.minecraft.world.level.block.CopperGolemStatueBlock	getFluidState	BlockState	c7a0e8cf0670c937b327030415a9080e6908ec9b883e0dedc4af7d9b3620c737	port	world/level/block/CopperGolemStatueBlock.java:152	block-sim/src/main/java/ac/cult/blocksim/engine/SimFluidState.java	Pinned CopperGolemStatueBlock.getFluidState is a state-only source/waterlogged/LiquidBlock cache lookup. Generated StateFacts retain type, amount, falling flag, source flag and legacy state for every model ID.
net.minecraft.world.level.block.CopperGolemStatueBlock	updateShape	BlockState,LevelReader,ScheduledTickAccess,BlockPos,Direction,BlockPos,BlockState,RandomSource	cd735ff51720eba3ff2a816c2afb7edbf4cbad724d36eeb720fa276d61234d45	port	world/level/block/CopperGolemStatueBlock.java:157	block-sim/src/main/java/ac/cult/blocksim/behavior/CopperGolemStatueBehavior.java	
net.minecraft.world.level.block.CoralBlock	updateShape	BlockState,LevelReader,ScheduledTickAccess,BlockPos,Direction,BlockPos,BlockState,RandomSource	e80ae4ef548349643763e941b19bea30e2067f2bb162f248188f390a3f30ff6f	port	world/level/block/CoralBlock.java:32	block-sim/src/main/java/ac/cult/blocksim/behavior/BlockBehavior.java	
net.minecraft.world.level.block.CoralBlock	getStateForPlacement	BlockPlaceContext	164cbec02515a66508ec6a32c9045bd6a96d591062e5e0b3e9150a534970646d	port	world/level/block/CoralBlock.java:61	block-sim/src/main/java/ac/cult/blocksim/behavior/BlockBehavior.java	
net.minecraft.world.level.block.CoralFanBlock	updateShape	BlockState,LevelReader,ScheduledTickAccess,BlockPos,Direction,BlockPos,BlockState,RandomSource	353ed99aec7659e3a11dadfa3bba19246cbbd81c2dea7b22f5b07323750af4d4	port	world/level/block/CoralFanBlock.java:34	block-sim/src/main/java/ac/cult/blocksim/behavior/BasicBlockRules.java	
net.minecraft.world.level.block.CoralPlantBlock	updateShape	BlockState,LevelReader,ScheduledTickAccess,BlockPos,Direction,BlockPos,BlockState,RandomSource	353ed99aec7659e3a11dadfa3bba19246cbbd81c2dea7b22f5b07323750af4d4	port	world/level/block/CoralPlantBlock.java:38	block-sim/src/main/java/ac/cult/blocksim/behavior/BasicBlockRules.java	
net.minecraft.world.level.block.CoralPlantBlock	getShape	BlockState,BlockGetter,BlockPos,CollisionContext	3d9d2c565148801d0f31c596e14675c6c6a339c2dcce8c3c76180de46db25598	port	world/level/block/CoralPlantBlock.java:61	block-sim/src/main/java/ac/cult/blocksim/behavior/BlockBehavior.java	Pinned CoralPlantBlock.getShape returns a constant, a state-indexed shape, or a block-state delegate; its exact boxes are emitted for every model state by VanillaDataGenerator.evaluate and read from StateFacts. Entity/world-dependent exceptions use separate behavior overrides.
net.minecraft.world.level.block.CoralWallFanBlock	updateShape	BlockState,LevelReader,ScheduledTickAccess,BlockPos,Direction,BlockPos,BlockState,RandomSource	e9bc38be28e8dfe8bcf987c94751b627b987a38c00a3ca96fe520aa7ac8ed9bd	port	world/level/block/CoralWallFanBlock.java:34	block-sim/src/main/java/ac/cult/blocksim/behavior/BasicBlockRules.java	
net.minecraft.world.level.block.CrafterBlock	hasAnalogOutputSignal	BlockState	431ca6d2bfbc684210415c1210d58f91e7ad98a300ef06eac2f35066edafa4f9	port	world/level/block/CrafterBlock.java:56	block-sim/src/main/java/ac/cult/blocksim/engine/AnalogSignals.java	Pinned CrafterBlock.hasAnalogOutputSignal is represented by generated family binding and compensated state/entity/container fields. Client-only zero results and server-only heart output updates are preserved.
net.minecraft.world.level.block.CrafterBlock	getAnalogOutputSignal	BlockState,Level,BlockPos,Direction	4dc535b5e4f81888bc5998660ec6645463fc4570ee4826cb25ea9f31ed3e8848	port	world/level/block/CrafterBlock.java:61	block-sim/src/main/java/ac/cult/blocksim/engine/AnalogSignals.java	Pinned CrafterBlock.getAnalogOutputSignal is represented by generated family binding and compensated state/entity/container fields. Client-only zero results and server-only heart output updates are preserved.
net.minecraft.world.level.block.CrafterBlock	neighborChanged	BlockState,Level,BlockPos,Block,Orientation,boolean	011ecd64dbb297f30007d970d5f41823986cc43717043d8418b9527fe487a408	server-only	world/level/block/CrafterBlock.java:66		
net.minecraft.world.level.block.CrafterBlock	newBlockEntity	BlockPos,BlockState	c761529aec5fa2534d223954ab90ae5495c55de7fde4bad5e5fdc5d282c6d287	port	world/level/block/CrafterBlock.java:99	block-sim/src/main/java/ac/cult/blocksim/engine/BlockEntityPrototypes.java	
net.minecraft.world.level.block.CrafterBlock	getStateForPlacement	BlockPlaceContext	807abfc01fe0245923a93df6365416ad4c88b26978fedc51cbf74b37dbfe8bdb	port	world/level/block/CrafterBlock.java:106	block-sim/src/main/java/ac/cult/blocksim/behavior/BasicBlockRules.java	
net.minecraft.world.level.block.CrafterBlock	setPlacedBy	Level,BlockPos,BlockState,LivingEntity,ItemStack	0e1efadcd4613110cab3f12823b7c766cc3e07e303d6a17ef73511e7da0bc0a5	port	world/level/block/CrafterBlock.java:120	block-sim/src/main/java/ac/cult/blocksim/behavior/BlockBehavior.java	
net.minecraft.world.level.block.CrafterBlock	useWithoutItem	BlockState,Level,BlockPos,Player,BlockHitResult	9f4341f5c09a66825b82115787cd45f4679af3cf3ede6a9567b6c5ca0887a97f	port	world/level/block/CrafterBlock.java:132	block-sim/src/main/java/ac/cult/blocksim/behavior/BasicBlockRules.java	
net.minecraft.world.level.block.CraftingTableBlock	useWithoutItem	BlockState,Level,BlockPos,Player,BlockHitResult	3ad6cec74b97b4bc68295de3cfcb5f25e80c52d914767c0ddfd43e058b78f402	port	world/level/block/CraftingTableBlock.java:24	block-sim/src/main/java/ac/cult/blocksim/behavior/BasicBlockRules.java	
net.minecraft.world.level.block.CreakingHeartBlock	newBlockEntity	BlockPos,BlockState	58f72b1a155331ebbb536fcd9b7bd20060b0e17316d3a19be0c4a4925f724720	port	world/level/block/CreakingHeartBlock.java:46	block-sim/src/main/java/ac/cult/blocksim/engine/BlockEntityPrototypes.java	
net.minecraft.world.level.block.CreakingHeartBlock	updateShape	BlockState,LevelReader,ScheduledTickAccess,BlockPos,Direction,BlockPos,BlockState,RandomSource	40fb0c681265e73247193d69f33a48ebeac77f21838cad15b47f941d75f1b680	port	world/level/block/CreakingHeartBlock.java:73	block-sim/src/main/java/ac/cult/blocksim/behavior/CreakingHeartBehavior.java	
net.minecraft.world.level.block.CreakingHeartBlock	updateState	BlockState,Level,BlockPos	e86ad995565751633c6ff9b0aa4fd2b31b310eef732de82de9cf767aa2c7dee0	port	world/level/block/CreakingHeartBlock.java:96	block-sim/src/main/java/ac/cult/blocksim/behavior/CreakingHeartBehavior.java	
net.minecraft.world.level.block.CreakingHeartBlock	hasRequiredLogs	BlockState,LevelReader,BlockPos	3940242f9d0aad8b20a2503082b9e40ac13eeadc24e890c50f2c914eb76099bf	port	world/level/block/CreakingHeartBlock.java:106	block-sim/src/main/java/ac/cult/blocksim/behavior/CreakingHeartBehavior.java	
net.minecraft.world.level.block.CreakingHeartBlock	getStateForPlacement	BlockPlaceContext	6c0ba2d761baeacfde35ee28222131adc2bb6911d3b4d70eb7c644429337be3e	port	world/level/block/CreakingHeartBlock.java:131	block-sim/src/main/java/ac/cult/blocksim/behavior/CreakingHeartBehavior.java	
net.minecraft.world.level.block.CreakingHeartBlock	playerWillDestroy	Level,BlockPos,BlockState,Player	aabb1aaa4c1fc882a96a5ac43dabd5d6a1c71b9d9be6889037ccd0eb015d2890	port	world/level/block/CreakingHeartBlock.java:167	block-sim/src/main/java/ac/cult/blocksim/behavior/BlockBehavior.java	
net.minecraft.world.level.block.CreakingHeartBlock	hasAnalogOutputSignal	BlockState	431ca6d2bfbc684210415c1210d58f91e7ad98a300ef06eac2f35066edafa4f9	port	world/level/block/CreakingHeartBlock.java:183	block-sim/src/main/java/ac/cult/blocksim/engine/AnalogSignals.java	Pinned CreakingHeartBlock.hasAnalogOutputSignal is represented by generated family binding and compensated state/entity/container fields. Client-only zero results and server-only heart output updates are preserved.
net.minecraft.world.level.block.CreakingHeartBlock	getAnalogOutputSignal	BlockState,Level,BlockPos,Direction	6642bdadec33bc649b79dfcfd55e578b08d3fc25bb7653aed03a6c5996743dcd	port	world/level/block/CreakingHeartBlock.java:188	block-sim/src/main/java/ac/cult/blocksim/engine/AnalogSignals.java	Pinned CreakingHeartBlock.getAnalogOutputSignal is represented by generated family binding and compensated state/entity/container fields. Client-only zero results and server-only heart output updates are preserved.
net.minecraft.world.level.block.CropBlock	getShape	BlockState,BlockGetter,BlockPos,CollisionContext	cf5dcd71bd34e93616080aa4df8b932312a7e71f3bb833a72e4751493b9644da	port	world/level/block/CropBlock.java:36	block-sim/src/main/java/ac/cult/blocksim/behavior/BlockBehavior.java	Pinned CropBlock.getShape returns a constant, a state-indexed shape, or a block-state delegate; its exact boxes are emitted for every model state by VanillaDataGenerator.evaluate and read from StateFacts. Entity/world-dependent exceptions use separate behavior overrides.
net.minecraft.world.level.block.CropBlock	mayPlaceOn	BlockState,BlockGetter,BlockPos	e03a16815b9470571c82ee0bc0f314f0adc161f89721c5ac3a7c783a7064f90b	port	world/level/block/CropBlock.java:41	block-sim/src/main/java/ac/cult/blocksim/behavior/BasicBlockRules.java	
net.minecraft.world.level.block.CropBlock	isMaxAge	BlockState	f35ddb70bf4ab98557fbf9239c814d429559ada0a0e2b2e7e939026e4f774376	port	world/level/block/CropBlock.java:62	block-sim/src/main/java/ac/cult/blocksim/behavior/BonemealTargets.java	The crop client bonemeal target rejects age at or above the maximum. Generated legal ages supply ordinary crop maxima; TorchflowerCropBlock has the explicit native maximum of 2 despite its AGE_1 property.
net.minecraft.world.level.block.CropBlock	canSurvive	BlockState,LevelReader,BlockPos	652f8cd62c8e9bfde65813f4db186c2a412f6ca08f03de2e6baaa706320dd0c6	port	world/level/block/CropBlock.java:137	block-sim/src/main/java/ac/cult/blocksim/behavior/BasicBlockRules.java	
net.minecraft.world.level.block.CropBlock	isValidBonemealTarget	LevelReader,BlockPos,BlockState,BonemealSource	e4aa76549ace7f6d64576741761d151f1ba8fe4a91aa74d2b32285b4c3922249	port	world/level/block/CropBlock.java:166	block-sim/src/main/java/ac/cult/blocksim/behavior/BonemealTargets.java	Pinned CropBlock.isValidBonemealTarget supplies the PLAYER client predicate. The bound target rules cover this family without predicting ServerLevel growth or consumption.
net.minecraft.world.level.block.CrossCollisionBlock	getShape	BlockState,BlockGetter,BlockPos,CollisionContext	3e21ce4e351a671bf09a0815b0c126bdddae750dee103c86fdc4268521311e6c	port	world/level/block/CrossCollisionBlock.java:71	block-sim/src/main/java/ac/cult/blocksim/behavior/BlockBehavior.java	Pinned CrossCollisionBlock.getShape returns a constant, a state-indexed shape, or a block-state delegate; its exact boxes are emitted for every model state by VanillaDataGenerator.evaluate and read from StateFacts. Entity/world-dependent exceptions use separate behavior overrides.
net.minecraft.world.level.block.CrossCollisionBlock	getCollisionShape	BlockState,BlockGetter,BlockPos,CollisionContext	3ce79b4252c90e9b7155f7647c599a5b33cc2f3e964a79537fd08e8d8335b72c	port	world/level/block/CrossCollisionBlock.java:76	block-sim/src/main/java/ac/cult/blocksim/behavior/BlockBehavior.java	Pinned CrossCollisionBlock.getCollisionShape returns a constant, a state-indexed shape, or a block-state delegate; its exact boxes are emitted for every model state by VanillaDataGenerator.evaluate and read from StateFacts. Entity/world-dependent exceptions use separate behavior overrides.
net.minecraft.world.level.block.CrossCollisionBlock	getFluidState	BlockState	c7a0e8cf0670c937b327030415a9080e6908ec9b883e0dedc4af7d9b3620c737	port	world/level/block/CrossCollisionBlock.java:81	block-sim/src/main/java/ac/cult/blocksim/engine/SimFluidState.java	Pinned CrossCollisionBlock.getFluidState is a state-only source/waterlogged/LiquidBlock cache lookup. Generated StateFacts retain type, amount, falling flag, source flag and legacy state for every model ID.
net.minecraft.world.level.block.DaylightDetectorBlock	getShape	BlockState,BlockGetter,BlockPos,CollisionContext	3d9d2c565148801d0f31c596e14675c6c6a339c2dcce8c3c76180de46db25598	port	world/level/block/DaylightDetectorBlock.java:38	block-sim/src/main/java/ac/cult/blocksim/behavior/BlockBehavior.java	Pinned DaylightDetectorBlock.getShape returns a constant, a state-indexed shape, or a block-state delegate; its exact boxes are emitted for every model state by VanillaDataGenerator.evaluate and read from StateFacts. Entity/world-dependent exceptions use separate behavior overrides.
net.minecraft.world.level.block.DaylightDetectorBlock	useWithoutItem	BlockState,Level,BlockPos,Player,BlockHitResult	56123882a0aab2bc1f5ec419b0a37d31d7bab1e6e252c724b113498155179761	port	world/level/block/DaylightDetectorBlock.java:66	block-sim/src/main/java/ac/cult/blocksim/behavior/BasicBlockRules.java	
net.minecraft.world.level.block.DaylightDetectorBlock	isSignalSource	BlockState	431ca6d2bfbc684210415c1210d58f91e7ad98a300ef06eac2f35066edafa4f9	port	world/level/block/DaylightDetectorBlock.java:84	block-sim/src/main/java/ac/cult/blocksim/data/StateFacts.java	Pinned getter returns constant true; VanillaDataGenerator.evaluate captures it as StateFacts.SIGNAL_SOURCE for every state. Shared Signals/BlockBehavior queries consume the generated fact without duplicate family getters.
net.minecraft.world.level.block.DaylightDetectorBlock	ownSignal	BlockState,BlockGetter,BlockPos	9e4f654859f4049ec85dd7904d7d29534b6097c0771a3345bf952137b405d986	port	world/level/block/DaylightDetectorBlock.java:89	block-sim/src/main/java/ac/cult/blocksim/behavior/BasicBlockRules.java	
net.minecraft.world.level.block.DaylightDetectorBlock	newBlockEntity	BlockPos,BlockState	31258a1c46e777a505f6e91ae018c8e733f75f1bdead39d98986cdd6d45d41df	port	world/level/block/DaylightDetectorBlock.java:94	block-sim/src/main/java/ac/cult/blocksim/engine/BlockEntityPrototypes.java	
net.minecraft.world.level.block.DecoratedPotBlock	updateShape	BlockState,LevelReader,ScheduledTickAccess,BlockPos,Direction,BlockPos,BlockState,RandomSource	cd735ff51720eba3ff2a816c2afb7edbf4cbad724d36eeb720fa276d61234d45	port	world/level/block/DecoratedPotBlock.java:60	block-sim/src/main/java/ac/cult/blocksim/behavior/DecoratedPotBehavior.java	
net.minecraft.world.level.block.DecoratedPotBlock	getStateForPlacement	BlockPlaceContext	ee71b685c5cf0bde09931133bfe3dbd67c3c39b3c2422ca62aa9e38ea0caf073	port	world/level/block/DecoratedPotBlock.java:78	block-sim/src/main/java/ac/cult/blocksim/behavior/DecoratedPotBehavior.java	
net.minecraft.world.level.block.DecoratedPotBlock	useItemOn	ItemStack,BlockState,Level,BlockPos,Player,InteractionHand,BlockHitResult	59761d867e3deca40d76388bf7e966fe963bd2d82768a38b61d2f29e48de0540	port	world/level/block/DecoratedPotBlock.java:87	block-sim/src/main/java/ac/cult/blocksim/behavior/DecoratedPotBehavior.java	
net.minecraft.world.level.block.DecoratedPotBlock	useWithoutItem	BlockState,Level,BlockPos,Player,BlockHitResult	aac01fca325cec1219f0036131fea581c35e49e17b0140ebc88c3ce48c2b38b3	port	world/level/block/DecoratedPotBlock.java:133	block-sim/src/main/java/ac/cult/blocksim/behavior/DecoratedPotBehavior.java	
net.minecraft.world.level.block.DecoratedPotBlock	getShape	BlockState,BlockGetter,BlockPos,CollisionContext	3d9d2c565148801d0f31c596e14675c6c6a339c2dcce8c3c76180de46db25598	port	world/level/block/DecoratedPotBlock.java:152	block-sim/src/main/java/ac/cult/blocksim/behavior/BlockBehavior.java	Pinned DecoratedPotBlock.getShape returns a constant, a state-indexed shape, or a block-state delegate; its exact boxes are emitted for every model state by VanillaDataGenerator.evaluate and read from StateFacts. Entity/world-dependent exceptions use separate behavior overrides.
net.minecraft.world.level.block.DecoratedPotBlock	newBlockEntity	BlockPos,BlockState	2d9d621cd5755f506ac88e1c4183eeb3511f1626390b3371b4988992558766cd	port	world/level/block/DecoratedPotBlock.java:162	block-sim/src/main/java/ac/cult/blocksim/engine/BlockEntityPrototypes.java	
net.minecraft.world.level.block.DecoratedPotBlock	playerWillDestroy	Level,BlockPos,BlockState,Player	6e840a24d4107c557475b587bfdb480e052373d52742af90b55822683da09c5a	port	world/level/block/DecoratedPotBlock.java:187	block-sim/src/main/java/ac/cult/blocksim/behavior/DecoratedPotBehavior.java	
net.minecraft.world.level.block.DecoratedPotBlock	getFluidState	BlockState	c7a0e8cf0670c937b327030415a9080e6908ec9b883e0dedc4af7d9b3620c737	port	world/level/block/DecoratedPotBlock.java:199	block-sim/src/main/java/ac/cult/blocksim/engine/SimFluidState.java	Pinned DecoratedPotBlock.getFluidState is a state-only source/waterlogged/LiquidBlock cache lookup. Generated StateFacts retain type, amount, falling flag, source flag and legacy state for every model ID.
net.minecraft.world.level.block.DecoratedPotBlock	hasAnalogOutputSignal	BlockState	431ca6d2bfbc684210415c1210d58f91e7ad98a300ef06eac2f35066edafa4f9	port	world/level/block/DecoratedPotBlock.java:228	block-sim/src/main/java/ac/cult/blocksim/engine/AnalogSignals.java	Pinned DecoratedPotBlock.hasAnalogOutputSignal is represented by generated family binding and compensated state/entity/container fields. Client-only zero results and server-only heart output updates are preserved.
net.minecraft.world.level.block.DecoratedPotBlock	getAnalogOutputSignal	BlockState,Level,BlockPos,Direction	35ac699671beb46624025131f96a8a760d989994dc0c71abb878a76dd7856d1e	port	world/level/block/DecoratedPotBlock.java:233	block-sim/src/main/java/ac/cult/blocksim/engine/AnalogSignals.java	Pinned DecoratedPotBlock.getAnalogOutputSignal is represented by generated family binding and compensated state/entity/container fields. Client-only zero results and server-only heart output updates are preserved.
net.minecraft.world.level.block.DetectorRailBlock	isSignalSource	BlockState	431ca6d2bfbc684210415c1210d58f91e7ad98a300ef06eac2f35066edafa4f9	port	world/level/block/DetectorRailBlock.java:38	block-sim/src/main/java/ac/cult/blocksim/data/StateFacts.java	Pinned getter returns constant true; VanillaDataGenerator.evaluate captures it as StateFacts.SIGNAL_SOURCE for every state. Shared Signals/BlockBehavior queries consume the generated fact without duplicate family getters.
net.minecraft.world.level.block.DetectorRailBlock	ownSignal	BlockState,BlockGetter,BlockPos	63b0f9a21db99967d72defb089090245cc6d8811ce87573b3730898a0d38eef4	port	world/level/block/DetectorRailBlock.java:43	block-sim/src/main/java/ac/cult/blocksim/behavior/BasicBlockRules.java	
net.minecraft.world.level.block.DetectorRailBlock	getDirectSignal	BlockState,BlockGetter,BlockPos,Direction	1d1c30837f7b593f609588133366deea16b38b11cc919f9e987ea5e92f2c02af	port	world/level/block/DetectorRailBlock.java:66	block-sim/src/main/java/ac/cult/blocksim/behavior/BasicBlockRules.java	
net.minecraft.world.level.block.DetectorRailBlock	hasAnalogOutputSignal	BlockState	431ca6d2bfbc684210415c1210d58f91e7ad98a300ef06eac2f35066edafa4f9	port	world/level/block/DetectorRailBlock.java:132	block-sim/src/main/java/ac/cult/blocksim/engine/AnalogSignals.java	Pinned DetectorRailBlock.hasAnalogOutputSignal is represented by generated family binding and compensated state/entity/container fields. Client-only zero results and server-only heart output updates are preserved.
net.minecraft.world.level.block.DetectorRailBlock	getAnalogOutputSignal	BlockState,Level,BlockPos,Direction	a267c32d1bfc2691de2d34c675e39940f9dc64a3a46f364d6fc7bc41adfe7a47	port	world/level/block/DetectorRailBlock.java:137	block-sim/src/main/java/ac/cult/blocksim/engine/AnalogSignals.java	Pinned DetectorRailBlock.getAnalogOutputSignal is represented by generated family binding and compensated state/entity/container fields. Client-only zero results and server-only heart output updates are preserved.
net.minecraft.world.level.block.DiodeBlock	getShape	BlockState,BlockGetter,BlockPos,CollisionContext	3d9d2c565148801d0f31c596e14675c6c6a339c2dcce8c3c76180de46db25598	port	world/level/block/DiodeBlock.java:34	block-sim/src/main/java/ac/cult/blocksim/behavior/BlockBehavior.java	Pinned DiodeBlock.getShape returns a constant, a state-indexed shape, or a block-state delegate; its exact boxes are emitted for every model state by VanillaDataGenerator.evaluate and read from StateFacts. Entity/world-dependent exceptions use separate behavior overrides.
net.minecraft.world.level.block.DiodeBlock	canSurvive	BlockState,LevelReader,BlockPos	211d30d4a8ea6894e80f2d546593c96f44a8becf500e23c6bb774270b0752b0d	port	world/level/block/DiodeBlock.java:39	block-sim/src/main/java/ac/cult/blocksim/behavior/DiodeBehavior.java	
net.minecraft.world.level.block.DiodeBlock	canSurviveOn	LevelReader,BlockPos,BlockState	a429b4f7afc9eeca031b486baedd48567762fc3e63dad42641470d7d74612e95	port	world/level/block/DiodeBlock.java:45	block-sim/src/main/java/ac/cult/blocksim/behavior/DiodeBehavior.java	
net.minecraft.world.level.block.DiodeBlock	neighborChanged	BlockState,Level,BlockPos,Block,Orientation,boolean	a8976212a254a9a31f9249b3b3782ba6fae0455b491938bb75f788995b89258a	server-only	world/level/block/DiodeBlock.java:65		
net.minecraft.world.level.block.DiodeBlock	isLocked	LevelReader,BlockPos,BlockState	2321bc09cbb45126d475c441ad86ed8815b9858c7c335ad00dd0b2494d8ab965	server-only	world/level/block/DiodeBlock.java:101		Pinned DiodeBlock.java:49-107 calls this base method only for server tick/neighbor scheduling; client Level neighbor notifications are empty. ComparatorBlock overrides shouldTurnOn, and its client mode-toggle refresh is separately implemented by ComparatorBehavior, without invoking this base implementation.
net.minecraft.world.level.block.DiodeBlock	shouldTurnOn	Level,BlockPos,BlockState	06a2b8276a29df4578bf0131aded5badcdf4c99fc93ba18ff5d987ceae142028	server-only	world/level/block/DiodeBlock.java:105		Pinned DiodeBlock.java:49-107 calls this base method only for server tick/neighbor scheduling; client Level neighbor notifications are empty. ComparatorBlock overrides shouldTurnOn, and its client mode-toggle refresh is separately implemented by ComparatorBehavior, without invoking this base implementation.
net.minecraft.world.level.block.DiodeBlock	getInputSignal	Level,BlockPos,BlockState	b127fd566adfe05c557114e687b6dd32818c89c614f45a31e47de5eea71c91cd	port	world/level/block/DiodeBlock.java:109	block-sim/src/main/java/ac/cult/blocksim/behavior/ComparatorBehavior.java	inputSignal preserves the diode base input: facing-neighbor signal is used directly at 15 or greater; below 15, redstone-wire POWER is combined with Math.max before the comparator-specific analog input handling.
net.minecraft.world.level.block.DiodeBlock	getAlternateSignal	SignalGetter,BlockPos,BlockState	25b35f9a8872ebe5343e13f225c8e1c7ff19dfdec171889a5c5c9f41799c1223	port	world/level/block/DiodeBlock.java:121	block-sim/src/main/java/ac/cult/blocksim/behavior/DiodeBehavior.java	
net.minecraft.world.level.block.DiodeBlock	isSignalSource	BlockState	431ca6d2bfbc684210415c1210d58f91e7ad98a300ef06eac2f35066edafa4f9	port	world/level/block/DiodeBlock.java:132	block-sim/src/main/java/ac/cult/blocksim/data/StateFacts.java	Pinned getter returns constant true; VanillaDataGenerator.evaluate captures it as StateFacts.SIGNAL_SOURCE for every state. Shared Signals/BlockBehavior queries consume the generated fact without duplicate family getters.
net.minecraft.world.level.block.DiodeBlock	ownSignal	BlockState,BlockGetter,BlockPos	80bb56101204da6cbeafbfa30a796e1baef77fcfe666b24a8dcca608df13abb5	port	world/level/block/DiodeBlock.java:137	block-sim/src/main/java/ac/cult/blocksim/behavior/DiodeBehavior.java	
net.minecraft.world.level.block.DiodeBlock	getDirectSignal	BlockState,BlockGetter,BlockPos,Direction	218fb2117d887b1e0ba09275606e514a32aa3a4130c460bf115f28bf2402b9b7	port	world/level/block/DiodeBlock.java:142	block-sim/src/main/java/ac/cult/blocksim/behavior/DiodeBehavior.java	
net.minecraft.world.level.block.DiodeBlock	getSignal	BlockState,BlockGetter,BlockPos,Direction	888ef80b54aa9c1a8071870538a847c7e70e1a2c34b8981cfc8499d3eb3378de	port	world/level/block/DiodeBlock.java:147	block-sim/src/main/java/ac/cult/blocksim/behavior/DiodeBehavior.java	
net.minecraft.world.level.block.DiodeBlock	getStateForPlacement	BlockPlaceContext	2ad1d62f2232e4987c7cd90f27de26f1537d88424f1b501bbb4d139758fdcc54	port	world/level/block/DiodeBlock.java:152	block-sim/src/main/java/ac/cult/blocksim/behavior/DiodeBehavior.java	
net.minecraft.world.level.block.DiodeBlock	setPlacedBy	Level,BlockPos,BlockState,LivingEntity,ItemStack	0de3c11788ad166c825e2d720a933c8d396f6ec28e8dc61c546ff9208e6419b1	port	world/level/block/DiodeBlock.java:157	block-sim/src/main/java/ac/cult/blocksim/behavior/BlockBehavior.java	
net.minecraft.world.level.block.DiodeBlock	getOutputSignal	BlockGetter,BlockPos,BlockState	5c3417e455c33938d7e1e6686e4165a76e4c2d6f2a17cdbabe6eb99a0af225a8	port	world/level/block/DiodeBlock.java:188	block-sim/src/main/java/ac/cult/blocksim/behavior/DiodeBehavior.java	
net.minecraft.world.level.block.DispenserBlock	useWithoutItem	BlockState,Level,BlockPos,Player,BlockHitResult	afc471b2c30b0f3a052b7544f509d2a7059aada9c6469dbd6acd6423b786fea8	port	world/level/block/DispenserBlock.java:70	block-sim/src/main/java/ac/cult/blocksim/behavior/BasicBlockRules.java	
net.minecraft.world.level.block.DispenserBlock	neighborChanged	BlockState,Level,BlockPos,Block,Orientation,boolean	c3eee12324e52dcd9213bd3f7625044bd760a6f12510f922312a79071f968dc9	server-only	world/level/block/DispenserBlock.java:121		
net.minecraft.world.level.block.DispenserBlock	newBlockEntity	BlockPos,BlockState	caf0b160e3944ecb42476906878c23ae970fe1dda6a3c2b6b5b159fa8b66e6cd	port	world/level/block/DispenserBlock.java:140	block-sim/src/main/java/ac/cult/blocksim/engine/BlockEntityPrototypes.java	
net.minecraft.world.level.block.DispenserBlock	getStateForPlacement	BlockPlaceContext	fe85663251db4681830f699e5718b5f2f9678769ef7bae34ff943e5d67f00638	port	world/level/block/DispenserBlock.java:145	block-sim/src/main/java/ac/cult/blocksim/behavior/BasicBlockRules.java	
net.minecraft.world.level.block.DispenserBlock	hasAnalogOutputSignal	BlockState	431ca6d2bfbc684210415c1210d58f91e7ad98a300ef06eac2f35066edafa4f9	port	world/level/block/DispenserBlock.java:165	block-sim/src/main/java/ac/cult/blocksim/engine/AnalogSignals.java	Pinned DispenserBlock.hasAnalogOutputSignal is represented by generated family binding and compensated state/entity/container fields. Client-only zero results and server-only heart output updates are preserved.
net.minecraft.world.level.block.DispenserBlock	getAnalogOutputSignal	BlockState,Level,BlockPos,Direction	35ac699671beb46624025131f96a8a760d989994dc0c71abb878a76dd7856d1e	port	world/level/block/DispenserBlock.java:170	block-sim/src/main/java/ac/cult/blocksim/engine/AnalogSignals.java	Pinned DispenserBlock.getAnalogOutputSignal is represented by generated family binding and compensated state/entity/container fields. Client-only zero results and server-only heart output updates are preserved.
net.minecraft.world.level.block.DoorBlock	getShape	BlockState,BlockGetter,BlockPos,CollisionContext	0d5404e03eb7991479df9f9510e59736f8ed925ec5da249831f5380cc433e807	port	world/level/block/DoorBlock.java:68	block-sim/src/main/java/ac/cult/blocksim/behavior/BlockBehavior.java	Pinned DoorBlock.getShape returns a constant, a state-indexed shape, or a block-state delegate; its exact boxes are emitted for every model state by VanillaDataGenerator.evaluate and read from StateFacts. Entity/world-dependent exceptions use separate behavior overrides.
net.minecraft.world.level.block.DoorBlock	updateShape	BlockState,LevelReader,ScheduledTickAccess,BlockPos,Direction,BlockPos,BlockState,RandomSource	fc192da1cf28119b03cfda681a8fd5c059e6bf3ad4534118425b80b4fe1aaa9e	port	world/level/block/DoorBlock.java:77	block-sim/src/main/java/ac/cult/blocksim/behavior/DoorBehavior.java	
net.minecraft.world.level.block.DoorBlock	playerWillDestroy	Level,BlockPos,BlockState,Player	769c88513adb500cdd00b056489bd6d51ec4fb76ff21bbfead6a3b9bdbf0c4a7	port	world/level/block/DoorBlock.java:111	block-sim/src/main/java/ac/cult/blocksim/behavior/BlockBehavior.java	
net.minecraft.world.level.block.DoorBlock	getStateForPlacement	BlockPlaceContext	bee616a1c54b23415eb456a37fa302a0dce70ac77485837f52a657fa9c5778d5	port	world/level/block/DoorBlock.java:128	block-sim/src/main/java/ac/cult/blocksim/behavior/DoorBehavior.java	
net.minecraft.world.level.block.DoorBlock	setPlacedBy	Level,BlockPos,BlockState,LivingEntity,ItemStack	51e5f555b5f73f19abab4887e6604605b1df9e85be719a0810e2ed93113e157c	port	world/level/block/DoorBlock.java:145	block-sim/src/main/java/ac/cult/blocksim/behavior/DoorBehavior.java	
net.minecraft.world.level.block.DoorBlock	getHinge	BlockPlaceContext	28d89744b001c170e528a5796892fe53e9b5e2cef95d3076407cc6b688c1e862	port	world/level/block/DoorBlock.java:150	block-sim/src/main/java/ac/cult/blocksim/behavior/DoorBehavior.java	
net.minecraft.world.level.block.DoorBlock	useWithoutItem	BlockState,Level,BlockPos,Player,BlockHitResult	ca8837f88319ca681091df61dc55cdd7bab144d5eebf73c37e6cb5ebfd991813	port	world/level/block/DoorBlock.java:189	block-sim/src/main/java/ac/cult/blocksim/behavior/DoorBehavior.java	
net.minecraft.world.level.block.DoorBlock	neighborChanged	BlockState,Level,BlockPos,Block,Orientation,boolean	9086cf14f5cd3223e68e9fa6bbee8090bf7cb982a1d12711505dacd71ab1f566	server-only	world/level/block/DoorBlock.java:214		
net.minecraft.world.level.block.DoorBlock	canSurvive	BlockState,LevelReader,BlockPos	5fdbc67f7088923107ae922cdc2b06c8499496c69647840c0af87548d5e0ba4d	port	world/level/block/DoorBlock.java:230	block-sim/src/main/java/ac/cult/blocksim/behavior/DoorBehavior.java	
net.minecraft.world.level.block.DoorBlock	getSeed	BlockState,BlockPos	4b83ce34936368ad0fadbb710fa976682cc86685f2cc5ba7321a1535eade0e0c	no-client-world-effect	world/level/block/DoorBlock.java:251		Pinned BlockState.getSeed is referenced only by LevelRenderer, SectionCompiler and MovingBlockFeatureRenderer; block/door overrides supply deterministic render-model seeds. Actual outline/collision position jitter independently uses Offsets.seed and remains modeled.
net.minecraft.world.level.block.DoublePlantBlock	updateShape	BlockState,LevelReader,ScheduledTickAccess,BlockPos,Direction,BlockPos,BlockState,RandomSource	c95d97ac6af219e0bf2cc9d3937ed84b860fbe2c9c4805007288273012bbf444	port	world/level/block/DoublePlantBlock.java:35	block-sim/src/main/java/ac/cult/blocksim/behavior/DoublePlantBehavior.java	
net.minecraft.world.level.block.DoublePlantBlock	getStateForPlacement	BlockPlaceContext	0de19b3d3622e9a1747628ca0991defcf587a4f4bf4792367e26fb8c329d8316	port	world/level/block/DoublePlantBlock.java:58	block-sim/src/main/java/ac/cult/blocksim/behavior/DoublePlantBehavior.java	
net.minecraft.world.level.block.DoublePlantBlock	setPlacedBy	Level,BlockPos,BlockState,LivingEntity,ItemStack	a746065e256285f123b7cee1e811e2e7445a4e3aaa0bc5be54d5e21335a316d8	port	world/level/block/DoublePlantBlock.java:65	block-sim/src/main/java/ac/cult/blocksim/behavior/DoublePlantBehavior.java	
net.minecraft.world.level.block.DoublePlantBlock	canSurvive	BlockState,LevelReader,BlockPos	b2e0c05922681879e70f90e74b1c2e24e6e4972d24fd82801b52b48ed660a86b	port	world/level/block/DoublePlantBlock.java:71	block-sim/src/main/java/ac/cult/blocksim/behavior/DoublePlantBehavior.java	
net.minecraft.world.level.block.DoublePlantBlock	copyWaterloggedFrom	LevelReader,BlockPos,BlockState	dda2dc68de6131842ed52d1838f4b879dd9d3ec3e3d7d0c07c0b977829973feb	port	world/level/block/DoublePlantBlock.java:87	block-sim/src/main/java/ac/cult/blocksim/behavior/DoublePlantBehavior.java	
net.minecraft.world.level.block.DoublePlantBlock	playerWillDestroy	Level,BlockPos,BlockState,Player	ce7fb968ff9e590e99b8deb2d840f066754a90fd99f1b39eccf2ca5952406bd0	port	world/level/block/DoublePlantBlock.java:91	block-sim/src/main/java/ac/cult/blocksim/behavior/BlockBehavior.java	
net.minecraft.world.level.block.DoublePlantBlock	getSeed	BlockState,BlockPos	4b83ce34936368ad0fadbb710fa976682cc86685f2cc5ba7321a1535eade0e0c	no-client-world-effect	world/level/block/DoublePlantBlock.java:134		Pinned getSeed shares the lower-half render-model seed across both halves. BlockState.getSeed callers are rendering paths; this does not alter outline/collision geometry or the independently modeled Offsets.seed.
net.minecraft.world.level.block.DragonEggBlock	getShape	BlockState,BlockGetter,BlockPos,CollisionContext	3d9d2c565148801d0f31c596e14675c6c6a339c2dcce8c3c76180de46db25598	port	world/level/block/DragonEggBlock.java:27	block-sim/src/main/java/ac/cult/blocksim/behavior/BlockBehavior.java	Pinned DragonEggBlock.getShape returns a constant, a state-indexed shape, or a block-state delegate; its exact boxes are emitted for every model state by VanillaDataGenerator.evaluate and read from StateFacts. Entity/world-dependent exceptions use separate behavior overrides.
net.minecraft.world.level.block.DragonEggBlock	useWithoutItem	BlockState,Level,BlockPos,Player,BlockHitResult	71bd99da40baf7cdd61ef7d016ae6b144a54aff4f4f83d403d426d56fe16e581	port	world/level/block/DragonEggBlock.java:32	block-sim/src/main/java/ac/cult/blocksim/behavior/BasicBlockRules.java	
net.minecraft.world.level.block.DragonEggBlock	attack	BlockState,Level,BlockPos,Player	42169718a2d4d0b73e938e24e9fa93f25db1a18f131566c4bb42bbde806ae0cd	port	world/level/block/DragonEggBlock.java:40	block-sim/src/main/java/ac/cult/blocksim/behavior/BlockBehavior.java	
net.minecraft.world.level.block.DriedGhastBlock	updateShape	BlockState,LevelReader,ScheduledTickAccess,BlockPos,Direction,BlockPos,BlockState,RandomSource	cd735ff51720eba3ff2a816c2afb7edbf4cbad724d36eeb720fa276d61234d45	port	world/level/block/DriedGhastBlock.java:55	block-sim/src/main/java/ac/cult/blocksim/behavior/BasicBlockRules.java	
net.minecraft.world.level.block.DriedGhastBlock	getShape	BlockState,BlockGetter,BlockPos,CollisionContext	3d9d2c565148801d0f31c596e14675c6c6a339c2dcce8c3c76180de46db25598	port	world/level/block/DriedGhastBlock.java:73	block-sim/src/main/java/ac/cult/blocksim/behavior/BlockBehavior.java	Pinned DriedGhastBlock.getShape returns a constant, a state-indexed shape, or a block-state delegate; its exact boxes are emitted for every model state by VanillaDataGenerator.evaluate and read from StateFacts. Entity/world-dependent exceptions use separate behavior overrides.
net.minecraft.world.level.block.DriedGhastBlock	getStateForPlacement	BlockPlaceContext	524bd22f51541eb651a089daa4b53ab03c98bf68b1739f3cfbfce516ec58a2b3	port	world/level/block/DriedGhastBlock.java:162	block-sim/src/main/java/ac/cult/blocksim/behavior/BasicBlockRules.java	
net.minecraft.world.level.block.DriedGhastBlock	getFluidState	BlockState	c7a0e8cf0670c937b327030415a9080e6908ec9b883e0dedc4af7d9b3620c737	port	world/level/block/DriedGhastBlock.java:169	block-sim/src/main/java/ac/cult/blocksim/engine/SimFluidState.java	Pinned DriedGhastBlock.getFluidState is a state-only source/waterlogged/LiquidBlock cache lookup. Generated StateFacts retain type, amount, falling flag, source flag and legacy state for every model ID.
net.minecraft.world.level.block.DriedGhastBlock	placeLiquid	LevelAccessor,BlockPos,BlockState,FluidState	f6e14a091e4d6f6fb720ecf441735a2db612c085f7934fd6d31fc5214153fb6f	port	world/level/block/DriedGhastBlock.java:174	block-sim/src/main/java/ac/cult/blocksim/behavior/BasicBlockRules.java	
net.minecraft.world.level.block.DriedGhastBlock	setPlacedBy	Level,BlockPos,BlockState,LivingEntity,ItemStack	ff0e5158650f9f61d73ab83af7af3ab6450c36c67b17b639e87f6e77c226c071	port	world/level/block/DriedGhastBlock.java:189	block-sim/src/main/java/ac/cult/blocksim/behavior/BlockBehavior.java	
net.minecraft.world.level.block.DropperBlock	newBlockEntity	BlockPos,BlockState	c28d875d509706d2903f5575565b21b605e4543da68f4f62d6d97c8a91eda2fc	port	world/level/block/DropperBlock.java:35	block-sim/src/main/java/ac/cult/blocksim/engine/BlockEntityPrototypes.java	
net.minecraft.world.level.block.DryVegetationBlock	getShape	BlockState,BlockGetter,BlockPos,CollisionContext	3d9d2c565148801d0f31c596e14675c6c6a339c2dcce8c3c76180de46db25598	port	world/level/block/DryVegetationBlock.java:21	block-sim/src/main/java/ac/cult/blocksim/behavior/BlockBehavior.java	Pinned DryVegetationBlock.getShape returns a constant, a state-indexed shape, or a block-state delegate; its exact boxes are emitted for every model state by VanillaDataGenerator.evaluate and read from StateFacts. Entity/world-dependent exceptions use separate behavior overrides.
net.minecraft.world.level.block.DryVegetationBlock	mayPlaceOn	BlockState,BlockGetter,BlockPos	3492450ce649f79b4c1694f2e1bae7d92f4efb254d0dd1867ad378a005842b6e	port	world/level/block/DryVegetationBlock.java:26	block-sim/src/main/java/ac/cult/blocksim/behavior/BasicBlockRules.java	
net.minecraft.world.level.block.EnchantingTableBlock	getShape	BlockState,BlockGetter,BlockPos,CollisionContext	3d9d2c565148801d0f31c596e14675c6c6a339c2dcce8c3c76180de46db25598	port	world/level/block/EnchantingTableBlock.java:51	block-sim/src/main/java/ac/cult/blocksim/behavior/BlockBehavior.java	Pinned EnchantingTableBlock.getShape returns a constant, a state-indexed shape, or a block-state delegate; its exact boxes are emitted for every model state by VanillaDataGenerator.evaluate and read from StateFacts. Entity/world-dependent exceptions use separate behavior overrides.
net.minecraft.world.level.block.EnchantingTableBlock	newBlockEntity	BlockPos,BlockState	4ec1f18b3e347b611601988549a44d67cbab1370a34a9b4e230ac454dfd2060d	port	world/level/block/EnchantingTableBlock.java:75	block-sim/src/main/java/ac/cult/blocksim/engine/BlockEntityPrototypes.java	
net.minecraft.world.level.block.EnchantingTableBlock	useWithoutItem	BlockState,Level,BlockPos,Player,BlockHitResult	818ed63ec53d3fa06fd15fe069eecd16cc52c9e81aaacb5db9ebd80fdcf9fa38	port	world/level/block/EnchantingTableBlock.java:85	block-sim/src/main/java/ac/cult/blocksim/behavior/BasicBlockRules.java	
net.minecraft.world.level.block.EndGatewayBlock	newBlockEntity	BlockPos,BlockState	f002cad5e39844b31c59e2e290a723dcc5b6f274bdd8261863f6e3324b2deb5b	port	world/level/block/EndGatewayBlock.java:32	block-sim/src/main/java/ac/cult/blocksim/engine/BlockEntityPrototypes.java	
net.minecraft.world.level.block.EndGatewayBlock	canBeReplaced	BlockState,Fluid	2321bc09cbb45126d475c441ad86ed8815b9858c7c335ad00dd0b2494d8ab965	port	world/level/block/EndGatewayBlock.java:75	block-sim/src/main/java/ac/cult/blocksim/behavior/BlockBehavior.java	
net.minecraft.world.level.block.EndPortalBlock	newBlockEntity	BlockPos,BlockState	d63ded6141a68a686c49bc668874d8b5046950d0711d4d1ef496b68cbcc92427	port	world/level/block/EndPortalBlock.java:38	block-sim/src/main/java/ac/cult/blocksim/engine/BlockEntityPrototypes.java	
net.minecraft.world.level.block.EndPortalBlock	getShape	BlockState,BlockGetter,BlockPos,CollisionContext	3d9d2c565148801d0f31c596e14675c6c6a339c2dcce8c3c76180de46db25598	port	world/level/block/EndPortalBlock.java:43	block-sim/src/main/java/ac/cult/blocksim/behavior/BlockBehavior.java	Pinned EndPortalBlock.getShape returns a constant, a state-indexed shape, or a block-state delegate; its exact boxes are emitted for every model state by VanillaDataGenerator.evaluate and read from StateFacts. Entity/world-dependent exceptions use separate behavior overrides.
net.minecraft.world.level.block.EndPortalBlock	canBeReplaced	BlockState,Fluid	2321bc09cbb45126d475c441ad86ed8815b9858c7c335ad00dd0b2494d8ab965	port	world/level/block/EndPortalBlock.java:119	block-sim/src/main/java/ac/cult/blocksim/behavior/BlockBehavior.java	
net.minecraft.world.level.block.EndPortalFrameBlock	getShape	BlockState,BlockGetter,BlockPos,CollisionContext	9be49236ad111507b7c82c877a68d89b1b39e2708eb6762f47f92bb9a32376ee	port	world/level/block/EndPortalFrameBlock.java:42	block-sim/src/main/java/ac/cult/blocksim/behavior/BlockBehavior.java	Pinned EndPortalFrameBlock.getShape returns a constant, a state-indexed shape, or a block-state delegate; its exact boxes are emitted for every model state by VanillaDataGenerator.evaluate and read from StateFacts. Entity/world-dependent exceptions use separate behavior overrides.
net.minecraft.world.level.block.EndPortalFrameBlock	getStateForPlacement	BlockPlaceContext	d46de8635bdeebbdc464a0dc87055d05b9102e28cdc281fb244f2f6fbdcab719	port	world/level/block/EndPortalFrameBlock.java:47	block-sim/src/main/java/ac/cult/blocksim/behavior/BasicBlockRules.java	
net.minecraft.world.level.block.EndPortalFrameBlock	hasAnalogOutputSignal	BlockState	431ca6d2bfbc684210415c1210d58f91e7ad98a300ef06eac2f35066edafa4f9	port	world/level/block/EndPortalFrameBlock.java:52	block-sim/src/main/java/ac/cult/blocksim/engine/AnalogSignals.java	Pinned EndPortalFrameBlock.hasAnalogOutputSignal is represented by generated family binding and compensated state/entity/container fields. Client-only zero results and server-only heart output updates are preserved.
net.minecraft.world.level.block.EndPortalFrameBlock	getAnalogOutputSignal	BlockState,Level,BlockPos,Direction	b4f326c94455373db8032795bc0a58d13c15ce7f01b1a30dcb01756944f064ce	port	world/level/block/EndPortalFrameBlock.java:57	block-sim/src/main/java/ac/cult/blocksim/engine/AnalogSignals.java	Pinned EndPortalFrameBlock.getAnalogOutputSignal is represented by generated family binding and compensated state/entity/container fields. Client-only zero results and server-only heart output updates are preserved.
net.minecraft.world.level.block.EndRodBlock	getStateForPlacement	BlockPlaceContext	c888eccd6ce63d9b2f16d375fc8cb34073e7bebe718a5754e6febe70c98f7b86	port	world/level/block/EndRodBlock.java:19	block-sim/src/main/java/ac/cult/blocksim/behavior/BasicBlockRules.java	
net.minecraft.world.level.block.EnderChestBlock	getShape	BlockState,BlockGetter,BlockPos,CollisionContext	3d9d2c565148801d0f31c596e14675c6c6a339c2dcce8c3c76180de46db25598	port	world/level/block/EnderChestBlock.java:59	block-sim/src/main/java/ac/cult/blocksim/behavior/BlockBehavior.java	Pinned EnderChestBlock.getShape returns a constant, a state-indexed shape, or a block-state delegate; its exact boxes are emitted for every model state by VanillaDataGenerator.evaluate and read from StateFacts. Entity/world-dependent exceptions use separate behavior overrides.
net.minecraft.world.level.block.EnderChestBlock	getStateForPlacement	BlockPlaceContext	51b2c3f9dc3dc49021fd884903697e8627cdd84d5dab8c4be1e97905c4c1d25d	port	world/level/block/EnderChestBlock.java:64	block-sim/src/main/java/ac/cult/blocksim/behavior/BasicBlockRules.java	
net.minecraft.world.level.block.EnderChestBlock	useWithoutItem	BlockState,Level,BlockPos,Player,BlockHitResult	e05e7f40cfb3ee8f7f4bb3ce0de6c9e038a185c3860b6d6a8f382c0388e6e915	port	world/level/block/EnderChestBlock.java:72	block-sim/src/main/java/ac/cult/blocksim/behavior/BasicBlockRules.java	
net.minecraft.world.level.block.EnderChestBlock	newBlockEntity	BlockPos,BlockState	6d61653ac03b800358ec2a1bff71df1e5f42f855dfab218b7c3eba5832f160a1	port	world/level/block/EnderChestBlock.java:96	block-sim/src/main/java/ac/cult/blocksim/engine/BlockEntityPrototypes.java	
net.minecraft.world.level.block.EnderChestBlock	getFluidState	BlockState	c7a0e8cf0670c937b327030415a9080e6908ec9b883e0dedc4af7d9b3620c737	port	world/level/block/EnderChestBlock.java:136	block-sim/src/main/java/ac/cult/blocksim/engine/SimFluidState.java	Pinned EnderChestBlock.getFluidState is a state-only source/waterlogged/LiquidBlock cache lookup. Generated StateFacts retain type, amount, falling flag, source flag and legacy state for every model ID.
net.minecraft.world.level.block.EnderChestBlock	updateShape	BlockState,LevelReader,ScheduledTickAccess,BlockPos,Direction,BlockPos,BlockState,RandomSource	cd735ff51720eba3ff2a816c2afb7edbf4cbad724d36eeb720fa276d61234d45	port	world/level/block/EnderChestBlock.java:141	block-sim/src/main/java/ac/cult/blocksim/behavior/BasicBlockRules.java	
net.minecraft.world.level.block.FaceAttachedHorizontalDirectionalBlock	canSurvive	BlockState,LevelReader,BlockPos	cc8dcc7e83b29a789df5b6adc1d298e04f451f0a8d21dd36fa2221798e18fb19	port	world/level/block/FaceAttachedHorizontalDirectionalBlock.java:23	block-sim/src/main/java/ac/cult/blocksim/behavior/FaceAttachedBehavior.java	
net.minecraft.world.level.block.FaceAttachedHorizontalDirectionalBlock	canAttach	LevelReader,BlockPos,Direction	92c1acee8bc0a3dedf01a82cf38d0ddee33d8577e2384359850b57abccff52d8	port	world/level/block/FaceAttachedHorizontalDirectionalBlock.java:28	block-sim/src/main/java/ac/cult/blocksim/behavior/SupportRules.java	
net.minecraft.world.level.block.FaceAttachedHorizontalDirectionalBlock	getStateForPlacement	BlockPlaceContext	2e798ff867c3888bb0ac272ff96535640413cf6833ea3713a2c464271ba2b247	port	world/level/block/FaceAttachedHorizontalDirectionalBlock.java:33	block-sim/src/main/java/ac/cult/blocksim/behavior/FaceAttachedBehavior.java	
net.minecraft.world.level.block.FaceAttachedHorizontalDirectionalBlock	updateShape	BlockState,LevelReader,ScheduledTickAccess,BlockPos,Direction,BlockPos,BlockState,RandomSource	648d918ad502889f3a9fffe7df71e5f1c3156c84bc8eaf2ccdde5d46f6ddfba2	port	world/level/block/FaceAttachedHorizontalDirectionalBlock.java:53	block-sim/src/main/java/ac/cult/blocksim/behavior/FaceAttachedBehavior.java	
net.minecraft.world.level.block.FaceAttachedHorizontalDirectionalBlock	getConnectedDirection	BlockState	c23af0976037df487aa425ea10e6928d0774f36faec1a1d6bdbb3acf5468103b	port	world/level/block/FaceAttachedHorizontalDirectionalBlock.java:69	block-sim/src/main/java/ac/cult/blocksim/behavior/FaceAttachedBehavior.java	
net.minecraft.world.level.block.FallingBlock	updateShape	BlockState,LevelReader,ScheduledTickAccess,BlockPos,Direction,BlockPos,BlockState,RandomSource	488a950dffddf6a4c5ff40c9d77369ad2f7dfc82e6776746f8613c9c5216c3b0	no-client-world-effect	world/level/block/FallingBlock.java:29		Schedules block/fluid ticks only; ClientLevel scheduled tick access is a blackhole, then BlockBehaviour.updateShape returns the same state.
net.minecraft.world.level.block.FarmlandBlock	updateShape	BlockState,LevelReader,ScheduledTickAccess,BlockPos,Direction,BlockPos,BlockState,RandomSource	b03ae765e33380269e309d1d26ba2c7ae48d196943a9496535d1760a6bcdcb3a	port	world/level/block/FarmlandBlock.java:42	block-sim/src/main/java/ac/cult/blocksim/behavior/FarmlandBehavior.java	
net.minecraft.world.level.block.FarmlandBlock	canSurvive	BlockState,LevelReader,BlockPos	23d1b6d55bf84fdfb5201a062ecfa75df9d8b3ab6bcfd0ed0402c4cffc6062a7	port	world/level/block/FarmlandBlock.java:60	block-sim/src/main/java/ac/cult/blocksim/behavior/FarmlandBehavior.java	
net.minecraft.world.level.block.FarmlandBlock	getStateForPlacement	BlockPlaceContext	fa6972d5fb66bf5aefab8c3ace77fc2865bc4d098946f65bf89a480d81c0104d	port	world/level/block/FarmlandBlock.java:66	block-sim/src/main/java/ac/cult/blocksim/behavior/FarmlandBehavior.java	
net.minecraft.world.level.block.FarmlandBlock	getShape	BlockState,BlockGetter,BlockPos,CollisionContext	3d9d2c565148801d0f31c596e14675c6c6a339c2dcce8c3c76180de46db25598	port	world/level/block/FarmlandBlock.java:78	block-sim/src/main/java/ac/cult/blocksim/behavior/BlockBehavior.java	Pinned FarmlandBlock.getShape returns a constant, a state-indexed shape, or a block-state delegate; its exact boxes are emitted for every model state by VanillaDataGenerator.evaluate and read from StateFacts. Entity/world-dependent exceptions use separate behavior overrides.
net.minecraft.world.level.block.FarmlandBlock	shouldMaintainFarmland	BlockGetter,BlockPos	56b0f00b5d2ccbe73f2f22f167c734657717ac092ef2108f30f8f7797935b04a	port	world/level/block/FarmlandBlock.java:124	block-sim/src/main/java/ac/cult/blocksim/behavior/FarmlandBehavior.java	
net.minecraft.world.level.block.FenceBlock	connectsTo	BlockState,boolean,Direction	ef5cee26be0f59be7b9582981d5dfb22ea8d3fd71a74df7e630a187810571916	port	world/level/block/FenceBlock.java:52	block-sim/src/main/java/ac/cult/blocksim/behavior/HorizontalConnectionBehavior.java	
net.minecraft.world.level.block.FenceBlock	isSameFence	BlockState	5284ff8ff4d429114d91aa8151fcf709b6a8d0d61f25bd19f89a3280aae1d44f	port	world/level/block/FenceBlock.java:59	block-sim/src/main/java/ac/cult/blocksim/behavior/HorizontalConnectionBehavior.java	
net.minecraft.world.level.block.FenceBlock	useWithoutItem	BlockState,Level,BlockPos,Player,BlockHitResult	91f9973ee7411dfe34c0d0d9da4219bb6d7cb4466983ac5414760c0002690225	port	world/level/block/FenceBlock.java:63	block-sim/src/main/java/ac/cult/blocksim/behavior/BlockBehavior.java	
net.minecraft.world.level.block.FenceBlock	getStateForPlacement	BlockPlaceContext	111307a3152c776117c296c19f0614d593a9a7107306712ff0aaffd36f14f76c	port	world/level/block/FenceBlock.java:70	block-sim/src/main/java/ac/cult/blocksim/behavior/HorizontalConnectionBehavior.java	
net.minecraft.world.level.block.FenceBlock	updateShape	BlockState,LevelReader,ScheduledTickAccess,BlockPos,Direction,BlockPos,BlockState,RandomSource	ed5492940c19003c888e82f3849ae7d85e4d31d4ec54001593030fe65d5b698b	port	world/level/block/FenceBlock.java:91	block-sim/src/main/java/ac/cult/blocksim/behavior/HorizontalConnectionBehavior.java	
net.minecraft.world.level.block.FenceGateBlock	getShape	BlockState,BlockGetter,BlockPos,CollisionContext	ba7318fd939c7d6a96e0974bd9e5c39a6ab9a2adf26c8a0e229722a21b869286	port	world/level/block/FenceGateBlock.java:63	block-sim/src/main/java/ac/cult/blocksim/behavior/BlockBehavior.java	Pinned FenceGateBlock.getShape returns a constant, a state-indexed shape, or a block-state delegate; its exact boxes are emitted for every model state by VanillaDataGenerator.evaluate and read from StateFacts. Entity/world-dependent exceptions use separate behavior overrides.
net.minecraft.world.level.block.FenceGateBlock	updateShape	BlockState,LevelReader,ScheduledTickAccess,BlockPos,Direction,BlockPos,BlockState,RandomSource	1bc8278258547901326ff299a73e718d8f873aee3f71cbfeb3df177c7c642283	port	world/level/block/FenceGateBlock.java:69	block-sim/src/main/java/ac/cult/blocksim/behavior/FenceGateBehavior.java	
net.minecraft.world.level.block.FenceGateBlock	getBlockSupportShape	BlockState,BlockGetter,BlockPos	b9fa956610ef0b71796481b2adfdc6419bd42730d4163eec6431dc59b9b428d6	port	world/level/block/FenceGateBlock.java:89	block-sim/src/main/java/ac/cult/blocksim/behavior/BlockBehavior.java	Pinned FenceGateBlock.getBlockSupportShape returns a constant, a state-indexed shape, or a block-state delegate; its exact boxes are emitted for every model state by VanillaDataGenerator.evaluate and read from StateFacts. Entity/world-dependent exceptions use separate behavior overrides.
net.minecraft.world.level.block.FenceGateBlock	getCollisionShape	BlockState,BlockGetter,BlockPos,CollisionContext	1ce3818eb06837cfa86f1872eb868078143166c839c0336e62b7ab4e93557f8a	port	world/level/block/FenceGateBlock.java:95	block-sim/src/main/java/ac/cult/blocksim/behavior/BlockBehavior.java	Pinned FenceGateBlock.getCollisionShape returns a constant, a state-indexed shape, or a block-state delegate; its exact boxes are emitted for every model state by VanillaDataGenerator.evaluate and read from StateFacts. Entity/world-dependent exceptions use separate behavior overrides.
net.minecraft.world.level.block.FenceGateBlock	getStateForPlacement	BlockPlaceContext	49077601cd1f807d79e4f1baef74a5cd7975be5aed863b78aa658aea71e3d3de	port	world/level/block/FenceGateBlock.java:117	block-sim/src/main/java/ac/cult/blocksim/behavior/FenceGateBehavior.java	
net.minecraft.world.level.block.FenceGateBlock	isWall	BlockState	3a260f5846bbb50d4d526634f08cc163ef5e5097b3df86fd3d653e769056bbf6	port	world/level/block/FenceGateBlock.java:129	block-sim/src/main/java/ac/cult/blocksim/behavior/FenceGateBehavior.java	
net.minecraft.world.level.block.FenceGateBlock	useWithoutItem	BlockState,Level,BlockPos,Player,BlockHitResult	fcb5621fb75e36bcb7fc6f3656eb43a9cee8f2c1dcdab707414693cf3b4965f9	port	world/level/block/FenceGateBlock.java:133	block-sim/src/main/java/ac/cult/blocksim/behavior/FenceGateBehavior.java	
net.minecraft.world.level.block.FenceGateBlock	neighborChanged	BlockState,Level,BlockPos,Block,Orientation,boolean	a21a08d4e694123aa5013b91b422e447fc95835950c439f74e5f1a26d4465625	server-only	world/level/block/FenceGateBlock.java:172		
net.minecraft.world.level.block.FenceGateBlock	connectsToDirection	BlockState,Direction	ea8ff8fb1cc8c391b4b03b7b7a95e78b1716a33af4cba5b837b3817dbe3e5837	port	world/level/block/FenceGateBlock.java:200	block-sim/src/main/java/ac/cult/blocksim/behavior/FenceGateBehavior.java	
net.minecraft.world.level.block.FireBlock	updateShape	BlockState,LevelReader,ScheduledTickAccess,BlockPos,Direction,BlockPos,BlockState,RandomSource	341dba64f9877560130666c348f146fa2d7276192c52f71d7c5a098fd21962ca	port	world/level/block/FireBlock.java:85	block-sim/src/main/java/ac/cult/blocksim/behavior/FireBehavior.java	
net.minecraft.world.level.block.FireBlock	getShape	BlockState,BlockGetter,BlockPos,CollisionContext	3e21ce4e351a671bf09a0815b0c126bdddae750dee103c86fdc4268521311e6c	port	world/level/block/FireBlock.java:99	block-sim/src/main/java/ac/cult/blocksim/behavior/BlockBehavior.java	Pinned FireBlock.getShape returns a constant, a state-indexed shape, or a block-state delegate; its exact boxes are emitted for every model state by VanillaDataGenerator.evaluate and read from StateFacts. Entity/world-dependent exceptions use separate behavior overrides.
net.minecraft.world.level.block.FireBlock	getStateForPlacement	BlockPlaceContext	780fa87700f5b86fc5b89c3044e446fbdccb17bc8df27090d714e81102301c30	port	world/level/block/FireBlock.java:104	block-sim/src/main/java/ac/cult/blocksim/behavior/FireBehavior.java	
net.minecraft.world.level.block.FireBlock	getStateForPlacement	BlockGetter,BlockPos	9cbf5576ddc46e66e1a78ac5f2035b5b711f0513ad86b136d76e16eebaa98dbd	port	world/level/block/FireBlock.java:109	block-sim/src/main/java/ac/cult/blocksim/behavior/FireBehavior.java	
net.minecraft.world.level.block.FireBlock	canSurvive	BlockState,LevelReader,BlockPos	72f370faeeb6a29356e35cb83f03734bbba17cbb4c2735d0655b469d479d5d52	port	world/level/block/FireBlock.java:128	block-sim/src/main/java/ac/cult/blocksim/behavior/FireBehavior.java	
net.minecraft.world.level.block.FireBlock	getIgniteOdds	BlockState	c94d8d3d205539b7b5edb3bad8391cf1fa0f5215c06d25f8909be2618d1dc087	port	world/level/block/FireBlock.java:224	block-sim/src/main/java/ac/cult/blocksim/behavior/FireBehavior.java	
net.minecraft.world.level.block.FireBlock	getStateWithAge	LevelReader,BlockPos,int	55e29534df1c5492e16ea074ba12af794118ff0fe967cb543085cbeadace1b83	port	world/level/block/FireBlock.java:248	block-sim/src/main/java/ac/cult/blocksim/behavior/FireBehavior.java	
net.minecraft.world.level.block.FireBlock	isValidFireLocation	BlockGetter,BlockPos	3e9b08a89c7a8798b66fea7076d0c02648f8f7c247094465d2c5548844f16dde	port	world/level/block/FireBlock.java:253	block-sim/src/main/java/ac/cult/blocksim/behavior/FireBehavior.java	
net.minecraft.world.level.block.FireBlock	getIgniteOdds	LevelReader,BlockPos	b1ff61c819d5ed1bc21f244c4554b539c43d8a920a3876ec36da56acb4b277ce	server-only	world/level/block/FireBlock.java:263		Pinned FireBlock.java:263-276 scans neighboring ignition odds only for the random spread loop in tick(ServerLevel,...), line 190. Client placement/survival read the separately ported state overload instead; no client random fire-spread scheduler is required.
net.minecraft.world.level.block.FireBlock	canBurn	BlockState	45c8dc6e239b36e746579e8aeab623f337df9039f8ac2f562eff579eaab8bd07	port	world/level/block/FireBlock.java:278	block-sim/src/main/java/ac/cult/blocksim/behavior/FireBehavior.java	
net.minecraft.world.level.block.FireflyBushBlock	isValidBonemealTarget	LevelReader,BlockPos,BlockState,BonemealSource	9240ab73f18947de610715f1419e1500f27bcb4e603a165303c7bbe155f80456	port	world/level/block/FireflyBushBlock.java:43	block-sim/src/main/java/ac/cult/blocksim/behavior/BonemealTargets.java	Pinned FireflyBushBlock.isValidBonemealTarget supplies the PLAYER client predicate. The bound target rules cover this family without predicting ServerLevel growth or consumption.
net.minecraft.world.level.block.FlowerBedBlock	canBeReplaced	BlockState,BlockPlaceContext	8df979aabd7c1fc9a99a37e0ee79cc14d7da28ba1131e1606c20169f62e11e8e	port	world/level/block/FlowerBedBlock.java:49	block-sim/src/main/java/ac/cult/blocksim/behavior/VegetationBehavior.java	
net.minecraft.world.level.block.FlowerBedBlock	getShape	BlockState,BlockGetter,BlockPos,CollisionContext	3e21ce4e351a671bf09a0815b0c126bdddae750dee103c86fdc4268521311e6c	port	world/level/block/FlowerBedBlock.java:54	block-sim/src/main/java/ac/cult/blocksim/behavior/BlockBehavior.java	Pinned FlowerBedBlock.getShape returns a constant, a state-indexed shape, or a block-state delegate; its exact boxes are emitted for every model state by VanillaDataGenerator.evaluate and read from StateFacts. Entity/world-dependent exceptions use separate behavior overrides.
net.minecraft.world.level.block.FlowerBedBlock	getStateForPlacement	BlockPlaceContext	6061b4f1f455065e6222fb3809565d9dc03b850ab33954915a85acb6a3007e45	port	world/level/block/FlowerBedBlock.java:69	block-sim/src/main/java/ac/cult/blocksim/behavior/VegetationBehavior.java	
net.minecraft.world.level.block.FlowerBedBlock	isValidBonemealTarget	LevelReader,BlockPos,BlockState,BonemealSource	431ca6d2bfbc684210415c1210d58f91e7ad98a300ef06eac2f35066edafa4f9	port	world/level/block/FlowerBedBlock.java:79	block-sim/src/main/java/ac/cult/blocksim/behavior/BonemealTargets.java	Pinned FlowerBedBlock.isValidBonemealTarget supplies the PLAYER client predicate. The bound target rules cover this family without predicting ServerLevel growth or consumption.
net.minecraft.world.level.block.FlowerBlock	getShape	BlockState,BlockGetter,BlockPos,CollisionContext	bc265d24e4dfae3b4f60270a9b25a59201cc0b927423f6997e265f6166c08fc9	port	world/level/block/FlowerBlock.java:34	block-sim/src/main/java/ac/cult/blocksim/behavior/BlockBehavior.java	
net.minecraft.world.level.block.FlowerPotBlock	getShape	BlockState,BlockGetter,BlockPos,CollisionContext	3d9d2c565148801d0f31c596e14675c6c6a339c2dcce8c3c76180de46db25598	port	world/level/block/FlowerPotBlock.java:41	block-sim/src/main/java/ac/cult/blocksim/behavior/BlockBehavior.java	Pinned FlowerPotBlock.getShape returns a constant, a state-indexed shape, or a block-state delegate; its exact boxes are emitted for every model state by VanillaDataGenerator.evaluate and read from StateFacts. Entity/world-dependent exceptions use separate behavior overrides.
net.minecraft.world.level.block.FlowerPotBlock	useItemOn	ItemStack,BlockState,Level,BlockPos,Player,InteractionHand,BlockHitResult	86109d47ef87eeece016a04beb9adfd2baf5fee6e9f7c10078ef312b8c49b53c	port	world/level/block/FlowerPotBlock.java:46	block-sim/src/main/java/ac/cult/blocksim/behavior/FlowerPotBehavior.java	
net.minecraft.world.level.block.FlowerPotBlock	useWithoutItem	BlockState,Level,BlockPos,Player,BlockHitResult	03516acc975d91e7d4d37ae244e4160df1b97ebb33d218ad3ee068395148657f	port	world/level/block/FlowerPotBlock.java:75	block-sim/src/main/java/ac/cult/blocksim/behavior/FlowerPotBehavior.java	
net.minecraft.world.level.block.FlowerPotBlock	isEmpty		b7f031fbf7c38d7f2455980ee904a62efedfceb433f93d9fcb605b05f29c9aca	port	world/level/block/FlowerPotBlock.java:98	block-sim/src/main/java/ac/cult/blocksim/behavior/FlowerPotBehavior.java	
net.minecraft.world.level.block.FlowerPotBlock	updateShape	BlockState,LevelReader,ScheduledTickAccess,BlockPos,Direction,BlockPos,BlockState,RandomSource	b5056cb5f9974887a11183fd95fde9f7edab9597879287954bfe3e279fa1ab1c	port	world/level/block/FlowerPotBlock.java:102	block-sim/src/main/java/ac/cult/blocksim/behavior/FlowerPotBehavior.java	
net.minecraft.world.level.block.FrogspawnBlock	getShape	BlockState,BlockGetter,BlockPos,CollisionContext	3d9d2c565148801d0f31c596e14675c6c6a339c2dcce8c3c76180de46db25598	port	world/level/block/FrogspawnBlock.java:42	block-sim/src/main/java/ac/cult/blocksim/behavior/BlockBehavior.java	Pinned FrogspawnBlock.getShape returns a constant, a state-indexed shape, or a block-state delegate; its exact boxes are emitted for every model state by VanillaDataGenerator.evaluate and read from StateFacts. Entity/world-dependent exceptions use separate behavior overrides.
net.minecraft.world.level.block.FrogspawnBlock	canSurvive	BlockState,LevelReader,BlockPos	3eabd5c7c67aac68fe5254600b3f68a1c59e951bd16295a97cfd5497cba442bc	port	world/level/block/FrogspawnBlock.java:47	block-sim/src/main/java/ac/cult/blocksim/behavior/VegetationBehavior.java	
net.minecraft.world.level.block.FrogspawnBlock	updateShape	BlockState,LevelReader,ScheduledTickAccess,BlockPos,Direction,BlockPos,BlockState,RandomSource	0a303180a3e9cd38a671c51a246dc453c9bf9b88921169a46693db5fe0c27be3	port	world/level/block/FrogspawnBlock.java:61	block-sim/src/main/java/ac/cult/blocksim/behavior/VegetationBehavior.java	
net.minecraft.world.level.block.FrogspawnBlock	mayPlaceOn	BlockGetter,BlockPos	2aba76ba6845f8fd3bc9e985c22bec5fdf3f2827acc720e9dc209e4f5b5e5f70	port	world/level/block/FrogspawnBlock.java:95	block-sim/src/main/java/ac/cult/blocksim/behavior/VegetationBehavior.java	
net.minecraft.world.level.block.FrogspawnBlock	destroyBlock	Level,BlockPos	6e93bd54823d4e8b6d2c08b654fed49b4db0a365c8e2d9018d0b2f48cfe68596	port	world/level/block/FrogspawnBlock.java:107	block-sim/src/main/java/ac/cult/blocksim/engine/SimLevel.java	FrogspawnBlock.java:107-109: delegate destroyBlock with no drops. Required client destroy path uses SimLevel.destroyBlock, restoring legacy fluid state and flag3 neighbor cascades; hatching tick/spawn is server-only, and remote falling-block updates are packet compensated.
net.minecraft.world.level.block.FrostedIceBlock	neighborChanged	BlockState,Level,BlockPos,Block,Orientation,boolean	86e764c8871f67753548c6946f3d0cccdea0e65accca3380d46129c826cd962c	server-only	world/level/block/FrostedIceBlock.java:71		
net.minecraft.world.level.block.FurnaceBlock	newBlockEntity	BlockPos,BlockState	10845920f4ae2de97ce076ac4ebda91c1b432746ba98b3a535e2da96b316e708	port	world/level/block/FurnaceBlock.java:27	block-sim/src/main/java/ac/cult/blocksim/engine/BlockEntityPrototypes.java	
net.minecraft.world.level.block.GlazedTerracottaBlock	getStateForPlacement	BlockPlaceContext	2ad1d62f2232e4987c7cd90f27de26f1537d88424f1b501bbb4d139758fdcc54	port	world/level/block/GlazedTerracottaBlock.java:18	block-sim/src/main/java/ac/cult/blocksim/behavior/BasicBlockRules.java	
net.minecraft.world.level.block.GlowLichenBlock	isValidBonemealTarget	LevelReader,BlockPos,BlockState,BonemealSource	afe20a9eb886ee31464b44ba1416ac784a3fbd8cdc72e4321cc02afdf913a666	port	world/level/block/GlowLichenBlock.java:24	block-sim/src/main/java/ac/cult/blocksim/behavior/BonemealTargets.java	Pinned GlowLichenBlock.isValidBonemealTarget supplies the PLAYER client predicate. The bound target rules cover this family without predicting ServerLevel growth or consumption.
net.minecraft.world.level.block.GrassBlock	isValidBonemealTarget	LevelReader,BlockPos,BlockState,BonemealSource	7bbd048d19934260a19b2ee07e89c04be73643dc85f85e59c25296c831e90491	port	world/level/block/GrassBlock.java:29	block-sim/src/main/java/ac/cult/blocksim/behavior/BonemealTargets.java	Pinned GrassBlock.isValidBonemealTarget supplies the PLAYER client predicate. The bound target rules cover this family without predicting ServerLevel growth or consumption.
net.minecraft.world.level.block.GrindstoneBlock	getCollisionShape	BlockState,BlockGetter,BlockPos,CollisionContext	e24cb34cd66fe9aecfe1e39dd06d774681cd455e0465ee9abc214c728443b894	port	world/level/block/GrindstoneBlock.java:51	block-sim/src/main/java/ac/cult/blocksim/behavior/BlockBehavior.java	Pinned GrindstoneBlock.getCollisionShape returns a constant, a state-indexed shape, or a block-state delegate; its exact boxes are emitted for every model state by VanillaDataGenerator.evaluate and read from StateFacts. Entity/world-dependent exceptions use separate behavior overrides.
net.minecraft.world.level.block.GrindstoneBlock	getShape	BlockState,BlockGetter,BlockPos,CollisionContext	e24cb34cd66fe9aecfe1e39dd06d774681cd455e0465ee9abc214c728443b894	port	world/level/block/GrindstoneBlock.java:56	block-sim/src/main/java/ac/cult/blocksim/behavior/BlockBehavior.java	Pinned GrindstoneBlock.getShape returns a constant, a state-indexed shape, or a block-state delegate; its exact boxes are emitted for every model state by VanillaDataGenerator.evaluate and read from StateFacts. Entity/world-dependent exceptions use separate behavior overrides.
net.minecraft.world.level.block.GrindstoneBlock	canSurvive	BlockState,LevelReader,BlockPos	431ca6d2bfbc684210415c1210d58f91e7ad98a300ef06eac2f35066edafa4f9	port	world/level/block/GrindstoneBlock.java:61	block-sim/src/main/java/ac/cult/blocksim/behavior/GrindstoneBehavior.java	
net.minecraft.world.level.block.GrindstoneBlock	useWithoutItem	BlockState,Level,BlockPos,Player,BlockHitResult	b71f5f10c1a1d1f7526bb25f6f785a9b7af0b5268e3cad99f8a7c7a24e5e997c	port	world/level/block/GrindstoneBlock.java:66	block-sim/src/main/java/ac/cult/blocksim/behavior/GrindstoneBehavior.java	
net.minecraft.world.level.block.GrowingPlantBlock	getStateForPlacement	BlockPlaceContext	bdda39eff16565417e9fd13273eaf9106bc7840ba1edbaf94c23e97938e090f2	port	world/level/block/GrowingPlantBlock.java:30	block-sim/src/main/java/ac/cult/blocksim/behavior/GrowingPlantBehavior.java	
net.minecraft.world.level.block.GrowingPlantBlock	getStateForPlacement	RandomSource	a2a089ac37f54321601de7dc69ab248bf69136e9aca3ecd7674ae9dad6500c1e	port	world/level/block/GrowingPlantBlock.java:38	block-sim/src/main/java/ac/cult/blocksim/behavior/GrowingPlantBehavior.java	
net.minecraft.world.level.block.GrowingPlantBlock	canSurvive	BlockState,LevelReader,BlockPos	e8d310c43a9179678ec0cba2640cbb5d588583a64a4249b4644acc8b1930c749	port	world/level/block/GrowingPlantBlock.java:42	block-sim/src/main/java/ac/cult/blocksim/behavior/GrowingPlantBehavior.java	
net.minecraft.world.level.block.GrowingPlantBlock	canAttachTo	BlockState	431ca6d2bfbc684210415c1210d58f91e7ad98a300ef06eac2f35066edafa4f9	port	world/level/block/GrowingPlantBlock.java:60	block-sim/src/main/java/ac/cult/blocksim/behavior/GrowingPlantBehavior.java	
net.minecraft.world.level.block.GrowingPlantBlock	getShape	BlockState,BlockGetter,BlockPos,CollisionContext	f48a27e70a1c5d72d1091ad722c5fb1baf16f4d02c7e157eafcca31c4339f637	port	world/level/block/GrowingPlantBlock.java:64	block-sim/src/main/java/ac/cult/blocksim/behavior/BlockBehavior.java	Pinned GrowingPlantBlock.getShape returns a constant, a state-indexed shape, or a block-state delegate; its exact boxes are emitted for every model state by VanillaDataGenerator.evaluate and read from StateFacts. Entity/world-dependent exceptions use separate behavior overrides.
net.minecraft.world.level.block.GrowingPlantBodyBlock	updateHeadAfterConvertedFromBody	BlockState,BlockState	fb5de262429b4bec558f228d894e5c3d1d23458eed12993f0951e15fe81960c7	port	world/level/block/GrowingPlantBodyBlock.java:27	block-sim/src/main/java/ac/cult/blocksim/behavior/GrowingPlantBehavior.java	
net.minecraft.world.level.block.GrowingPlantBodyBlock	updateShape	BlockState,LevelReader,ScheduledTickAccess,BlockPos,Direction,BlockPos,BlockState,RandomSource	932c3891e6f6b45e508a5dd7ff846585f284a11b572e90410ce9390a47f1702f	port	world/level/block/GrowingPlantBodyBlock.java:31	block-sim/src/main/java/ac/cult/blocksim/behavior/GrowingPlantBehavior.java	
net.minecraft.world.level.block.GrowingPlantBodyBlock	isValidBonemealTarget	LevelReader,BlockPos,BlockState,BonemealSource	352b0d47e2ef575d772fe520ce3a3a2ce9f4ce9e3b7afe5d59ad01606a7871bd	port	world/level/block/GrowingPlantBodyBlock.java:63	block-sim/src/main/java/ac/cult/blocksim/behavior/BonemealTargets.java	Pinned GrowingPlantBodyBlock.isValidBonemealTarget supplies the PLAYER client predicate. The bound target rules cover this family without predicting ServerLevel growth or consumption.
net.minecraft.world.level.block.GrowingPlantBodyBlock	canBeReplaced	BlockState,BlockPlaceContext	af66764faa55896b48dcf9b2cecf15fd06e7bd9df372130bf8e5de4b6431c8df	port	world/level/block/GrowingPlantBodyBlock.java:92	block-sim/src/main/java/ac/cult/blocksim/behavior/GrowingPlantBehavior.java	
net.minecraft.world.level.block.GrowingPlantBodyBlock	getBodyBlock		766aebc3dc15ccb8e74b30fca51af9516b6170d50680bdc81b773b684185f075	port	world/level/block/GrowingPlantBodyBlock.java:98	block-sim/src/main/java/ac/cult/blocksim/behavior/GrowingPlantBehavior.java	head and body read the generated getHeadBlock/getBodyBlock bindings, including each head/body self binding and the cave-vines, kelp and twisting/weeping-vines pairs. Placement, support and neighbor conversion share these handles.
net.minecraft.world.level.block.GrowingPlantHeadBlock	getStateForPlacement	RandomSource	49961dd9b364bdee4a2afe1f2ab92143d8a973534847cd6268d714ffef1408b4	port	world/level/block/GrowingPlantHeadBlock.java:35	block-sim/src/main/java/ac/cult/blocksim/behavior/GrowingPlantBehavior.java	
net.minecraft.world.level.block.GrowingPlantHeadBlock	getMaxAgeState	BlockState	2ca7a5f637ecf39040a4a5bf108799aefb27397ce0d9b006397860fc65f1de6f	port	world/level/block/GrowingPlantHeadBlock.java:59	block-sim/src/main/java/ac/cult/blocksim/behavior/ShearsItemBehavior.java	Shears use tests GrowingPlantHeadBlock age against 25 and sets AGE to 25 while preserving the other state properties; already-maximal heads fall through to the ordinary item action.
net.minecraft.world.level.block.GrowingPlantHeadBlock	isMaxAge	BlockState	dcea918ab0731b84ad6eafbdb14bda43ceda0824846c03f2fe4b1a11eab47d94	port	world/level/block/GrowingPlantHeadBlock.java:63	block-sim/src/main/java/ac/cult/blocksim/behavior/ShearsItemBehavior.java	Shears use tests GrowingPlantHeadBlock age against 25 and sets AGE to 25 while preserving the other state properties; already-maximal heads fall through to the ordinary item action.
net.minecraft.world.level.block.GrowingPlantHeadBlock	updateBodyAfterConvertedFromHead	BlockState,BlockState	abf0315e856e09f9b088248e7beb928d7a6ee782227b8a81c0bf99f16667740b	port	world/level/block/GrowingPlantHeadBlock.java:67	block-sim/src/main/java/ac/cult/blocksim/behavior/GrowingPlantBehavior.java	
net.minecraft.world.level.block.GrowingPlantHeadBlock	updateShape	BlockState,LevelReader,ScheduledTickAccess,BlockPos,Direction,BlockPos,BlockState,RandomSource	eedbad07959c6c3a216527c519c5d47cfe3c3c367c08d57407fb8bb7a5d84d00	port	world/level/block/GrowingPlantHeadBlock.java:71	block-sim/src/main/java/ac/cult/blocksim/behavior/GrowingPlantBehavior.java	
net.minecraft.world.level.block.GrowingPlantHeadBlock	isValidBonemealTarget	LevelReader,BlockPos,BlockState,BonemealSource	61ae4900a169cf14345371dac1c4094e58f0ecb328bbb701d51a750519602379	port	world/level/block/GrowingPlantHeadBlock.java:109	block-sim/src/main/java/ac/cult/blocksim/behavior/BonemealTargets.java	Pinned GrowingPlantHeadBlock.isValidBonemealTarget supplies the PLAYER client predicate. The bound target rules cover this family without predicting ServerLevel growth or consumption.
net.minecraft.world.level.block.GrowingPlantHeadBlock	getHeadBlock		766aebc3dc15ccb8e74b30fca51af9516b6170d50680bdc81b773b684185f075	port	world/level/block/GrowingPlantHeadBlock.java:137	block-sim/src/main/java/ac/cult/blocksim/behavior/GrowingPlantBehavior.java	head and body read the generated getHeadBlock/getBodyBlock bindings, including each head/body self binding and the cave-vines, kelp and twisting/weeping-vines pairs. Placement, support and neighbor conversion share these handles.
net.minecraft.world.level.block.HangingMossBlock	getShape	BlockState,BlockGetter,BlockPos,CollisionContext	4d309b525357d9526e40b34731982bda088e3e7408345f12a42ac19e536382ff	port	world/level/block/HangingMossBlock.java:33	block-sim/src/main/java/ac/cult/blocksim/behavior/BlockBehavior.java	Pinned HangingMossBlock.getShape returns a constant, a state-indexed shape, or a block-state delegate; its exact boxes are emitted for every model state by VanillaDataGenerator.evaluate and read from StateFacts. Entity/world-dependent exceptions use separate behavior overrides.
net.minecraft.world.level.block.HangingMossBlock	canSurvive	BlockState,LevelReader,BlockPos	e2e10430eceec8ad0e0bbcb04a28b9f31226f47ec31003f68eafcafaaa9f536e	port	world/level/block/HangingMossBlock.java:53	block-sim/src/main/java/ac/cult/blocksim/behavior/HangingMossBehavior.java	
net.minecraft.world.level.block.HangingMossBlock	canStayAtPosition	BlockGetter,BlockPos	6a4a23b9fb02eed9cabc72ceca2fd47824926b6ea7cce57e092055bb23914b3d	port	world/level/block/HangingMossBlock.java:58	block-sim/src/main/java/ac/cult/blocksim/behavior/HangingMossBehavior.java	
net.minecraft.world.level.block.HangingMossBlock	updateShape	BlockState,LevelReader,ScheduledTickAccess,BlockPos,Direction,BlockPos,BlockState,RandomSource	bdc286bde68e3b2b689b5a8578299b28d70177a6c865834e49dd5fac930033f6	port	world/level/block/HangingMossBlock.java:64	block-sim/src/main/java/ac/cult/blocksim/behavior/HangingMossBehavior.java	
net.minecraft.world.level.block.HangingMossBlock	isValidBonemealTarget	LevelReader,BlockPos,BlockState,BonemealSource	dc840a5e349edd4a9e3d3582a73a434e80c1ebdbff725964750d6d89fe92835c	port	world/level/block/HangingMossBlock.java:94	block-sim/src/main/java/ac/cult/blocksim/behavior/BonemealTargets.java	Pinned HangingMossBlock.isValidBonemealTarget supplies the PLAYER client predicate. The bound target rules cover this family without predicting ServerLevel growth or consumption.
net.minecraft.world.level.block.HangingRootsBlock	getFluidState	BlockState	c7a0e8cf0670c937b327030415a9080e6908ec9b883e0dedc4af7d9b3620c737	port	world/level/block/HangingRootsBlock.java:35	block-sim/src/main/java/ac/cult/blocksim/engine/SimFluidState.java	Pinned HangingRootsBlock.getFluidState is a state-only source/waterlogged/LiquidBlock cache lookup. Generated StateFacts retain type, amount, falling flag, source flag and legacy state for every model ID.
net.minecraft.world.level.block.HangingRootsBlock	getStateForPlacement	BlockPlaceContext	112bf60105606f8ea7e564de3e632ef97a31740e13fc86f1af0b93f82303783d	port	world/level/block/HangingRootsBlock.java:40	block-sim/src/main/java/ac/cult/blocksim/behavior/BasicBlockRules.java	
net.minecraft.world.level.block.HangingRootsBlock	canSurvive	BlockState,LevelReader,BlockPos	1cdafc5528d956464cf70fb2fc256c02d90f00e471b8823dab9aba2051b874bd	port	world/level/block/HangingRootsBlock.java:51	block-sim/src/main/java/ac/cult/blocksim/behavior/BasicBlockRules.java	
net.minecraft.world.level.block.HangingRootsBlock	getShape	BlockState,BlockGetter,BlockPos,CollisionContext	3d9d2c565148801d0f31c596e14675c6c6a339c2dcce8c3c76180de46db25598	port	world/level/block/HangingRootsBlock.java:58	block-sim/src/main/java/ac/cult/blocksim/behavior/BlockBehavior.java	Pinned HangingRootsBlock.getShape returns a constant, a state-indexed shape, or a block-state delegate; its exact boxes are emitted for every model state by VanillaDataGenerator.evaluate and read from StateFacts. Entity/world-dependent exceptions use separate behavior overrides.
net.minecraft.world.level.block.HangingRootsBlock	updateShape	BlockState,LevelReader,ScheduledTickAccess,BlockPos,Direction,BlockPos,BlockState,RandomSource	dc5d4c91e3f3afbc69c072d47309924e006e624aed8ed112f7096f791405a3bd	port	world/level/block/HangingRootsBlock.java:63	block-sim/src/main/java/ac/cult/blocksim/behavior/BasicBlockRules.java	
net.minecraft.world.level.block.HeavyCoreBlock	updateShape	BlockState,LevelReader,ScheduledTickAccess,BlockPos,Direction,BlockPos,BlockState,RandomSource	cd735ff51720eba3ff2a816c2afb7edbf4cbad724d36eeb720fa276d61234d45	port	world/level/block/HeavyCoreBlock.java:35	block-sim/src/main/java/ac/cult/blocksim/behavior/BasicBlockRules.java	
net.minecraft.world.level.block.HeavyCoreBlock	getFluidState	BlockState	c7a0e8cf0670c937b327030415a9080e6908ec9b883e0dedc4af7d9b3620c737	port	world/level/block/HeavyCoreBlock.java:53	block-sim/src/main/java/ac/cult/blocksim/engine/SimFluidState.java	Pinned HeavyCoreBlock.getFluidState is a state-only source/waterlogged/LiquidBlock cache lookup. Generated StateFacts retain type, amount, falling flag, source flag and legacy state for every model ID.
net.minecraft.world.level.block.HeavyCoreBlock	getStateForPlacement	BlockPlaceContext	30d13f3d74cc8baac3297625d9a9417a92831c71f601e8b0ca0252b1d81d9b42	port	world/level/block/HeavyCoreBlock.java:58	block-sim/src/main/java/ac/cult/blocksim/behavior/BasicBlockRules.java	
net.minecraft.world.level.block.HeavyCoreBlock	getShape	BlockState,BlockGetter,BlockPos,CollisionContext	3d9d2c565148801d0f31c596e14675c6c6a339c2dcce8c3c76180de46db25598	port	world/level/block/HeavyCoreBlock.java:64	block-sim/src/main/java/ac/cult/blocksim/behavior/BlockBehavior.java	Pinned HeavyCoreBlock.getShape returns a constant, a state-indexed shape, or a block-state delegate; its exact boxes are emitted for every model state by VanillaDataGenerator.evaluate and read from StateFacts. Entity/world-dependent exceptions use separate behavior overrides.
net.minecraft.world.level.block.HoneyBlock	getCollisionShape	BlockState,BlockGetter,BlockPos,CollisionContext	3d9d2c565148801d0f31c596e14675c6c6a339c2dcce8c3c76180de46db25598	port	world/level/block/HoneyBlock.java:39	block-sim/src/main/java/ac/cult/blocksim/behavior/BlockBehavior.java	Pinned HoneyBlock.getCollisionShape returns a constant, a state-indexed shape, or a block-state delegate; its exact boxes are emitted for every model state by VanillaDataGenerator.evaluate and read from StateFacts. Entity/world-dependent exceptions use separate behavior overrides.
net.minecraft.world.level.block.HopperBlock	getShape	BlockState,BlockGetter,BlockPos,CollisionContext	3e21ce4e351a671bf09a0815b0c126bdddae750dee103c86fdc4268521311e6c	port	world/level/block/HopperBlock.java:66	block-sim/src/main/java/ac/cult/blocksim/behavior/BlockBehavior.java	Pinned HopperBlock.getShape returns a constant, a state-indexed shape, or a block-state delegate; its exact boxes are emitted for every model state by VanillaDataGenerator.evaluate and read from StateFacts. Entity/world-dependent exceptions use separate behavior overrides.
net.minecraft.world.level.block.HopperBlock	getInteractionShape	BlockState,BlockGetter,BlockPos	403603ba1344eaba81df25beeb2d63791c8c6a6bf5175bed9540eb5e2c6c5a26	port	world/level/block/HopperBlock.java:71	block-sim/src/main/java/ac/cult/blocksim/behavior/BlockBehavior.java	Pinned HopperBlock.getInteractionShape returns a constant, a state-indexed shape, or a block-state delegate; its exact boxes are emitted for every model state by VanillaDataGenerator.evaluate and read from StateFacts. Entity/world-dependent exceptions use separate behavior overrides.
net.minecraft.world.level.block.HopperBlock	getStateForPlacement	BlockPlaceContext	346e876a8faf4b62dcec59fb84d7aeee8c09a387d48d35d64d22efaf55c44bc0	port	world/level/block/HopperBlock.java:76	block-sim/src/main/java/ac/cult/blocksim/behavior/BasicBlockRules.java	
net.minecraft.world.level.block.HopperBlock	newBlockEntity	BlockPos,BlockState	35ea185f449253c7aeae2e94fa5f6c4f31c80837e45cd4187b8f0ad7a7d7c756	port	world/level/block/HopperBlock.java:82	block-sim/src/main/java/ac/cult/blocksim/engine/BlockEntityPrototypes.java	
net.minecraft.world.level.block.HopperBlock	useWithoutItem	BlockState,Level,BlockPos,Player,BlockHitResult	eb73a5bf613a6a655b3b0506c31ae0bdd037171e7ea69384b1d984a55eea6829	port	world/level/block/HopperBlock.java:99	block-sim/src/main/java/ac/cult/blocksim/behavior/BasicBlockRules.java	
net.minecraft.world.level.block.HopperBlock	neighborChanged	BlockState,Level,BlockPos,Block,Orientation,boolean	99159167b7036f8ae90465d64b78814e5303f90b4add54890f635ffbf8636cbe	server-only	world/level/block/HopperBlock.java:111		
net.minecraft.world.level.block.HopperBlock	hasAnalogOutputSignal	BlockState	431ca6d2bfbc684210415c1210d58f91e7ad98a300ef06eac2f35066edafa4f9	port	world/level/block/HopperBlock.java:130	block-sim/src/main/java/ac/cult/blocksim/engine/AnalogSignals.java	Pinned HopperBlock.hasAnalogOutputSignal is represented by generated family binding and compensated state/entity/container fields. Client-only zero results and server-only heart output updates are preserved.
net.minecraft.world.level.block.HopperBlock	getAnalogOutputSignal	BlockState,Level,BlockPos,Direction	35ac699671beb46624025131f96a8a760d989994dc0c71abb878a76dd7856d1e	port	world/level/block/HopperBlock.java:135	block-sim/src/main/java/ac/cult/blocksim/engine/AnalogSignals.java	Pinned HopperBlock.getAnalogOutputSignal is represented by generated family binding and compensated state/entity/container fields. Client-only zero results and server-only heart output updates are preserved.
net.minecraft.world.level.block.HugeMushroomBlock	getStateForPlacement	BlockPlaceContext	3c6410415bc79027698686b4638780284e19a26f1bc8481a198d29f36fc9df85	port	world/level/block/HugeMushroomBlock.java:39	block-sim/src/main/java/ac/cult/blocksim/behavior/HugeMushroomBehavior.java	
net.minecraft.world.level.block.HugeMushroomBlock	updateShape	BlockState,LevelReader,ScheduledTickAccess,BlockPos,Direction,BlockPos,BlockState,RandomSource	26d22696440d8de957c726c23edb3f33d32f8e0c13088b47b392aac5ff343640	port	world/level/block/HugeMushroomBlock.java:52	block-sim/src/main/java/ac/cult/blocksim/behavior/HugeMushroomBehavior.java	
net.minecraft.world.level.block.InfestedRotatedPillarBlock	getStateForPlacement	BlockPlaceContext	432f2acc09558f5c7ef5699926e9be90e26093265aa645910413f20477f4ddc2	port	world/level/block/InfestedRotatedPillarBlock.java:25	block-sim/src/main/java/ac/cult/blocksim/behavior/BasicBlockRules.java	The shipped basic-rules rows bind skull neighbor power, skull yaw rotation, banner yaw-plus-180 rotation, pillar clicked-face axis and wall-skull nearest horizontal blocking support. BasicBlockRules applies those assignments in native order.
net.minecraft.world.level.block.IronBarsBlock	getStateForPlacement	BlockPlaceContext	6b19cfa70a2f2148f9648b33265437d2a516c66440d99812a604f959002ffb5f	port	world/level/block/IronBarsBlock.java:28	block-sim/src/main/java/ac/cult/blocksim/behavior/HorizontalConnectionBehavior.java	
net.minecraft.world.level.block.IronBarsBlock	updateShape	BlockState,LevelReader,ScheduledTickAccess,BlockPos,Direction,BlockPos,BlockState,RandomSource	f2f37354e28bdf46018f43154e743f6442806d5d4324cdb888648765b4494641	port	world/level/block/IronBarsBlock.java:49	block-sim/src/main/java/ac/cult/blocksim/behavior/HorizontalConnectionBehavior.java	
net.minecraft.world.level.block.IronBarsBlock	attachsTo	BlockState,boolean	c5539156d071fd9a827c412c7572abc74bdd84757b4f5b61a9505ba16ec6ae8c	port	world/level/block/IronBarsBlock.java:93	block-sim/src/main/java/ac/cult/blocksim/behavior/HorizontalConnectionBehavior.java	
net.minecraft.world.level.block.JigsawBlock	getStateForPlacement	BlockPlaceContext	a0dc74aba12e7388334fe78df1abee245afe0601f564f81e2f509969eafcba45	port	world/level/block/JigsawBlock.java:43	block-sim/src/main/java/ac/cult/blocksim/behavior/BasicBlockRules.java	
net.minecraft.world.level.block.JigsawBlock	newBlockEntity	BlockPos,BlockState	e21416d69a4a513f8513962407cf23a5087ffd1a56f530416a568175dc78e64f	port	world/level/block/JigsawBlock.java:56	block-sim/src/main/java/ac/cult/blocksim/engine/BlockEntityPrototypes.java	
net.minecraft.world.level.block.JigsawBlock	useWithoutItem	BlockState,Level,BlockPos,Player,BlockHitResult	e9afc412cb4832870ae6f072da44f000f08fb840bc99f2ff757582062de22bb0	port	world/level/block/JigsawBlock.java:61	block-sim/src/main/java/ac/cult/blocksim/behavior/BasicBlockRules.java	
net.minecraft.world.level.block.JigsawBlock	canAttach	JigsawBlockInfo,JigsawBlockInfo	75ee7ec0734efc9f19e5888263030000d224f3f99af814c9124a11ab322c225b	server-only	world/level/block/JigsawBlock.java:73		JigsawBlock.java:73-82: jigsaw worldgen matching compares orientations and configured structure targets. Client use opens a server menu; no block-action prediction invokes jigsaw assembly or needs structure names.
net.minecraft.world.level.block.JukeboxBlock	setPlacedBy	Level,BlockPos,BlockState,LivingEntity,ItemStack	b8749b15148a6cebf857cfe1f91b921ed8d3d10362a552582c1794e009170b68	port	world/level/block/JukeboxBlock.java:38	block-sim/src/main/java/ac/cult/blocksim/behavior/JukeboxBehavior.java	
net.minecraft.world.level.block.JukeboxBlock	useWithoutItem	BlockState,Level,BlockPos,Player,BlockHitResult	c9e3677d3d756c7aa4f1e1df2de84678a7b9692c65f637a41866e5087e706f5e	port	world/level/block/JukeboxBlock.java:47	block-sim/src/main/java/ac/cult/blocksim/behavior/JukeboxBehavior.java	
net.minecraft.world.level.block.JukeboxBlock	useItemOn	ItemStack,BlockState,Level,BlockPos,Player,InteractionHand,BlockHitResult	27159f59765f1877b69a909ffd363a33fd7203a28a57917463d7da89d3d8e4ab	port	world/level/block/JukeboxBlock.java:59	block-sim/src/main/java/ac/cult/blocksim/behavior/JukeboxBehavior.java	
net.minecraft.world.level.block.JukeboxBlock	newBlockEntity	BlockPos,BlockState	8a82a9bee1d847a385c52f82c2d79274ff4afa409adf91794f5136ec4e11a3ec	port	world/level/block/JukeboxBlock.java:83	block-sim/src/main/java/ac/cult/blocksim/engine/BlockEntityPrototypes.java	
net.minecraft.world.level.block.JukeboxBlock	isSignalSource	BlockState	431ca6d2bfbc684210415c1210d58f91e7ad98a300ef06eac2f35066edafa4f9	port	world/level/block/JukeboxBlock.java:88	block-sim/src/main/java/ac/cult/blocksim/data/StateFacts.java	world/level/block/JukeboxBlock.java:88: Constant true is retained by the generated SIGNAL_SOURCE flag for every jukebox state; no runtime block class is needed.
net.minecraft.world.level.block.JukeboxBlock	ownSignal	BlockState,BlockGetter,BlockPos	4880205e0b65dc4cb0b11fe34b2f005c9f08f7c363610795864209610edb22a8	port	world/level/block/JukeboxBlock.java:93	block-sim/src/main/java/ac/cult/blocksim/behavior/JukeboxBehavior.java	world/level/block/JukeboxBlock.java:93: A compensated jukebox with a playing song returns 15; an absent, different-type or stopped entity returns zero. Received playback state and local timer completion are retained by CompensatedBlockEntities/JukeboxPlayback.
net.minecraft.world.level.block.JukeboxBlock	hasAnalogOutputSignal	BlockState	431ca6d2bfbc684210415c1210d58f91e7ad98a300ef06eac2f35066edafa4f9	port	world/level/block/JukeboxBlock.java:98	block-sim/src/main/java/ac/cult/blocksim/engine/AnalogSignals.java	Pinned JukeboxBlock.hasAnalogOutputSignal is represented by generated family binding and compensated state/entity/container fields. Client-only zero results and server-only heart output updates are preserved.
net.minecraft.world.level.block.JukeboxBlock	getAnalogOutputSignal	BlockState,Level,BlockPos,Direction	0e549e832f9ef6ecef9a97aab995ce542656d71450755c091abc50c2b0567349	port	world/level/block/JukeboxBlock.java:103	block-sim/src/main/java/ac/cult/blocksim/engine/AnalogSignals.java	Pinned JukeboxBlock.getAnalogOutputSignal is represented by generated family binding and compensated state/entity/container fields. Client-only zero results and server-only heart output updates are preserved.
net.minecraft.world.level.block.KelpBlock	getBodyBlock		711f5d5461754f01f9e77b18889079db36093245efcb0b00ec9c7fdc8d58539c	port	world/level/block/KelpBlock.java:33	block-sim/src/main/java/ac/cult/blocksim/behavior/GrowingPlantBehavior.java	head and body read the generated getHeadBlock/getBodyBlock bindings, including each head/body self binding and the cave-vines, kelp and twisting/weeping-vines pairs. Placement, support and neighbor conversion share these handles.
net.minecraft.world.level.block.KelpBlock	canAttachTo	BlockState	bcf435225608e8bcb6da6d3ade88cc12a43dfd6ddb189eb7f9844bbd7a25dd71	port	world/level/block/KelpBlock.java:38	block-sim/src/main/java/ac/cult/blocksim/behavior/GrowingPlantBehavior.java	
net.minecraft.world.level.block.KelpBlock	canPlaceLiquid	LivingEntity,BlockGetter,BlockPos,BlockState,Fluid	2321bc09cbb45126d475c441ad86ed8815b9858c7c335ad00dd0b2494d8ab965	port	world/level/block/KelpBlock.java:43	block-sim/src/main/java/ac/cult/blocksim/behavior/GrowingPlantBehavior.java	
net.minecraft.world.level.block.KelpBlock	placeLiquid	LevelAccessor,BlockPos,BlockState,FluidState	2321bc09cbb45126d475c441ad86ed8815b9858c7c335ad00dd0b2494d8ab965	port	world/level/block/KelpBlock.java:48	block-sim/src/main/java/ac/cult/blocksim/behavior/GrowingPlantBehavior.java	
net.minecraft.world.level.block.KelpBlock	getStateForPlacement	BlockPlaceContext	38115a7c4875e625ace09940a68c72ea4e5eab73916e6f29e1174635bff06f30	port	world/level/block/KelpBlock.java:58	block-sim/src/main/java/ac/cult/blocksim/behavior/GrowingPlantBehavior.java	
net.minecraft.world.level.block.KelpBlock	getFluidState	BlockState	b5a4383c0a02b8c9b03037b23a17c7f6ca45f498a2a0c9b2eb09df3f18c1298b	port	world/level/block/KelpBlock.java:64	block-sim/src/main/java/ac/cult/blocksim/engine/SimFluidState.java	Pinned KelpBlock.getFluidState is a state-only source/waterlogged/LiquidBlock cache lookup. Generated StateFacts retain type, amount, falling flag, source flag and legacy state for every model ID.
net.minecraft.world.level.block.KelpPlantBlock	getHeadBlock		07fdcf17c941c33e7920ef72c7c3889af36dceb15500574857a74d975008b879	port	world/level/block/KelpPlantBlock.java:21	block-sim/src/main/java/ac/cult/blocksim/behavior/GrowingPlantBehavior.java	head and body read the generated getHeadBlock/getBodyBlock bindings, including each head/body self binding and the cave-vines, kelp and twisting/weeping-vines pairs. Placement, support and neighbor conversion share these handles.
net.minecraft.world.level.block.KelpPlantBlock	getFluidState	BlockState	b5a4383c0a02b8c9b03037b23a17c7f6ca45f498a2a0c9b2eb09df3f18c1298b	port	world/level/block/KelpPlantBlock.java:26	block-sim/src/main/java/ac/cult/blocksim/engine/SimFluidState.java	Pinned KelpPlantBlock.getFluidState is a state-only source/waterlogged/LiquidBlock cache lookup. Generated StateFacts retain type, amount, falling flag, source flag and legacy state for every model ID.
net.minecraft.world.level.block.KelpPlantBlock	canAttachTo	BlockState	36644a83d10d68951ae61a083b5c1fc67668187a8c4426c2e9c6024816e4de94	port	world/level/block/KelpPlantBlock.java:31	block-sim/src/main/java/ac/cult/blocksim/behavior/GrowingPlantBehavior.java	
net.minecraft.world.level.block.KelpPlantBlock	canPlaceLiquid	LivingEntity,BlockGetter,BlockPos,BlockState,Fluid	2321bc09cbb45126d475c441ad86ed8815b9858c7c335ad00dd0b2494d8ab965	port	world/level/block/KelpPlantBlock.java:36	block-sim/src/main/java/ac/cult/blocksim/behavior/GrowingPlantBehavior.java	
net.minecraft.world.level.block.KelpPlantBlock	placeLiquid	LevelAccessor,BlockPos,BlockState,FluidState	2321bc09cbb45126d475c441ad86ed8815b9858c7c335ad00dd0b2494d8ab965	port	world/level/block/KelpPlantBlock.java:41	block-sim/src/main/java/ac/cult/blocksim/behavior/GrowingPlantBehavior.java	
net.minecraft.world.level.block.LadderBlock	getShape	BlockState,BlockGetter,BlockPos,CollisionContext	3968ad83f6910be013d68b7b933caab30630a74bb83248d096866125ff5bb696	port	world/level/block/LadderBlock.java:34	block-sim/src/main/java/ac/cult/blocksim/behavior/BlockBehavior.java	Pinned LadderBlock.getShape returns a constant, a state-indexed shape, or a block-state delegate; its exact boxes are emitted for every model state by VanillaDataGenerator.evaluate and read from StateFacts. Entity/world-dependent exceptions use separate behavior overrides.
net.minecraft.world.level.block.LadderBlock	canAttachTo	BlockGetter,BlockPos,Direction	e808b714b946e96eaba5f2a4569b7169a264fe2a0e78a8431f431eed1a8a265f	port	world/level/block/LadderBlock.java:39	block-sim/src/main/java/ac/cult/blocksim/behavior/BasicBlockRules.java	
net.minecraft.world.level.block.LadderBlock	canSurvive	BlockState,LevelReader,BlockPos	e58ee335144ecf64de7c88d5bba6d1ca0f5995ef4caf976cbd2c36d52093691f	port	world/level/block/LadderBlock.java:44	block-sim/src/main/java/ac/cult/blocksim/behavior/BasicBlockRules.java	
net.minecraft.world.level.block.LadderBlock	updateShape	BlockState,LevelReader,ScheduledTickAccess,BlockPos,Direction,BlockPos,BlockState,RandomSource	7cbb4e8c5e789cd2a8e82b7ae826a3b9d4eded83e4cedbf5f9a209fe52571d03	port	world/level/block/LadderBlock.java:50	block-sim/src/main/java/ac/cult/blocksim/behavior/BasicBlockRules.java	
net.minecraft.world.level.block.LadderBlock	getStateForPlacement	BlockPlaceContext	78326e6fef08f8d19cee8ee394e12454185a730c2f41f888f57d0be7efc96432	port	world/level/block/LadderBlock.java:72	block-sim/src/main/java/ac/cult/blocksim/behavior/BasicBlockRules.java	
net.minecraft.world.level.block.LadderBlock	getFluidState	BlockState	c7a0e8cf0670c937b327030415a9080e6908ec9b883e0dedc4af7d9b3620c737	port	world/level/block/LadderBlock.java:113	block-sim/src/main/java/ac/cult/blocksim/engine/SimFluidState.java	Pinned LadderBlock.getFluidState is a state-only source/waterlogged/LiquidBlock cache lookup. Generated StateFacts retain type, amount, falling flag, source flag and legacy state for every model ID.
net.minecraft.world.level.block.LanternBlock	getStateForPlacement	BlockPlaceContext	22719fc9c4ac8a4d785ff6e40c35366e61dda53e0bc5018f31ed528de7294b31	port	world/level/block/LanternBlock.java:34	block-sim/src/main/java/ac/cult/blocksim/behavior/LanternBehavior.java	
net.minecraft.world.level.block.LanternBlock	getShape	BlockState,BlockGetter,BlockPos,CollisionContext	f3bedd3298d887a6b7342332de6618014d4147c913d82580e7581b68556a0530	port	world/level/block/LanternBlock.java:50	block-sim/src/main/java/ac/cult/blocksim/behavior/BlockBehavior.java	Pinned LanternBlock.getShape returns a constant, a state-indexed shape, or a block-state delegate; its exact boxes are emitted for every model state by VanillaDataGenerator.evaluate and read from StateFacts. Entity/world-dependent exceptions use separate behavior overrides.
net.minecraft.world.level.block.LanternBlock	canSurvive	BlockState,LevelReader,BlockPos	94c7aa1571878105f58bf8bf8706b52252c578babb294271b4538eb094d40553	port	world/level/block/LanternBlock.java:60	block-sim/src/main/java/ac/cult/blocksim/behavior/LanternBehavior.java	
net.minecraft.world.level.block.LanternBlock	getConnectedDirection	BlockState	9a27598801249dccb12f24779ac7734b7cc615f000417e1b29072656431df36a	port	world/level/block/LanternBlock.java:66	block-sim/src/main/java/ac/cult/blocksim/behavior/LanternBehavior.java	
net.minecraft.world.level.block.LanternBlock	updateShape	BlockState,LevelReader,ScheduledTickAccess,BlockPos,Direction,BlockPos,BlockState,RandomSource	372d0f9a50505ef5bce6140e953f75627585507d74cb9f8eeb2597f58333f64a	port	world/level/block/LanternBlock.java:70	block-sim/src/main/java/ac/cult/blocksim/behavior/LanternBehavior.java	
net.minecraft.world.level.block.LanternBlock	getFluidState	BlockState	c7a0e8cf0670c937b327030415a9080e6908ec9b883e0dedc4af7d9b3620c737	port	world/level/block/LanternBlock.java:90	block-sim/src/main/java/ac/cult/blocksim/engine/SimFluidState.java	Pinned LanternBlock.getFluidState is a state-only source/waterlogged/LiquidBlock cache lookup. Generated StateFacts retain type, amount, falling flag, source flag and legacy state for every model ID.
net.minecraft.world.level.block.LavaCauldronBlock	getAnalogOutputSignal	BlockState,Level,BlockPos,Direction	cb83c9a0fc67676fec77cac4dbf1d7cc34341d9087551c6d671e5b8e916714bc	port	world/level/block/LavaCauldronBlock.java:48	block-sim/src/main/java/ac/cult/blocksim/engine/AnalogSignals.java	Pinned LavaCauldronBlock.getAnalogOutputSignal is represented by generated family binding and compensated state/entity/container fields. Client-only zero results and server-only heart output updates are preserved.
net.minecraft.world.level.block.LayeredCauldronBlock	getAnalogOutputSignal	BlockState,Level,BlockPos,Direction	ffcd4ba151cb67d63b5d5d30461ae2ec3c54bbaee352f4f9ca6b81d9b34b725c	port	world/level/block/LayeredCauldronBlock.java:109	block-sim/src/main/java/ac/cult/blocksim/engine/AnalogSignals.java	Pinned LayeredCauldronBlock.getAnalogOutputSignal is represented by generated family binding and compensated state/entity/container fields. Client-only zero results and server-only heart output updates are preserved.
net.minecraft.world.level.block.LeafLitterBlock	canBeReplaced	BlockState,BlockPlaceContext	9205f1259c1ab33820eecaa7f8cd0423c2014671ba7203c6d424dc277ab27457	port	world/level/block/LeafLitterBlock.java:41	block-sim/src/main/java/ac/cult/blocksim/behavior/VegetationBehavior.java	
net.minecraft.world.level.block.LeafLitterBlock	canSurvive	BlockState,LevelReader,BlockPos	30d82edcc4c1f76cbda703d637fe29ad7e1deb4904595f703e0daf14c0246361	port	world/level/block/LeafLitterBlock.java:46	block-sim/src/main/java/ac/cult/blocksim/behavior/VegetationBehavior.java	
net.minecraft.world.level.block.LeafLitterBlock	getShape	BlockState,BlockGetter,BlockPos,CollisionContext	3e21ce4e351a671bf09a0815b0c126bdddae750dee103c86fdc4268521311e6c	port	world/level/block/LeafLitterBlock.java:52	block-sim/src/main/java/ac/cult/blocksim/behavior/BlockBehavior.java	Pinned LeafLitterBlock.getShape returns a constant, a state-indexed shape, or a block-state delegate; its exact boxes are emitted for every model state by VanillaDataGenerator.evaluate and read from StateFacts. Entity/world-dependent exceptions use separate behavior overrides.
net.minecraft.world.level.block.LeafLitterBlock	getStateForPlacement	BlockPlaceContext	97c1c3226051ac356d8cbf65ac0fccd4ba60b3ac99c1bd25e5ad44f3e86f22db	port	world/level/block/LeafLitterBlock.java:57	block-sim/src/main/java/ac/cult/blocksim/behavior/VegetationBehavior.java	
net.minecraft.world.level.block.LeavesBlock	getBlockSupportShape	BlockState,BlockGetter,BlockPos	ed610faefe8c377df35fb7ad2b774e3fd4fb63fab279c944366d6dc688f6670b	port	world/level/block/LeavesBlock.java:54	block-sim/src/main/java/ac/cult/blocksim/behavior/LeavesBehavior.java	
net.minecraft.world.level.block.LeavesBlock	updateShape	BlockState,LevelReader,ScheduledTickAccess,BlockPos,Direction,BlockPos,BlockState,RandomSource	2d895f9f9056f4bff97c694c311f7be2fcb0137771e6fd751debfe6f495d506a	port	world/level/block/LeavesBlock.java:86	block-sim/src/main/java/ac/cult/blocksim/behavior/BlockBehavior.java	
net.minecraft.world.level.block.LeavesBlock	updateDistance	BlockState,LevelAccessor,BlockPos	b7cd1691be9eb303bf1a671d30745598f56d2eb2db92edc991391a33ec3ed436	port	world/level/block/LeavesBlock.java:109	block-sim/src/main/java/ac/cult/blocksim/behavior/LeavesBehavior.java	
net.minecraft.world.level.block.LeavesBlock	getDistanceAt	BlockState	3a065345b17c63cdc8bb32e5f255d844a090996f51ba78841ca7263fdc6721fe	port	world/level/block/LeavesBlock.java:124	block-sim/src/main/java/ac/cult/blocksim/behavior/LeavesBehavior.java	
net.minecraft.world.level.block.LeavesBlock	getOptionalDistanceAt	BlockState	2ced22061f86dbb1f4146e05576c8b214ba039aa0d819a27dbbc2e623bb293c4	port	world/level/block/LeavesBlock.java:128	block-sim/src/main/java/ac/cult/blocksim/behavior/LeavesBehavior.java	
net.minecraft.world.level.block.LeavesBlock	getFluidState	BlockState	c7a0e8cf0670c937b327030415a9080e6908ec9b883e0dedc4af7d9b3620c737	port	world/level/block/LeavesBlock.java:136	block-sim/src/main/java/ac/cult/blocksim/engine/SimFluidState.java	Pinned LeavesBlock.getFluidState is a state-only source/waterlogged/LiquidBlock cache lookup. Generated StateFacts retain type, amount, falling flag, source flag and legacy state for every model ID.
net.minecraft.world.level.block.LeavesBlock	getStateForPlacement	BlockPlaceContext	2940b868a3bfbfa6cce49f1b2a6c51ca4d67d74f501a5f8af1177561b893a413	port	world/level/block/LeavesBlock.java:167	block-sim/src/main/java/ac/cult/blocksim/behavior/LeavesBehavior.java	
net.minecraft.world.level.block.LecternBlock	getStateForPlacement	BlockPlaceContext	9703624ccce1e346610783941c43a71420930291e1552aa42386ebd46caf7f22	port	world/level/block/LecternBlock.java:74	block-sim/src/main/java/ac/cult/blocksim/behavior/LecternBehavior.java	
net.minecraft.world.level.block.LecternBlock	getCollisionShape	BlockState,BlockGetter,BlockPos,CollisionContext	65416f026dd72039411b30cd0efea4d78b3ff6e25dd134922f24845791d29533	port	world/level/block/LecternBlock.java:90	block-sim/src/main/java/ac/cult/blocksim/behavior/BlockBehavior.java	Pinned LecternBlock.getCollisionShape returns a constant, a state-indexed shape, or a block-state delegate; its exact boxes are emitted for every model state by VanillaDataGenerator.evaluate and read from StateFacts. Entity/world-dependent exceptions use separate behavior overrides.
net.minecraft.world.level.block.LecternBlock	getShape	BlockState,BlockGetter,BlockPos,CollisionContext	3968ad83f6910be013d68b7b933caab30630a74bb83248d096866125ff5bb696	port	world/level/block/LecternBlock.java:95	block-sim/src/main/java/ac/cult/blocksim/behavior/BlockBehavior.java	Pinned LecternBlock.getShape returns a constant, a state-indexed shape, or a block-state delegate; its exact boxes are emitted for every model state by VanillaDataGenerator.evaluate and read from StateFacts. Entity/world-dependent exceptions use separate behavior overrides.
net.minecraft.world.level.block.LecternBlock	newBlockEntity	BlockPos,BlockState	8bc66b2c8a5e6174599ae4fe16c38914be24b83bfcb82c98eca896e885568f41	port	world/level/block/LecternBlock.java:115	block-sim/src/main/java/ac/cult/blocksim/engine/BlockEntityPrototypes.java	
net.minecraft.world.level.block.LecternBlock	isSignalSource	BlockState	431ca6d2bfbc684210415c1210d58f91e7ad98a300ef06eac2f35066edafa4f9	port	world/level/block/LecternBlock.java:177	block-sim/src/main/java/ac/cult/blocksim/data/StateFacts.java	Pinned getter returns constant true; VanillaDataGenerator.evaluate captures it as StateFacts.SIGNAL_SOURCE for every state. Shared Signals/BlockBehavior queries consume the generated fact without duplicate family getters.
net.minecraft.world.level.block.LecternBlock	ownSignal	BlockState,BlockGetter,BlockPos	63b0f9a21db99967d72defb089090245cc6d8811ce87573b3730898a0d38eef4	port	world/level/block/LecternBlock.java:182	block-sim/src/main/java/ac/cult/blocksim/behavior/LecternBehavior.java	
net.minecraft.world.level.block.LecternBlock	getDirectSignal	BlockState,BlockGetter,BlockPos,Direction	142ca5c91b7cfe5ee77829ca6286ece1bbad4d9f1caa7f311e57016280d757d9	port	world/level/block/LecternBlock.java:187	block-sim/src/main/java/ac/cult/blocksim/behavior/LecternBehavior.java	
net.minecraft.world.level.block.LecternBlock	hasAnalogOutputSignal	BlockState	431ca6d2bfbc684210415c1210d58f91e7ad98a300ef06eac2f35066edafa4f9	port	world/level/block/LecternBlock.java:192	block-sim/src/main/java/ac/cult/blocksim/engine/AnalogSignals.java	Pinned LecternBlock.hasAnalogOutputSignal is represented by generated family binding and compensated state/entity/container fields. Client-only zero results and server-only heart output updates are preserved.
net.minecraft.world.level.block.LecternBlock	getAnalogOutputSignal	BlockState,Level,BlockPos,Direction	e4dc31391912e58fe715b29d0433e38e278cb43d4a1c8c40027df74b659f5c1c	port	world/level/block/LecternBlock.java:197	block-sim/src/main/java/ac/cult/blocksim/engine/AnalogSignals.java	Pinned LecternBlock.getAnalogOutputSignal is represented by generated family binding and compensated state/entity/container fields. Client-only zero results and server-only heart output updates are preserved.
net.minecraft.world.level.block.LecternBlock	useItemOn	ItemStack,BlockState,Level,BlockPos,Player,InteractionHand,BlockHitResult	dcae16a6111f274dc5a7242797a472331c09e199fdd4e0009457158b71a1beb1	port	world/level/block/LecternBlock.java:204	block-sim/src/main/java/ac/cult/blocksim/behavior/LecternBehavior.java	
net.minecraft.world.level.block.LecternBlock	useWithoutItem	BlockState,Level,BlockPos,Player,BlockHitResult	3c997d03f458cfde67df18731205709e16bf4f487c799bed4080def7bd36592e	port	world/level/block/LecternBlock.java:223	block-sim/src/main/java/ac/cult/blocksim/behavior/LecternBehavior.java	
net.minecraft.world.level.block.LeverBlock	getShape	BlockState,BlockGetter,BlockPos,CollisionContext	3e21ce4e351a671bf09a0815b0c126bdddae750dee103c86fdc4268521311e6c	port	world/level/block/LeverBlock.java:50	block-sim/src/main/java/ac/cult/blocksim/behavior/BlockBehavior.java	Pinned LeverBlock.getShape returns a constant, a state-indexed shape, or a block-state delegate; its exact boxes are emitted for every model state by VanillaDataGenerator.evaluate and read from StateFacts. Entity/world-dependent exceptions use separate behavior overrides.
net.minecraft.world.level.block.LeverBlock	useWithoutItem	BlockState,Level,BlockPos,Player,BlockHitResult	00547d79c543e8a01e3a90997a1cd319ca9d9ac6b094640e38687a9ef70f1f88	port	world/level/block/LeverBlock.java:55	block-sim/src/main/java/ac/cult/blocksim/behavior/LeverBehavior.java	
net.minecraft.world.level.block.LeverBlock	getDirectSignal	BlockState,BlockGetter,BlockPos,Direction	705d1a2b1adc742a3c6298cd2c77131e7aa056d5290c19d02bf55c9160d6f9d0	port	world/level/block/LeverBlock.java:118	block-sim/src/main/java/ac/cult/blocksim/behavior/LeverBehavior.java	
net.minecraft.world.level.block.LeverBlock	isSignalSource	BlockState	431ca6d2bfbc684210415c1210d58f91e7ad98a300ef06eac2f35066edafa4f9	port	world/level/block/LeverBlock.java:123	block-sim/src/main/java/ac/cult/blocksim/data/StateFacts.java	Pinned getter returns constant true; VanillaDataGenerator.evaluate captures it as StateFacts.SIGNAL_SOURCE for every state. Shared Signals/BlockBehavior queries consume the generated fact without duplicate family getters.
net.minecraft.world.level.block.LeverBlock	ownSignal	BlockState,BlockGetter,BlockPos	63b0f9a21db99967d72defb089090245cc6d8811ce87573b3730898a0d38eef4	port	world/level/block/LeverBlock.java:128	block-sim/src/main/java/ac/cult/blocksim/behavior/LeverBehavior.java	
net.minecraft.world.level.block.LightBlock	useWithoutItem	BlockState,Level,BlockPos,Player,BlockHitResult	886d5fe6126164e12e7d65cac2e3d9cf011af38cb4b9fc664b6d2ff20b8b8960	port	world/level/block/LightBlock.java:46	block-sim/src/main/java/ac/cult/blocksim/behavior/BasicBlockRules.java	
net.minecraft.world.level.block.LightBlock	getShape	BlockState,BlockGetter,BlockPos,CollisionContext	2588f5aea0fea717790584ab2b4f680df174d799a4e1ba3a00716715ff95cb8c	port	world/level/block/LightBlock.java:58	block-sim/src/main/java/ac/cult/blocksim/behavior/BasicBlockRules.java	
net.minecraft.world.level.block.LightBlock	updateShape	BlockState,LevelReader,ScheduledTickAccess,BlockPos,Direction,BlockPos,BlockState,RandomSource	817bec19a3553c8271329d17c907226cbfaa6f0dc2790d4efddcebaa2b21c369	no-client-world-effect	world/level/block/LightBlock.java:78		Pinned LightBlock.updateShape only schedules water/falling ticks and delegates to the state-preserving default; client scheduled tick queues do not execute those server ticks.
net.minecraft.world.level.block.LightBlock	getFluidState	BlockState	c7a0e8cf0670c937b327030415a9080e6908ec9b883e0dedc4af7d9b3620c737	port	world/level/block/LightBlock.java:96	block-sim/src/main/java/ac/cult/blocksim/engine/SimFluidState.java	Pinned LightBlock.getFluidState is a state-only source/waterlogged/LiquidBlock cache lookup. Generated StateFacts retain type, amount, falling flag, source flag and legacy state for every model ID.
net.minecraft.world.level.block.LightningRodBlock	getStateForPlacement	BlockPlaceContext	d4f950b30df05b884ccf3ed0f29dbeb1252121a752f8bd70e275c5ce0d710628	port	world/level/block/LightningRodBlock.java:37	block-sim/src/main/java/ac/cult/blocksim/behavior/LightningRodBehavior.java	
net.minecraft.world.level.block.LightningRodBlock	updateShape	BlockState,LevelReader,ScheduledTickAccess,BlockPos,Direction,BlockPos,BlockState,RandomSource	cd735ff51720eba3ff2a816c2afb7edbf4cbad724d36eeb720fa276d61234d45	port	world/level/block/LightningRodBlock.java:44	block-sim/src/main/java/ac/cult/blocksim/behavior/LightningRodBehavior.java	
net.minecraft.world.level.block.LightningRodBlock	getFluidState	BlockState	c7a0e8cf0670c937b327030415a9080e6908ec9b883e0dedc4af7d9b3620c737	port	world/level/block/LightningRodBlock.java:62	block-sim/src/main/java/ac/cult/blocksim/engine/SimFluidState.java	Pinned LightningRodBlock.getFluidState is a state-only source/waterlogged/LiquidBlock cache lookup. Generated StateFacts retain type, amount, falling flag, source flag and legacy state for every model ID.
net.minecraft.world.level.block.LightningRodBlock	ownSignal	BlockState,BlockGetter,BlockPos	63b0f9a21db99967d72defb089090245cc6d8811ce87573b3730898a0d38eef4	port	world/level/block/LightningRodBlock.java:67	block-sim/src/main/java/ac/cult/blocksim/behavior/LightningRodBehavior.java	
net.minecraft.world.level.block.LightningRodBlock	getDirectSignal	BlockState,BlockGetter,BlockPos,Direction	649e31759e23077d3081179c6683af5791bfc056ec63c6a01c6f557d93e592f1	port	world/level/block/LightningRodBlock.java:72	block-sim/src/main/java/ac/cult/blocksim/behavior/LightningRodBehavior.java	
net.minecraft.world.level.block.LightningRodBlock	isSignalSource	BlockState	431ca6d2bfbc684210415c1210d58f91e7ad98a300ef06eac2f35066edafa4f9	port	world/level/block/LightningRodBlock.java:125	block-sim/src/main/java/ac/cult/blocksim/data/StateFacts.java	Pinned getter returns constant true; VanillaDataGenerator.evaluate captures it as StateFacts.SIGNAL_SOURCE for every state. Shared Signals/BlockBehavior queries consume the generated fact without duplicate family getters.
net.minecraft.world.level.block.LilyPadBlock	getShape	BlockState,BlockGetter,BlockPos,CollisionContext	3d9d2c565148801d0f31c596e14675c6c6a339c2dcce8c3c76180de46db25598	port	world/level/block/LilyPadBlock.java:36	block-sim/src/main/java/ac/cult/blocksim/behavior/BlockBehavior.java	Pinned LilyPadBlock.getShape returns a constant, a state-indexed shape, or a block-state delegate; its exact boxes are emitted for every model state by VanillaDataGenerator.evaluate and read from StateFacts. Entity/world-dependent exceptions use separate behavior overrides.
net.minecraft.world.level.block.LilyPadBlock	mayPlaceOn	BlockState,BlockGetter,BlockPos	fdec68ef84fb84f598d7b14591d428a9049f6b668c253539f745a3b26f752c17	port	world/level/block/LilyPadBlock.java:41	block-sim/src/main/java/ac/cult/blocksim/behavior/VegetationBehavior.java	
net.minecraft.world.level.block.LiquidBlock	getCollisionShape	BlockState,BlockGetter,BlockPos,CollisionContext	6f31f88a8c5b784040c425dbcfc0c5d6c9d2cd0666842542592021b958d45498	port	world/level/block/LiquidBlock.java:61	block-sim/src/main/java/ac/cult/blocksim/behavior/BlockPickupBehavior.java	LiquidBlock.java:61-77: alwaysCollideWithFluid returns full block; normal supplied player/placement contexts cannot stand on fluid and return empty. The pre-migration CultCollisionContext is not a native EntityCollisionContext and canStandOnFluid is explicitly false. Preserve that anticheat context and its existing vehicle handling; no hypothetical mob-specific shape state added.
net.minecraft.world.level.block.LiquidBlock	getFluidState	BlockState	b621b73f1c57201bf49f3a934abc021f4861d56c2e98192b7329781c08d5e347	port	world/level/block/LiquidBlock.java:104	block-sim/src/main/java/ac/cult/blocksim/engine/SimFluidState.java	Pinned LiquidBlock.getFluidState is a state-only source/waterlogged/LiquidBlock cache lookup. Generated StateFacts retain type, amount, falling flag, source flag and legacy state for every model ID.
net.minecraft.world.level.block.LiquidBlock	getShape	BlockState,BlockGetter,BlockPos,CollisionContext	ed610faefe8c377df35fb7ad2b774e3fd4fb63fab279c944366d6dc688f6670b	port	world/level/block/LiquidBlock.java:125	block-sim/src/main/java/ac/cult/blocksim/behavior/BlockBehavior.java	Pinned LiquidBlock.getShape returns a constant, a state-indexed shape, or a block-state delegate; its exact boxes are emitted for every model state by VanillaDataGenerator.evaluate and read from StateFacts. Entity/world-dependent exceptions use separate behavior overrides.
net.minecraft.world.level.block.LiquidBlock	updateShape	BlockState,LevelReader,ScheduledTickAccess,BlockPos,Direction,BlockPos,BlockState,RandomSource	0d45017d3ebbe594c51339558ade8dc08b537f39d110a8fdb5bf5f340c3f65cd	no-client-world-effect	world/level/block/LiquidBlock.java:150		Schedules block/fluid ticks only; ClientLevel scheduled tick access is a blackhole, then BlockBehaviour.updateShape returns the same state.
net.minecraft.world.level.block.LiquidBlock	neighborChanged	BlockState,Level,BlockPos,Block,Orientation,boolean	b3b3c57cb484712e07b1660abc89a7a20503ee33d907dc93085c01b480cdd2eb	server-only	world/level/block/LiquidBlock.java:176		
net.minecraft.world.level.block.LiquidBlock	pickupBlock	LivingEntity,LevelAccessor,BlockPos,BlockState	84636f060d283e8d96657aa0aa0d45f63e68d8e734fe2cbfa15a29b2c631fc51	port	world/level/block/LiquidBlock.java:229	block-sim/src/main/java/ac/cult/blocksim/behavior/BlockPickupBehavior.java	
net.minecraft.world.level.block.LoomBlock	useWithoutItem	BlockState,Level,BlockPos,Player,BlockHitResult	66153f3a2e6a9ab4d781641e52c2337adf9ce3620bc6dcaac6183185b01e6715	port	world/level/block/LoomBlock.java:26	block-sim/src/main/java/ac/cult/blocksim/behavior/BasicBlockRules.java	
net.minecraft.world.level.block.LoomBlock	getStateForPlacement	BlockPlaceContext	2ad1d62f2232e4987c7cd90f27de26f1537d88424f1b501bbb4d139758fdcc54	port	world/level/block/LoomBlock.java:45	block-sim/src/main/java/ac/cult/blocksim/behavior/BasicBlockRules.java	
net.minecraft.world.level.block.MangroveLeavesBlock	isValidBonemealTarget	LevelReader,BlockPos,BlockState,BonemealSource	9da30084abcecb0790cee7357fdd8094740e6ca29972a6b899fb93311eb31cf5	port	world/level/block/MangroveLeavesBlock.java:16	block-sim/src/main/java/ac/cult/blocksim/behavior/BonemealTargets.java	Pinned MangroveLeavesBlock.isValidBonemealTarget supplies the PLAYER client predicate. The bound target rules cover this family without predicting ServerLevel growth or consumption.
net.minecraft.world.level.block.MangrovePropaguleBlock	mayPlaceOn	BlockState,BlockGetter,BlockPos	bac03ade41c0e5ccd172275f385b91decb340db6e69be6d36b5e79d09a9bc1f6	port	world/level/block/MangrovePropaguleBlock.java:44	block-sim/src/main/java/ac/cult/blocksim/behavior/MangrovePropaguleBehavior.java	
net.minecraft.world.level.block.MangrovePropaguleBlock	getStateForPlacement	BlockPlaceContext	46e030cafa745ce58dfb2789aa9f824866c9abc95ef7f10ea4f1b6d7846a3881	port	world/level/block/MangrovePropaguleBlock.java:49	block-sim/src/main/java/ac/cult/blocksim/behavior/MangrovePropaguleBehavior.java	
net.minecraft.world.level.block.MangrovePropaguleBlock	getShape	BlockState,BlockGetter,BlockPos,CollisionContext	cb6b30158bf6c063c997c4ea09112c02c20de1d5175848ea9b946a0a4d98602f	port	world/level/block/MangrovePropaguleBlock.java:56	block-sim/src/main/java/ac/cult/blocksim/behavior/BlockBehavior.java	
net.minecraft.world.level.block.MangrovePropaguleBlock	canSurvive	BlockState,LevelReader,BlockPos	9c67ed21b5197e633dc8ae6b1168d887be84ff9fbb9f005ef82b8edcd66bb146	port	world/level/block/MangrovePropaguleBlock.java:62	block-sim/src/main/java/ac/cult/blocksim/behavior/MangrovePropaguleBehavior.java	
net.minecraft.world.level.block.MangrovePropaguleBlock	updateShape	BlockState,LevelReader,ScheduledTickAccess,BlockPos,Direction,BlockPos,BlockState,RandomSource	de66112e6a2117516056c021ef0a72748d5bbee1586e7dd591544bf7be95d42c	port	world/level/block/MangrovePropaguleBlock.java:67	block-sim/src/main/java/ac/cult/blocksim/behavior/MangrovePropaguleBehavior.java	
net.minecraft.world.level.block.MangrovePropaguleBlock	getFluidState	BlockState	c7a0e8cf0670c937b327030415a9080e6908ec9b883e0dedc4af7d9b3620c737	port	world/level/block/MangrovePropaguleBlock.java:87	block-sim/src/main/java/ac/cult/blocksim/engine/SimFluidState.java	Pinned MangrovePropaguleBlock.getFluidState is a state-only source/waterlogged/LiquidBlock cache lookup. Generated StateFacts retain type, amount, falling flag, source flag and legacy state for every model ID.
net.minecraft.world.level.block.MangrovePropaguleBlock	isValidBonemealTarget	LevelReader,BlockPos,BlockState,BonemealSource	2209dfbd1b3913a8ad58a6a04047766c9810973e0ae6e3437ff32958004b87d3	port	world/level/block/MangrovePropaguleBlock.java:105	block-sim/src/main/java/ac/cult/blocksim/behavior/BonemealTargets.java	Pinned MangrovePropaguleBlock.isValidBonemealTarget supplies the PLAYER client predicate. The bound target rules cover this family without predicting ServerLevel growth or consumption.
net.minecraft.world.level.block.MangrovePropaguleBlock	isHanging	BlockState	735d226aa9b51801d69ca9be0af41f72811539d53e132c5403e646d4f1232aaf	port	world/level/block/MangrovePropaguleBlock.java:124	block-sim/src/main/java/ac/cult/blocksim/behavior/MangrovePropaguleBehavior.java	
net.minecraft.world.level.block.MangroveRootsBlock	getStateForPlacement	BlockPlaceContext	ccc93778e6515f587dc35905c94cadc9f8e5d6d4e174e710dd1c9a2113f7cbaf	port	world/level/block/MangroveRootsBlock.java:31	block-sim/src/main/java/ac/cult/blocksim/behavior/BasicBlockRules.java	
net.minecraft.world.level.block.MangroveRootsBlock	updateShape	BlockState,LevelReader,ScheduledTickAccess,BlockPos,Direction,BlockPos,BlockState,RandomSource	cd735ff51720eba3ff2a816c2afb7edbf4cbad724d36eeb720fa276d61234d45	port	world/level/block/MangroveRootsBlock.java:38	block-sim/src/main/java/ac/cult/blocksim/behavior/BasicBlockRules.java	
net.minecraft.world.level.block.MangroveRootsBlock	getFluidState	BlockState	c7a0e8cf0670c937b327030415a9080e6908ec9b883e0dedc4af7d9b3620c737	port	world/level/block/MangroveRootsBlock.java:56	block-sim/src/main/java/ac/cult/blocksim/engine/SimFluidState.java	Pinned MangroveRootsBlock.getFluidState is a state-only source/waterlogged/LiquidBlock cache lookup. Generated StateFacts retain type, amount, falling flag, source flag and legacy state for every model ID.
net.minecraft.world.level.block.Mirror	getRotation	Direction	318ee3d76c8bb02afb50eae990110ad545bd5bc371a125fa260d5b7c2c431761	no-client-world-effect	world/level/block/Mirror.java:39		Mirror.java:39-42: axis-dependent structure mirror rotation. Normal client placement directly derives facing from its context and does not run structure mirror/rotation APIs; no structure placement engine is needed.
net.minecraft.world.level.block.MossyCarpetBlock	getShape	BlockState,BlockGetter,BlockPos,CollisionContext	3e21ce4e351a671bf09a0815b0c126bdddae750dee103c86fdc4268521311e6c	port	world/level/block/MossyCarpetBlock.java:81	block-sim/src/main/java/ac/cult/blocksim/behavior/BlockBehavior.java	Pinned MossyCarpetBlock.getShape returns a constant, a state-indexed shape, or a block-state delegate; its exact boxes are emitted for every model state by VanillaDataGenerator.evaluate and read from StateFacts. Entity/world-dependent exceptions use separate behavior overrides.
net.minecraft.world.level.block.MossyCarpetBlock	getCollisionShape	BlockState,BlockGetter,BlockPos,CollisionContext	4428b9cc8540810f003a17796cee63af2563a7952ff4ec5d44e38a2663f7abc5	port	world/level/block/MossyCarpetBlock.java:86	block-sim/src/main/java/ac/cult/blocksim/behavior/BlockBehavior.java	Pinned MossyCarpetBlock.getCollisionShape returns a constant, a state-indexed shape, or a block-state delegate; its exact boxes are emitted for every model state by VanillaDataGenerator.evaluate and read from StateFacts. Entity/world-dependent exceptions use separate behavior overrides.
net.minecraft.world.level.block.MossyCarpetBlock	canSurvive	BlockState,LevelReader,BlockPos	b5a92c512e160179734d9eefe9864b1425e3dab27da640b237b5bbe38bb553ed	port	world/level/block/MossyCarpetBlock.java:96	block-sim/src/main/java/ac/cult/blocksim/behavior/MossyCarpetBehavior.java	
net.minecraft.world.level.block.MossyCarpetBlock	hasFaces	BlockState	78629aac7cca11b07788b44be4094e6c778ac6054ec42627c4ed8412a3610652	port	world/level/block/MossyCarpetBlock.java:102	block-sim/src/main/java/ac/cult/blocksim/behavior/MossyCarpetBehavior.java	
net.minecraft.world.level.block.MossyCarpetBlock	canSupportAtFace	BlockGetter,BlockPos,Direction	92d3c67dad1fe2ebf0d11cbe7645d252e65e8ec83dc098615d537d38c393215b	port	world/level/block/MossyCarpetBlock.java:116	block-sim/src/main/java/ac/cult/blocksim/behavior/MossyCarpetBehavior.java	
net.minecraft.world.level.block.MossyCarpetBlock	getUpdatedState	BlockState,BlockGetter,BlockPos,boolean	ca372ae648d2a2e9be78a598bde14f325c88551ae46f2bd023e973ce5312b799	port	world/level/block/MossyCarpetBlock.java:120	block-sim/src/main/java/ac/cult/blocksim/behavior/MossyCarpetBehavior.java	
net.minecraft.world.level.block.MossyCarpetBlock	getStateForPlacement	BlockPlaceContext	c4fb58873fc601925147b8d8cff1f23c16b33b4c28d6767a4e4f772add94ba07	port	world/level/block/MossyCarpetBlock.java:154	block-sim/src/main/java/ac/cult/blocksim/behavior/MossyCarpetBehavior.java	
net.minecraft.world.level.block.MossyCarpetBlock	setPlacedBy	Level,BlockPos,BlockState,LivingEntity,ItemStack	ace6e754b1a57817e1b1fd2fc5af73584ec43aa72e050029d7816f405f2ffcd1	port	world/level/block/MossyCarpetBlock.java:171	block-sim/src/main/java/ac/cult/blocksim/behavior/BlockBehavior.java	
net.minecraft.world.level.block.MossyCarpetBlock	updateShape	BlockState,LevelReader,ScheduledTickAccess,BlockPos,Direction,BlockPos,BlockState,RandomSource	17d30118be29d6de3245da7b52693d1392d55181f6d34298067c883507182d9f	port	world/level/block/MossyCarpetBlock.java:203	block-sim/src/main/java/ac/cult/blocksim/behavior/MossyCarpetBehavior.java	
net.minecraft.world.level.block.MossyCarpetBlock	isValidBonemealTarget	LevelReader,BlockPos,BlockState,BonemealSource	740b1550cedccf90c467f367eeb3969f908213a87fd941160bfe1020f0a9c798	port	world/level/block/MossyCarpetBlock.java:259	block-sim/src/main/java/ac/cult/blocksim/behavior/BonemealTargets.java	Pinned MossyCarpetBlock.isValidBonemealTarget supplies the PLAYER client predicate. The bound target rules cover this family without predicting ServerLevel growth or consumption.
net.minecraft.world.level.block.MudBlock	getCollisionShape	BlockState,BlockGetter,BlockPos,CollisionContext	3d9d2c565148801d0f31c596e14675c6c6a339c2dcce8c3c76180de46db25598	port	world/level/block/MudBlock.java:19	block-sim/src/main/java/ac/cult/blocksim/behavior/BlockBehavior.java	Pinned MudBlock.getCollisionShape returns a constant, a state-indexed shape, or a block-state delegate; its exact boxes are emitted for every model state by VanillaDataGenerator.evaluate and read from StateFacts. Entity/world-dependent exceptions use separate behavior overrides.
net.minecraft.world.level.block.MudBlock	getBlockSupportShape	BlockState,BlockGetter,BlockPos	8501ba402b348035ef9db4f0d923752161f1348d592612f385efe4553d5ee5ed	port	world/level/block/MudBlock.java:24	block-sim/src/main/java/ac/cult/blocksim/behavior/BlockBehavior.java	Pinned MudBlock.getBlockSupportShape returns a constant, a state-indexed shape, or a block-state delegate; its exact boxes are emitted for every model state by VanillaDataGenerator.evaluate and read from StateFacts. Entity/world-dependent exceptions use separate behavior overrides.
net.minecraft.world.level.block.MultifaceBlock	isFaceSupported	Direction	431ca6d2bfbc684210415c1210d58f91e7ad98a300ef06eac2f35066edafa4f9	port	world/level/block/MultifaceBlock.java:101	block-sim/src/main/java/ac/cult/blocksim/behavior/MultifaceBehavior.java	The supported-face predicate is encoded by generated direction properties used by isValidStateForPlacement. Client placement and bonemeal candidates preserve that predicate without a duplicate support method.
net.minecraft.world.level.block.MultifaceBlock	updateShape	BlockState,LevelReader,ScheduledTickAccess,BlockPos,Direction,BlockPos,BlockState,RandomSource	02c479c340f81a0169dd5573112c671b5adccceacd2ecf3a67d7e9fc03f98eb4	port	world/level/block/MultifaceBlock.java:116	block-sim/src/main/java/ac/cult/blocksim/behavior/MultifaceBehavior.java	
net.minecraft.world.level.block.MultifaceBlock	getFluidState	BlockState	c7a0e8cf0670c937b327030415a9080e6908ec9b883e0dedc4af7d9b3620c737	port	world/level/block/MultifaceBlock.java:140	block-sim/src/main/java/ac/cult/blocksim/engine/SimFluidState.java	Pinned MultifaceBlock.getFluidState is a state-only source/waterlogged/LiquidBlock cache lookup. Generated StateFacts retain type, amount, falling flag, source flag and legacy state for every model ID.
net.minecraft.world.level.block.MultifaceBlock	getShape	BlockState,BlockGetter,BlockPos,CollisionContext	3e21ce4e351a671bf09a0815b0c126bdddae750dee103c86fdc4268521311e6c	port	world/level/block/MultifaceBlock.java:145	block-sim/src/main/java/ac/cult/blocksim/behavior/BlockBehavior.java	Pinned MultifaceBlock.getShape returns a constant, a state-indexed shape, or a block-state delegate; its exact boxes are emitted for every model state by VanillaDataGenerator.evaluate and read from StateFacts. Entity/world-dependent exceptions use separate behavior overrides.
net.minecraft.world.level.block.MultifaceBlock	canSurvive	BlockState,LevelReader,BlockPos	a3d01e262cdbffc3b27ea33abd11626ca6e958558f9a4df4a5e5115d54e76a51	port	world/level/block/MultifaceBlock.java:150	block-sim/src/main/java/ac/cult/blocksim/behavior/MultifaceBehavior.java	
net.minecraft.world.level.block.MultifaceBlock	canBeReplaced	BlockState,BlockPlaceContext	5f9662e438eb873ebe48f58316345897677986ecedffd2a28a2adfa672e80de7	port	world/level/block/MultifaceBlock.java:167	block-sim/src/main/java/ac/cult/blocksim/behavior/MultifaceBehavior.java	
net.minecraft.world.level.block.MultifaceBlock	getStateForPlacement	BlockPlaceContext	956d227e83cb6e94ab649e6c5c1feba41db689a694c308523885505b48f41c67	port	world/level/block/MultifaceBlock.java:172	block-sim/src/main/java/ac/cult/blocksim/behavior/MultifaceBehavior.java	
net.minecraft.world.level.block.MultifaceBlock	isValidStateForPlacement	BlockGetter,BlockState,BlockPos,Direction	bd4beb519d6316ff78bcae8b563aef20b0dbe7f71584f1a609cc201472f27a08	port	world/level/block/MultifaceBlock.java:184	block-sim/src/main/java/ac/cult/blocksim/behavior/MultifaceBehavior.java	
net.minecraft.world.level.block.MultifaceBlock	getStateForPlacement	BlockState,BlockGetter,BlockPos,Direction	9c921bae157ceefec32bc3f10a6d08d102cdb914691e46b9a5d1d4d68ed89cbe	port	world/level/block/MultifaceBlock.java:193	block-sim/src/main/java/ac/cult/blocksim/behavior/MultifaceBehavior.java	
net.minecraft.world.level.block.MultifaceBlock	hasFace	BlockState,Direction	f1c4c9af9bb5abd10fdf50874e0a0dbbfcd2184b60ebdc8062f865ab71330353	port	world/level/block/MultifaceBlock.java:238	block-sim/src/main/java/ac/cult/blocksim/behavior/MultifaceBehavior.java	
net.minecraft.world.level.block.MultifaceBlock	canAttachTo	BlockGetter,BlockPos,Direction	d0553344634a4147505a67d3b21656db5761a71f5ef3d55b01d2218daf1b544d	port	world/level/block/MultifaceBlock.java:243	block-sim/src/main/java/ac/cult/blocksim/behavior/MultifaceBehavior.java	
net.minecraft.world.level.block.MultifaceBlock	canAttachTo	BlockGetter,Direction,BlockPos,BlockState	6af2c81f736908bfeb11596915e88b1168bb3a1e153ab55dad1cf6a428b07655	port	world/level/block/MultifaceBlock.java:249	block-sim/src/main/java/ac/cult/blocksim/behavior/MultifaceBehavior.java	
net.minecraft.world.level.block.MultifaceBlock	removeFace	BlockState,BooleanProperty	29ff44d3e0f57b7cf84bd5ce27d4e155a9e5938271374838090e639461c29167	port	world/level/block/MultifaceBlock.java:256	block-sim/src/main/java/ac/cult/blocksim/behavior/MultifaceBehavior.java	
net.minecraft.world.level.block.MultifaceBlock	hasAnyFace	BlockState	0b3f9f0ab64377a804c12bda8c47735abd41f2f289c4f6e835f23693572ff5af	port	world/level/block/MultifaceBlock.java:275	block-sim/src/main/java/ac/cult/blocksim/behavior/MultifaceBehavior.java	
net.minecraft.world.level.block.MultifaceBlock	hasAnyVacantFace	BlockState	5cf524018762ec9f8ec96e320f0f6ae951609850bf6957b69a9b94e33bd3a30f	port	world/level/block/MultifaceBlock.java:285	block-sim/src/main/java/ac/cult/blocksim/behavior/MultifaceBehavior.java	
net.minecraft.world.level.block.MultifaceSpreader$DefaultSpreaderConfig	getStateForPlacement	BlockState,BlockGetter,BlockPos,Direction	1b9a65a3090233bc5db574b6a3af8024195c39ece673e23600e843755a259bf9	server-only	world/level/block/MultifaceSpreader.java:124		This delegate is used to create spreading writes: GlowLichen performBonemeal(ServerLevel), world generation, or sculk spreading whose non-worldgen cursor requires ServerLevel. Client bonemeal canSpreadInto checks the existing placement-validity predicate without calling this delegate.
net.minecraft.world.level.block.MultifaceSpreader$SpreadConfig	hasFace	BlockState,Direction	96461f7da0e37adc9b6f4bbe8d394efa450eb0e8d92ed750df337d794faba8e8	port	world/level/block/MultifaceSpreader.java:156	block-sim/src/main/java/ac/cult/blocksim/behavior/MultifaceBehavior.java	SpreadConfig.hasFace delegates to MultifaceBlock.hasFace. Existing hasFace reads the generated direction property with false for a missing face, including client bonemeal candidates.
net.minecraft.world.level.block.MultifaceSpreader$SpreadConfig	placeBlock	LevelAccessor,MultifaceSpreader.SpreadPos,BlockState,boolean	1095f6fd0fe5bf337753a246d29b41806cff1275f2b77a1e4e97b2e2cca2f782	server-only	world/level/block/MultifaceSpreader.java:168		Spreading writes and optional worldgen postprocessing are reached from GlowLichen performBonemeal(ServerLevel), world generation, and sculk cursors gated by ServerLevel. Client bonemeal only checks whether a spread candidate exists.
net.minecraft.world.level.block.MushroomBlock	getShape	BlockState,BlockGetter,BlockPos,CollisionContext	3d9d2c565148801d0f31c596e14675c6c6a339c2dcce8c3c76180de46db25598	port	world/level/block/MushroomBlock.java:32	block-sim/src/main/java/ac/cult/blocksim/behavior/BlockBehavior.java	Pinned MushroomBlock.getShape returns a constant, a state-indexed shape, or a block-state delegate; its exact boxes are emitted for every model state by VanillaDataGenerator.evaluate and read from StateFacts. Entity/world-dependent exceptions use separate behavior overrides.
net.minecraft.world.level.block.MushroomBlock	mayPlaceOn	BlockState,BlockGetter,BlockPos	014b6a97dafaf1d5452d1630c222c1112be8a9fa9d5515132f63ec0fb40c09b1	port	world/level/block/MushroomBlock.java:66	block-sim/src/main/java/ac/cult/blocksim/behavior/VegetationBehavior.java	
net.minecraft.world.level.block.MushroomBlock	canSurvive	BlockState,LevelReader,BlockPos	714585543817115ba5b92ad2792f79ae4e43867cd6bb2f620520cc16c333eb56	port	world/level/block/MushroomBlock.java:71	block-sim/src/main/java/ac/cult/blocksim/behavior/VegetationBehavior.java	
net.minecraft.world.level.block.MushroomBlock	isValidBonemealTarget	LevelReader,BlockPos,BlockState,BonemealSource	bf38c15565af025cd8ef773cd6528e66c7db49c4b5b6065299189aa49f75483e	port	world/level/block/MushroomBlock.java:93	block-sim/src/main/java/ac/cult/blocksim/behavior/BonemealTargets.java	Pinned MushroomBlock.isValidBonemealTarget supplies the PLAYER client predicate. The bound target rules cover this family without predicting ServerLevel growth or consumption.
net.minecraft.world.level.block.NetherFungusBlock	getShape	BlockState,BlockGetter,BlockPos,CollisionContext	3d9d2c565148801d0f31c596e14675c6c6a339c2dcce8c3c76180de46db25598	port	world/level/block/NetherFungusBlock.java:36	block-sim/src/main/java/ac/cult/blocksim/behavior/BlockBehavior.java	Pinned NetherFungusBlock.getShape returns a constant, a state-indexed shape, or a block-state delegate; its exact boxes are emitted for every model state by VanillaDataGenerator.evaluate and read from StateFacts. Entity/world-dependent exceptions use separate behavior overrides.
net.minecraft.world.level.block.NetherFungusBlock	mayPlaceOn	BlockState,BlockGetter,BlockPos	de1d95e396bfe95d57982e92d3e7a6132f1dc52965c732edc75ab9e289b35862	port	world/level/block/NetherFungusBlock.java:41	block-sim/src/main/java/ac/cult/blocksim/behavior/BasicBlockRules.java	
net.minecraft.world.level.block.NetherFungusBlock	isValidBonemealTarget	LevelReader,BlockPos,BlockState,BonemealSource	9cd76ebc8e90b86e0034ac18dcf01410ff036a27ba58e48be736fd522f753593	port	world/level/block/NetherFungusBlock.java:50	block-sim/src/main/java/ac/cult/blocksim/behavior/BonemealTargets.java	Pinned NetherFungusBlock.isValidBonemealTarget supplies the PLAYER client predicate. The bound target rules cover this family without predicting ServerLevel growth or consumption.
net.minecraft.world.level.block.NetherPortalBlock	getShape	BlockState,BlockGetter,BlockPos,CollisionContext	ca317159821caf5f961b50e56ef220a1cdb6d8b6cea50f29e454014aa1f4714d	port	world/level/block/NetherPortalBlock.java:58	block-sim/src/main/java/ac/cult/blocksim/behavior/BlockBehavior.java	Pinned NetherPortalBlock.getShape returns a constant, a state-indexed shape, or a block-state delegate; its exact boxes are emitted for every model state by VanillaDataGenerator.evaluate and read from StateFacts. Entity/world-dependent exceptions use separate behavior overrides.
net.minecraft.world.level.block.NetherPortalBlock	updateShape	BlockState,LevelReader,ScheduledTickAccess,BlockPos,Direction,BlockPos,BlockState,RandomSource	50976581e4cfa22aa414ca657ef973f512d2a1c2acf03282bfe9bc80b551ddc1	port	world/level/block/NetherPortalBlock.java:87	block-sim/src/main/java/ac/cult/blocksim/behavior/NetherPortalBehavior.java	Checks the current portal plane and counts all portal cells within the complete tagged frame (PortalShape.java:66-195).
net.minecraft.world.level.block.NetherRootsBlock	getShape	BlockState,BlockGetter,BlockPos,CollisionContext	3d9d2c565148801d0f31c596e14675c6c6a339c2dcce8c3c76180de46db25598	port	world/level/block/NetherRootsBlock.java:20	block-sim/src/main/java/ac/cult/blocksim/behavior/BlockBehavior.java	Pinned NetherRootsBlock.getShape returns a constant, a state-indexed shape, or a block-state delegate; its exact boxes are emitted for every model state by VanillaDataGenerator.evaluate and read from StateFacts. Entity/world-dependent exceptions use separate behavior overrides.
net.minecraft.world.level.block.NetherRootsBlock	mayPlaceOn	BlockState,BlockGetter,BlockPos	de1d95e396bfe95d57982e92d3e7a6132f1dc52965c732edc75ab9e289b35862	port	world/level/block/NetherRootsBlock.java:25	block-sim/src/main/java/ac/cult/blocksim/behavior/BasicBlockRules.java	
net.minecraft.world.level.block.NetherSproutsBlock	getShape	BlockState,BlockGetter,BlockPos,CollisionContext	3d9d2c565148801d0f31c596e14675c6c6a339c2dcce8c3c76180de46db25598	port	world/level/block/NetherSproutsBlock.java:18	block-sim/src/main/java/ac/cult/blocksim/behavior/BlockBehavior.java	Pinned NetherSproutsBlock.getShape returns a constant, a state-indexed shape, or a block-state delegate; its exact boxes are emitted for every model state by VanillaDataGenerator.evaluate and read from StateFacts. Entity/world-dependent exceptions use separate behavior overrides.
net.minecraft.world.level.block.NetherSproutsBlock	mayPlaceOn	BlockState,BlockGetter,BlockPos	023b2b7cd1372ccbb0cfc46b04f6c7bc2a20acf70cf61d42cbb025f5bccd16fa	port	world/level/block/NetherSproutsBlock.java:23	block-sim/src/main/java/ac/cult/blocksim/behavior/BasicBlockRules.java	
net.minecraft.world.level.block.NetherWartBlock	getShape	BlockState,BlockGetter,BlockPos,CollisionContext	3b40e936a6680e807483005f1777dbedd7fb2d5122a974a6c47b3d6168d6a77a	port	world/level/block/NetherWartBlock.java:29	block-sim/src/main/java/ac/cult/blocksim/behavior/BlockBehavior.java	Pinned NetherWartBlock.getShape returns a constant, a state-indexed shape, or a block-state delegate; its exact boxes are emitted for every model state by VanillaDataGenerator.evaluate and read from StateFacts. Entity/world-dependent exceptions use separate behavior overrides.
net.minecraft.world.level.block.NetherWartBlock	mayPlaceOn	BlockState,BlockGetter,BlockPos	dfc5d9ca136fe3506d4d1e966a60c662043496796bdf7b0aa2d3256162f4e7e0	port	world/level/block/NetherWartBlock.java:34	block-sim/src/main/java/ac/cult/blocksim/behavior/BasicBlockRules.java	
net.minecraft.world.level.block.NetherrackBlock	isValidBonemealTarget	LevelReader,BlockPos,BlockState,BonemealSource	9a25b881bab6e83dee52aec5cf333b2023f7a7e76e98a495964a9ff4b29a6d61	port	world/level/block/NetherrackBlock.java:19	block-sim/src/main/java/ac/cult/blocksim/behavior/BonemealTargets.java	Pinned NetherrackBlock.isValidBonemealTarget supplies the PLAYER client predicate. The bound target rules cover this family without predicting ServerLevel growth or consumption.
net.minecraft.world.level.block.NoteBlock	setInstrument	LevelReader,BlockPos,BlockState	0d0d22868e18eedbd93e47ee91b94b962443f3b8294b29c8200ba24b65679a4e	port	world/level/block/NoteBlock.java:47	block-sim/src/main/java/ac/cult/blocksim/behavior/NoteBehavior.java	
net.minecraft.world.level.block.NoteBlock	getStateForPlacement	BlockPlaceContext	ea5cbb8a951c5c7f9d9ca30b537f4ff68e2cf35ab3fea693af9b3ee5a7e4d17d	port	world/level/block/NoteBlock.java:58	block-sim/src/main/java/ac/cult/blocksim/behavior/NoteBehavior.java	
net.minecraft.world.level.block.NoteBlock	updateShape	BlockState,LevelReader,ScheduledTickAccess,BlockPos,Direction,BlockPos,BlockState,RandomSource	a88d15877f73ae2c380380c58799f53183e764e5ba384439d26b1745c21423ff	port	world/level/block/NoteBlock.java:63	block-sim/src/main/java/ac/cult/blocksim/behavior/NoteBehavior.java	
net.minecraft.world.level.block.NoteBlock	neighborChanged	BlockState,Level,BlockPos,Block,Orientation,boolean	e8c8dd306a6f763b9f257f4da4a8c17a0ed17c245302e80dfa30b6fc9985c37d	server-only	world/level/block/NoteBlock.java:80		
net.minecraft.world.level.block.NoteBlock	useItemOn	ItemStack,BlockState,Level,BlockPos,Player,InteractionHand,BlockHitResult	0e220e23389387351abe821476f5d78bcc2825935b6d52370c000877c83910f7	port	world/level/block/NoteBlock.java:101	block-sim/src/main/java/ac/cult/blocksim/behavior/NoteBehavior.java	
net.minecraft.world.level.block.NoteBlock	useWithoutItem	BlockState,Level,BlockPos,Player,BlockHitResult	1308dda508713ab80878658d3202e74dad39b9f602c851906fc74d0954da6ebb	port	world/level/block/NoteBlock.java:116	block-sim/src/main/java/ac/cult/blocksim/behavior/NoteBehavior.java	
net.minecraft.world.level.block.NoteBlock	attack	BlockState,Level,BlockPos,Player	03a3792d3a4618a8a0c6bdfaad12eedcefa1a378badae147d9a4167fbf7bde24	port	world/level/block/NoteBlock.java:128	block-sim/src/main/java/ac/cult/blocksim/behavior/BlockBehavior.java	
net.minecraft.world.level.block.NyliumBlock	isValidBonemealTarget	LevelReader,BlockPos,BlockState,BonemealSource	7bbd048d19934260a19b2ee07e89c04be73643dc85f85e59c25296c831e90491	port	world/level/block/NyliumBlock.java:38	block-sim/src/main/java/ac/cult/blocksim/behavior/BonemealTargets.java	Pinned NyliumBlock.isValidBonemealTarget supplies the PLAYER client predicate. The bound target rules cover this family without predicting ServerLevel growth or consumption.
net.minecraft.world.level.block.NyliumBlock	place	Registry<Feature>,ResourceKey<Feature>,ServerLevel,ChunkGenerator,RandomSource,BlockPos	f27372be2b86d26dcb3ce44f0139b48274ab30592192e687ea179adb450a2c6a	server-only	world/level/block/NyliumBlock.java:56		The method requires ServerLevel and performs feature/crop/speleothem growth. Client bonemeal targeting is modeled separately and never executes server growth or world generation.
net.minecraft.world.level.block.ObserverBlock	updateShape	BlockState,LevelReader,ScheduledTickAccess,BlockPos,Direction,BlockPos,BlockState,RandomSource	d9b5a1ee4e07350650c49e4036a8135588437104142b530972d9807d5768450c	port	world/level/block/ObserverBlock.java:56	block-sim/src/main/java/ac/cult/blocksim/behavior/ObserverBehavior.java	
net.minecraft.world.level.block.ObserverBlock	isSignalSource	BlockState	431ca6d2bfbc684210415c1210d58f91e7ad98a300ef06eac2f35066edafa4f9	port	world/level/block/ObserverBlock.java:88	block-sim/src/main/java/ac/cult/blocksim/data/StateFacts.java	Pinned getter returns constant true; VanillaDataGenerator.evaluate captures it as StateFacts.SIGNAL_SOURCE for every state. Shared Signals/BlockBehavior queries consume the generated fact without duplicate family getters.
net.minecraft.world.level.block.ObserverBlock	shouldRedstoneWireConnectTo	BlockState,BlockGetter,BlockPos,Direction	c079bf7ede15db95deabf3d1cc575d1d609976876a27e49f94a89718278327dd	port	world/level/block/ObserverBlock.java:93	block-sim/src/main/java/ac/cult/blocksim/behavior/ObserverBehavior.java	
net.minecraft.world.level.block.ObserverBlock	ownSignal	BlockState,BlockGetter,BlockPos	63b0f9a21db99967d72defb089090245cc6d8811ce87573b3730898a0d38eef4	port	world/level/block/ObserverBlock.java:98	block-sim/src/main/java/ac/cult/blocksim/behavior/ObserverBehavior.java	
net.minecraft.world.level.block.ObserverBlock	getDirectSignal	BlockState,BlockGetter,BlockPos,Direction	218fb2117d887b1e0ba09275606e514a32aa3a4130c460bf115f28bf2402b9b7	port	world/level/block/ObserverBlock.java:103	block-sim/src/main/java/ac/cult/blocksim/behavior/ObserverBehavior.java	
net.minecraft.world.level.block.ObserverBlock	getSignal	BlockState,BlockGetter,BlockPos,Direction	888ef80b54aa9c1a8071870538a847c7e70e1a2c34b8981cfc8499d3eb3378de	port	world/level/block/ObserverBlock.java:108	block-sim/src/main/java/ac/cult/blocksim/behavior/ObserverBehavior.java	
net.minecraft.world.level.block.ObserverBlock	getStateForPlacement	BlockPlaceContext	1636ca67e36ff61c2936400258f75234f748552fbffc2de0929d09bd75872f4f	port	world/level/block/ObserverBlock.java:131	block-sim/src/main/java/ac/cult/blocksim/behavior/ObserverBehavior.java	
net.minecraft.world.level.block.PathBlock	getStateForPlacement	BlockPlaceContext	335b00bc03706254ee82fe6e6901a3ab4d5675adb1f90387f4a6b19eddae17af	port	world/level/block/PathBlock.java:36	block-sim/src/main/java/ac/cult/blocksim/behavior/PathBehavior.java	
net.minecraft.world.level.block.PathBlock	updateShape	BlockState,LevelReader,ScheduledTickAccess,BlockPos,Direction,BlockPos,BlockState,RandomSource	b03ae765e33380269e309d1d26ba2c7ae48d196943a9496535d1760a6bcdcb3a	port	world/level/block/PathBlock.java:43	block-sim/src/main/java/ac/cult/blocksim/behavior/PathBehavior.java	
net.minecraft.world.level.block.PathBlock	canSurvive	BlockState,LevelReader,BlockPos	5c1423fe613e0a87c33b1f84dd8f963325a804a585d195826a90f01d9e4165be	port	world/level/block/PathBlock.java:72	block-sim/src/main/java/ac/cult/blocksim/behavior/PathBehavior.java	
net.minecraft.world.level.block.PathBlock	getShape	BlockState,BlockGetter,BlockPos,CollisionContext	3d9d2c565148801d0f31c596e14675c6c6a339c2dcce8c3c76180de46db25598	port	world/level/block/PathBlock.java:78	block-sim/src/main/java/ac/cult/blocksim/behavior/BlockBehavior.java	Pinned PathBlock.getShape returns a constant, a state-indexed shape, or a block-state delegate; its exact boxes are emitted for every model state by VanillaDataGenerator.evaluate and read from StateFacts. Entity/world-dependent exceptions use separate behavior overrides.
net.minecraft.world.level.block.PiglinWallSkullBlock	getShape	BlockState,BlockGetter,BlockPos,CollisionContext	3968ad83f6910be013d68b7b933caab30630a74bb83248d096866125ff5bb696	port	world/level/block/PiglinWallSkullBlock.java:20	block-sim/src/main/java/ac/cult/blocksim/behavior/BlockBehavior.java	Pinned PiglinWallSkullBlock.getShape returns a constant, a state-indexed shape, or a block-state delegate; its exact boxes are emitted for every model state by VanillaDataGenerator.evaluate and read from StateFacts. Entity/world-dependent exceptions use separate behavior overrides.
net.minecraft.world.level.block.PipeBlock	getShape	BlockState,BlockGetter,BlockPos,CollisionContext	3e21ce4e351a671bf09a0815b0c126bdddae750dee103c86fdc4268521311e6c	port	world/level/block/PipeBlock.java:59	block-sim/src/main/java/ac/cult/blocksim/behavior/BlockBehavior.java	Pinned PipeBlock.getShape returns a constant, a state-indexed shape, or a block-state delegate; its exact boxes are emitted for every model state by VanillaDataGenerator.evaluate and read from StateFacts. Entity/world-dependent exceptions use separate behavior overrides.
net.minecraft.world.level.block.PitcherCropBlock	getStateForPlacement	BlockPlaceContext	a2a089ac37f54321601de7dc69ab248bf69136e9aca3ecd7674ae9dad6500c1e	port	world/level/block/PitcherCropBlock.java:59	block-sim/src/main/java/ac/cult/blocksim/behavior/PitcherCropBehavior.java	
net.minecraft.world.level.block.PitcherCropBlock	getShape	BlockState,BlockGetter,BlockPos,CollisionContext	3e21ce4e351a671bf09a0815b0c126bdddae750dee103c86fdc4268521311e6c	port	world/level/block/PitcherCropBlock.java:64	block-sim/src/main/java/ac/cult/blocksim/behavior/BlockBehavior.java	Pinned PitcherCropBlock.getShape returns a constant, a state-indexed shape, or a block-state delegate; its exact boxes are emitted for every model state by VanillaDataGenerator.evaluate and read from StateFacts. Entity/world-dependent exceptions use separate behavior overrides.
net.minecraft.world.level.block.PitcherCropBlock	getCollisionShape	BlockState,BlockGetter,BlockPos,CollisionContext	5479a26fe36b29d35c537e8059e3637323987a879c417277628ec68053382c11	port	world/level/block/PitcherCropBlock.java:69	block-sim/src/main/java/ac/cult/blocksim/behavior/BlockBehavior.java	Pinned PitcherCropBlock.getCollisionShape returns a constant, a state-indexed shape, or a block-state delegate; its exact boxes are emitted for every model state by VanillaDataGenerator.evaluate and read from StateFacts. Entity/world-dependent exceptions use separate behavior overrides.
net.minecraft.world.level.block.PitcherCropBlock	updateShape	BlockState,LevelReader,ScheduledTickAccess,BlockPos,Direction,BlockPos,BlockState,RandomSource	d04523aa483cc062de54aa3de31d6dcc586eaeae6d9c569ecbfa6d097fc9af34	port	world/level/block/PitcherCropBlock.java:78	block-sim/src/main/java/ac/cult/blocksim/behavior/PitcherCropBehavior.java	
net.minecraft.world.level.block.PitcherCropBlock	canSurvive	BlockState,LevelReader,BlockPos	85a1c7d7c99c1bd4e6625c3681491be96a1a339f7266bbef39345ca0015b5e52	port	world/level/block/PitcherCropBlock.java:96	block-sim/src/main/java/ac/cult/blocksim/behavior/PitcherCropBehavior.java	
net.minecraft.world.level.block.PitcherCropBlock	mayPlaceOn	BlockState,BlockGetter,BlockPos	e03a16815b9470571c82ee0bc0f314f0adc161f89721c5ac3a7c783a7064f90b	port	world/level/block/PitcherCropBlock.java:101	block-sim/src/main/java/ac/cult/blocksim/behavior/PitcherCropBehavior.java	
net.minecraft.world.level.block.PitcherCropBlock	canBeReplaced	BlockState,BlockPlaceContext	2321bc09cbb45126d475c441ad86ed8815b9858c7c335ad00dd0b2494d8ab965	port	world/level/block/PitcherCropBlock.java:121	block-sim/src/main/java/ac/cult/blocksim/behavior/PitcherCropBehavior.java	
net.minecraft.world.level.block.PitcherCropBlock	setPlacedBy	Level,BlockPos,BlockState,LivingEntity,ItemStack	8eb95bcbc154530931e15fc418c8b1fe991095671409552099ea1aa596999ede	port	world/level/block/PitcherCropBlock.java:126	block-sim/src/main/java/ac/cult/blocksim/behavior/PitcherCropBehavior.java	
net.minecraft.world.level.block.PitcherCropBlock	grow	ServerLevel,BlockState,BlockPos,int	86d974d475c71f29d97b4bfe559ad26369098858a37b4d397bf84f79d6951d31	server-only	world/level/block/PitcherCropBlock.java:144		The method requires ServerLevel and performs feature/crop/speleothem growth. Client bonemeal targeting is modeled separately and never executes server growth or world generation.
net.minecraft.world.level.block.PitcherCropBlock	isMaxAge	BlockState	6596b38f7a3f9da2a6d090eb08e68df901045084378691c2eedce63d7fb74da9	port	world/level/block/PitcherCropBlock.java:179	block-sim/src/main/java/ac/cult/blocksim/behavior/BonemealTargets.java	Pitcher bonemeal targeting rejects the lower crop at its generated maximum age of 4 before checking brightness and upper-cell growth space.
net.minecraft.world.level.block.PitcherCropBlock	isValidBonemealTarget	LevelReader,BlockPos,BlockState,BonemealSource	dd88865aeb9cd4bcc51405b35609eccdce137a3a94fa7d56f2aaa2dbbac2253b	port	world/level/block/PitcherCropBlock.java:193	block-sim/src/main/java/ac/cult/blocksim/behavior/BonemealTargets.java	Pinned PitcherCropBlock.isValidBonemealTarget supplies the PLAYER client predicate. The bound target rules cover this family without predicting ServerLevel growth or consumption.
net.minecraft.world.level.block.PotatoBlock	getShape	BlockState,BlockGetter,BlockPos,CollisionContext	cf5dcd71bd34e93616080aa4df8b932312a7e71f3bb833a72e4751493b9644da	port	world/level/block/PotatoBlock.java:24	block-sim/src/main/java/ac/cult/blocksim/behavior/BlockBehavior.java	Pinned PotatoBlock.getShape returns a constant, a state-indexed shape, or a block-state delegate; its exact boxes are emitted for every model state by VanillaDataGenerator.evaluate and read from StateFacts. Entity/world-dependent exceptions use separate behavior overrides.
net.minecraft.world.level.block.PotentSulfurBlock	newBlockEntity	BlockPos,BlockState	8399189d0b04beb7f59e42754497b26e1b821526db233aa44a8d547ea5f5f43e	port	world/level/block/PotentSulfurBlock.java:45	block-sim/src/main/java/ac/cult/blocksim/engine/BlockEntityPrototypes.java	
net.minecraft.world.level.block.PotentSulfurBlock	updateShape	BlockState,LevelReader,ScheduledTickAccess,BlockPos,Direction,BlockPos,BlockState,RandomSource	584fa227126c4cc40eda95735d76ba45d057a70ebfc402bef69d7b7cdc9c1afd	port	world/level/block/PotentSulfurBlock.java:50	block-sim/src/main/java/ac/cult/blocksim/behavior/PotentSulfurBehavior.java	
net.minecraft.world.level.block.PotentSulfurBlock	getStateForPlacement	BlockPlaceContext	581c4406b0edf949675df92b622670f4c5f490ef03f26cfa8253435fb57232ed	port	world/level/block/PotentSulfurBlock.java:64	block-sim/src/main/java/ac/cult/blocksim/behavior/PotentSulfurBehavior.java	
net.minecraft.world.level.block.PotentSulfurBlock	validBlockState	BlockState,LevelReader,BlockPos	8ddb5ceaff8d7ca0ded4b2fccc9dc8648351cda2cacf10cf23f3a0dd9c35b284	port	world/level/block/PotentSulfurBlock.java:69	block-sim/src/main/java/ac/cult/blocksim/behavior/PotentSulfurBehavior.java	
net.minecraft.world.level.block.PotentSulfurBlock	isSourceIfFluid	BlockState	386bfb60c82a3b5627f53e74f8a2aafec54969ef54cb0b1daf347752048b5117	port	world/level/block/PotentSulfurBlock.java:91	block-sim/src/main/java/ac/cult/blocksim/behavior/PotentSulfurBehavior.java	
net.minecraft.world.level.block.PowderSnowBlock	getCollisionShape	BlockState,BlockGetter,BlockPos,CollisionContext	4ca1d6ed5de22f586e59631c590109e9ac7425b82ea64299c82e80382beec851	port	world/level/block/PowderSnowBlock.java:115	block-sim/src/main/java/ac/cult/blocksim/behavior/BlockPickupBehavior.java	Powder snow returns empty for placement/empty or position contexts, the 0.9F-high shape above fallDistance 2.5, and full collision for falling blocks or non-descending supported powder-snow walkers.
net.minecraft.world.level.block.PowderSnowBlock	pickupBlock	LivingEntity,LevelAccessor,BlockPos,BlockState	2cd9eb609b5889e94517801b91e373d56fd5e030f67f2d63e082689cd484f6d5	port	world/level/block/PowderSnowBlock.java:147	block-sim/src/main/java/ac/cult/blocksim/behavior/BlockPickupBehavior.java	
net.minecraft.world.level.block.PoweredBlock	isSignalSource	BlockState	431ca6d2bfbc684210415c1210d58f91e7ad98a300ef06eac2f35066edafa4f9	port	world/level/block/PoweredBlock.java:13	block-sim/src/main/java/ac/cult/blocksim/data/StateFacts.java	Pinned getter returns constant true; VanillaDataGenerator.evaluate captures it as StateFacts.SIGNAL_SOURCE for every state. Shared Signals/BlockBehavior queries consume the generated fact without duplicate family getters.
net.minecraft.world.level.block.PoweredBlock	ownSignal	BlockState,BlockGetter,BlockPos	5c3417e455c33938d7e1e6686e4165a76e4c2d6f2a17cdbabe6eb99a0af225a8	port	world/level/block/PoweredBlock.java:18	block-sim/src/main/java/ac/cult/blocksim/behavior/BasicBlockRules.java	
net.minecraft.world.level.block.PoweredRailBlock	updateState	BlockState,Level,BlockPos,Block	0cde37ee34d9d4792ea63059b247d13060bbb3e8e1a56b05d2f9ddfa8453e2b0	server-only	world/level/block/PoweredRailBlock.java:120		Called only from BaseRailBlock.neighborChanged after its !level.isClientSide guard.
net.minecraft.world.level.block.PressurePlateBlock	getSignalForState	BlockState	63b0f9a21db99967d72defb089090245cc6d8811ce87573b3730898a0d38eef4	port	world/level/block/PressurePlateBlock.java:22	block-sim/src/main/java/ac/cult/blocksim/behavior/BasicBlockRules.java	
net.minecraft.world.level.block.PumpkinBlock	useItemOn	ItemStack,BlockState,Level,BlockPos,Player,InteractionHand,BlockHitResult	fd8220927529d38219fb131e078a8cc636b0a4eccb1eb972726d30d8808a5d64	port	world/level/block/PumpkinBlock.java:28	block-sim/src/main/java/ac/cult/blocksim/behavior/BasicBlockRules.java	
net.minecraft.world.level.block.RailBlock	updateState	BlockState,Level,BlockPos,Block	2c575b996ccce1fda7736082bf1bf740058e6e0a80bfd388032138b5c13bbe29	server-only	world/level/block/RailBlock.java:21		Called only from BaseRailBlock.neighborChanged after its !level.isClientSide guard.
net.minecraft.world.level.block.RailState	connectsTo	RailState	115cd4e4bed64784df563fc6a807f31d7150ca8da32545a7ce2ab811d44260f2	server-only	world/level/block/RailState.java:112		BaseRailBlock.updateDir (BaseRailBlock.java:107) returns before constructing RailState on ClientLevel; DetectorRailBlock.checkPressed is reached through server ticks/entityInside and onPlace; LevelChunk.setBlockState skips onPlace on the client.
net.minecraft.world.level.block.RailState	place	boolean,boolean,RailShape	adf1dbdd7110008594cbdf47f8eb4320f9d3f4c8017bd54fce20780a5ae2afd5	server-only	world/level/block/RailState.java:218		BaseRailBlock.updateDir (BaseRailBlock.java:107) returns before constructing RailState on ClientLevel; DetectorRailBlock.checkPressed is reached through server ticks/entityInside and onPlace; LevelChunk.setBlockState skips onPlace on the client.
net.minecraft.world.level.block.RailState	getState		5cc583d7087c2291a17d2969067c279532b6d9038df26ae98d8381fa7793b97a	server-only	world/level/block/RailState.java:349		BaseRailBlock.updateDir (BaseRailBlock.java:107) returns before constructing RailState on ClientLevel; DetectorRailBlock.checkPressed is reached through server ticks/entityInside and onPlace; LevelChunk.setBlockState skips onPlace on the client.
net.minecraft.world.level.block.RedStoneOreBlock	attack	BlockState,Level,BlockPos,Player	3c3aab20962f3ad1b72e01fe50de88f46fe8bada9746d59cb2e5882307b97769	port	world/level/block/RedStoneOreBlock.java:31	block-sim/src/main/java/ac/cult/blocksim/behavior/RedstoneOreBehavior.java	
net.minecraft.world.level.block.RedStoneOreBlock	useItemOn	ItemStack,BlockState,Level,BlockPos,Player,InteractionHand,BlockHitResult	c5153103073e5dd94c0bfccdca40803f0835535bc796eb04063116d583f58dd5	port	world/level/block/RedStoneOreBlock.java:46	block-sim/src/main/java/ac/cult/blocksim/behavior/RedstoneOreBehavior.java	
net.minecraft.world.level.block.RedStoneOreBlock	interact	BlockState,Level,BlockPos	09b36e7dd7c3b9f6623dcae110fe7d66012be01a2e51ca8b48a90ee7f38d931e	port	world/level/block/RedStoneOreBlock.java:67	block-sim/src/main/java/ac/cult/blocksim/behavior/RedstoneOreBehavior.java	
net.minecraft.world.level.block.RedstoneLampBlock	getStateForPlacement	BlockPlaceContext	3cc67bb989eb50c6884b89ae31193a4e6a1d2732ab275caf56ce75165d6df31f	port	world/level/block/RedstoneLampBlock.java:23	block-sim/src/main/java/ac/cult/blocksim/behavior/BasicBlockRules.java	
net.minecraft.world.level.block.RedstoneLampBlock	neighborChanged	BlockState,Level,BlockPos,Block,Orientation,boolean	0ad7353f6507909cf52db3dca057f8bbd67bad274a52d2fde34d0026ad010576	server-only	world/level/block/RedstoneLampBlock.java:28		
net.minecraft.world.level.block.RedstoneTorchBlock	hasNeighborSignal	Level,BlockPos,BlockState	e7ff13ad4f3754cdaed2b0adcb2c95f36714d5abdbb22ccb912aa3055bff3c3a	server-only	world/level/block/RedstoneTorchBlock.java:56		Pinned RedstoneTorchBlock.java:56-89 uses this query only for tick(ServerLevel,...) and neighborChanged scheduling. Level/ClientLevel neighbor notifications are empty; the wall override only selects the support face for the same server path. Received lit states still supply the separately ported signal queries.
net.minecraft.world.level.block.RedstoneTorchBlock	neighborChanged	BlockState,Level,BlockPos,Block,Orientation,boolean	7a87698aef3b9b47b38fdd989d78432bb501ab9de8ca455ec2d07ebac0d4b467	server-only	world/level/block/RedstoneTorchBlock.java:82		
net.minecraft.world.level.block.RedstoneTorchBlock	getDirectSignal	BlockState,BlockGetter,BlockPos,Direction	c9d8d7b193cc04e6d720d8451e06f9408c74b6d33939b49ea12c51e1fd089cd5	port	world/level/block/RedstoneTorchBlock.java:91	block-sim/src/main/java/ac/cult/blocksim/behavior/BasicBlockRules.java	
net.minecraft.world.level.block.RedstoneTorchBlock	isSignalSource	BlockState	431ca6d2bfbc684210415c1210d58f91e7ad98a300ef06eac2f35066edafa4f9	port	world/level/block/RedstoneTorchBlock.java:96	block-sim/src/main/java/ac/cult/blocksim/data/StateFacts.java	Pinned getter returns constant true; VanillaDataGenerator.evaluate captures it as StateFacts.SIGNAL_SOURCE for every state. Shared Signals/BlockBehavior queries consume the generated fact without duplicate family getters.
net.minecraft.world.level.block.RedstoneTorchBlock	ownSignal	BlockState,BlockGetter,BlockPos	13cc890803705ba65255335572a479b2e27dc0d3799d8d1b352a5ccf1272b556	port	world/level/block/RedstoneTorchBlock.java:101	block-sim/src/main/java/ac/cult/blocksim/behavior/BasicBlockRules.java	
net.minecraft.world.level.block.RedstoneTorchBlock	getSignal	BlockState,BlockGetter,BlockPos,Direction	6da2fee2e200df910b25225a9b8dbb58780365cc0e1e47addb74429c1befd6de	port	world/level/block/RedstoneTorchBlock.java:106	block-sim/src/main/java/ac/cult/blocksim/behavior/BasicBlockRules.java	
net.minecraft.world.level.block.RedstoneWallTorchBlock	getShape	BlockState,BlockGetter,BlockPos,CollisionContext	729b617f421af90094200cf911aedd521275881fc60a73c91ee3e81e06ea9a17	port	world/level/block/RedstoneWallTorchBlock.java:32	block-sim/src/main/java/ac/cult/blocksim/behavior/BlockBehavior.java	Pinned RedstoneWallTorchBlock.getShape returns a constant, a state-indexed shape, or a block-state delegate; its exact boxes are emitted for every model state by VanillaDataGenerator.evaluate and read from StateFacts. Entity/world-dependent exceptions use separate behavior overrides.
net.minecraft.world.level.block.RedstoneWallTorchBlock	canSurvive	BlockState,LevelReader,BlockPos	8186871ffede879f4b296b43b878913989bfe5cfaee26d6a1fa19f3998a1a291	port	world/level/block/RedstoneWallTorchBlock.java:37	block-sim/src/main/java/ac/cult/blocksim/behavior/BasicBlockRules.java	
net.minecraft.world.level.block.RedstoneWallTorchBlock	updateShape	BlockState,LevelReader,ScheduledTickAccess,BlockPos,Direction,BlockPos,BlockState,RandomSource	7ea5268e3387a330fd03ad74cb854bf4c75cf76bc029ffc7dc59b0079f2854d2	port	world/level/block/RedstoneWallTorchBlock.java:42	block-sim/src/main/java/ac/cult/blocksim/behavior/BasicBlockRules.java	
net.minecraft.world.level.block.RedstoneWallTorchBlock	getStateForPlacement	BlockPlaceContext	4391ebfc5a16a501bc9838d261a478e3e73b7b889ee6cbd42d217df7d5c49af6	port	world/level/block/RedstoneWallTorchBlock.java:56	block-sim/src/main/java/ac/cult/blocksim/behavior/BasicBlockRules.java	
net.minecraft.world.level.block.RedstoneWallTorchBlock	hasNeighborSignal	Level,BlockPos,BlockState	a3a3e676e4528998aabe8c5718f0840a73723e77925cfe55891fb7fec7795a3f	server-only	world/level/block/RedstoneWallTorchBlock.java:74		Pinned RedstoneTorchBlock.java:56-89 uses this query only for tick(ServerLevel,...) and neighborChanged scheduling. Level/ClientLevel neighbor notifications are empty; the wall override only selects the support face for the same server path. Received lit states still supply the separately ported signal queries.
net.minecraft.world.level.block.RedstoneWallTorchBlock	getSignal	BlockState,BlockGetter,BlockPos,Direction	ae086c590bf053cb4d39012a277bdfd34360ed1beff54b3c8b45bb7e0a646c79	port	world/level/block/RedstoneWallTorchBlock.java:80	block-sim/src/main/java/ac/cult/blocksim/behavior/BasicBlockRules.java	
net.minecraft.world.level.block.RedstoneWireBlock	getShape	BlockState,BlockGetter,BlockPos,CollisionContext	3e21ce4e351a671bf09a0815b0c126bdddae750dee103c86fdc4268521311e6c	port	world/level/block/RedstoneWireBlock.java:108	block-sim/src/main/java/ac/cult/blocksim/behavior/BlockBehavior.java	Pinned RedstoneWireBlock.getShape returns a constant, a state-indexed shape, or a block-state delegate; its exact boxes are emitted for every model state by VanillaDataGenerator.evaluate and read from StateFacts. Entity/world-dependent exceptions use separate behavior overrides.
net.minecraft.world.level.block.RedstoneWireBlock	getStateForPlacement	BlockPlaceContext	d61d59529c3432a0a0490ad780de9194e52763fd9f78e4cf336f5895315b279b	port	world/level/block/RedstoneWireBlock.java:113	block-sim/src/main/java/ac/cult/blocksim/behavior/RedstoneWireBehavior.java	
net.minecraft.world.level.block.RedstoneWireBlock	getConnectionState	BlockGetter,BlockState,BlockPos	528d2f80a1eba5db004c1470dcd0660fae46701b31bde9eb4ab707e952482a96	port	world/level/block/RedstoneWireBlock.java:118	block-sim/src/main/java/ac/cult/blocksim/behavior/RedstoneWireBehavior.java	
net.minecraft.world.level.block.RedstoneWireBlock	getMissingConnections	BlockGetter,BlockState,BlockPos	06bf74d318ec421493ab6556053741b9d5e4a3d3c5cbd4e708fd833bede4586a	port	world/level/block/RedstoneWireBlock.java:150	block-sim/src/main/java/ac/cult/blocksim/behavior/RedstoneWireBehavior.java	
net.minecraft.world.level.block.RedstoneWireBlock	updateShape	BlockState,LevelReader,ScheduledTickAccess,BlockPos,Direction,BlockPos,BlockState,RandomSource	eb76a3e7a76b7b13b37b7eacabe07ce3eef44ceda1f7f7d94c92346f2ef7b828	port	world/level/block/RedstoneWireBlock.java:163	block-sim/src/main/java/ac/cult/blocksim/behavior/RedstoneWireBehavior.java	
net.minecraft.world.level.block.RedstoneWireBlock	isCross	BlockState	37edcc61ca4c109da197bdaff40553ee02057d7137d9ce26e56481361f2da1be	port	world/level/block/RedstoneWireBlock.java:190	block-sim/src/main/java/ac/cult/blocksim/behavior/RedstoneWireBehavior.java	
net.minecraft.world.level.block.RedstoneWireBlock	isDot	BlockState	4ab032f6641c436bc9bc9df0d0eb1ee588329db2c05e6ba07abc43edec075219	port	world/level/block/RedstoneWireBlock.java:197	block-sim/src/main/java/ac/cult/blocksim/behavior/RedstoneWireBehavior.java	
net.minecraft.world.level.block.RedstoneWireBlock	updateIndirectNeighbourShapes	BlockState,LevelAccessor,BlockPos,int,int	ccf13d44d0947d8d1b727f7b5d0e87d3ff1441d20ff9b9c96b0e86cd5111efba	port	world/level/block/RedstoneWireBlock.java:204	block-sim/src/main/java/ac/cult/blocksim/behavior/RedstoneWireBehavior.java	
net.minecraft.world.level.block.RedstoneWireBlock	getConnectingSide	BlockGetter,BlockPos,Direction	4de10d22244f0a4fb224ff6184b0347682b0e9c1cdd0f64410c7e0fac3fe00de	port	world/level/block/RedstoneWireBlock.java:230	block-sim/src/main/java/ac/cult/blocksim/behavior/RedstoneWireBehavior.java	
net.minecraft.world.level.block.RedstoneWireBlock	getConnectingSide	BlockGetter,BlockPos,Direction,boolean	644bd9ed443cb99ba18c4508418f3dfca0af5d3d3bd891171fca84eb535b0609	port	world/level/block/RedstoneWireBlock.java:234	block-sim/src/main/java/ac/cult/blocksim/behavior/RedstoneWireBehavior.java	
net.minecraft.world.level.block.RedstoneWireBlock	canSurvive	BlockState,LevelReader,BlockPos	e589db6c13a3d6fc07fd2aae028b0c77471feb0905e360963a2a76402a45160f	port	world/level/block/RedstoneWireBlock.java:254	block-sim/src/main/java/ac/cult/blocksim/behavior/RedstoneWireBehavior.java	
net.minecraft.world.level.block.RedstoneWireBlock	canSurviveOn	BlockGetter,BlockPos,BlockState	04b2e8a418f8e192b04ee29b015eeebe91cc9d3e72bd4ccea77a176dc99b9489	port	world/level/block/RedstoneWireBlock.java:261	block-sim/src/main/java/ac/cult/blocksim/behavior/RedstoneWireBehavior.java	
net.minecraft.world.level.block.RedstoneWireBlock	neighborChanged	BlockState,Level,BlockPos,Block,Orientation,boolean	3f5d2174bd25529909ec3130d6b89e81bbfe882bb2e146ec5f1234058bc4ee7e	server-only	world/level/block/RedstoneWireBlock.java:336		
net.minecraft.world.level.block.RedstoneWireBlock	getDirectSignal	BlockState,BlockGetter,BlockPos,Direction	ede711fa58d3ce55a66c4d79368348df4bd056c4271ca5e9e0bb19d4a7b2b8af	port	world/level/block/RedstoneWireBlock.java:356	block-sim/src/main/java/ac/cult/blocksim/behavior/RedstoneWireBehavior.java	
net.minecraft.world.level.block.RedstoneWireBlock	getSignal	BlockState,BlockGetter,BlockPos,Direction	9d73e1405d9339db931740c8367234b0c327a93b6426152ed7c3b69ab01b5817	port	world/level/block/RedstoneWireBlock.java:361	block-sim/src/main/java/ac/cult/blocksim/behavior/RedstoneWireBehavior.java	
net.minecraft.world.level.block.RedstoneWireBlock	ownSignal	BlockState,BlockGetter,BlockPos	9e4f654859f4049ec85dd7904d7d29534b6097c0771a3345bf952137b405d986	port	world/level/block/RedstoneWireBlock.java:378	block-sim/src/main/java/ac/cult/blocksim/behavior/RedstoneWireBehavior.java	
net.minecraft.world.level.block.RedstoneWireBlock	shouldRedstoneWireConnectTo	BlockState,BlockGetter,BlockPos,Direction	431ca6d2bfbc684210415c1210d58f91e7ad98a300ef06eac2f35066edafa4f9	port	world/level/block/RedstoneWireBlock.java:383	block-sim/src/main/java/ac/cult/blocksim/behavior/RedstoneWireBehavior.java	
net.minecraft.world.level.block.RedstoneWireBlock	shouldConnectTo	BlockGetter,BlockPos	126f9f7d591fd38ee0bff13e88ade1c1bd7d3d3447f9967a885c9dd842d9c584	port	world/level/block/RedstoneWireBlock.java:388	block-sim/src/main/java/ac/cult/blocksim/behavior/RedstoneWireBehavior.java	
net.minecraft.world.level.block.RedstoneWireBlock	shouldConnectTo	BlockState,BlockGetter,BlockPos,Direction	4ac5447129f9a9652b448cb2cf263794366000961231d2b7f46cba42fea33e42	port	world/level/block/RedstoneWireBlock.java:392	block-sim/src/main/java/ac/cult/blocksim/behavior/RedstoneWireBehavior.java	
net.minecraft.world.level.block.RedstoneWireBlock	isSignalSource	BlockState	ea169b2fbe80ea37af3e8690c06e5048da8f835ca795a90eb7ebc235ab641a7c	port	world/level/block/RedstoneWireBlock.java:396	block-sim/src/main/java/ac/cult/blocksim/data/StateFacts.java	Generated SIGNAL_SOURCE captures shouldSignal=true for the client. Temporary suppression in getBlockSignal is used only by wire evaluators reached through !level.isClientSide onPlace/neighborChanged branches; client signal/connection queries retain the generated flag.
net.minecraft.world.level.block.RedstoneWireBlock	useWithoutItem	BlockState,Level,BlockPos,Player,BlockHitResult	88fc6b29cf69bd6354de4d07946fe6bfb86ca272bad9bffc5ff4a0a5f2f77ca4	port	world/level/block/RedstoneWireBlock.java:482	block-sim/src/main/java/ac/cult/blocksim/behavior/RedstoneWireBehavior.java	
net.minecraft.world.level.block.RepeaterBlock	useWithoutItem	BlockState,Level,BlockPos,Player,BlockHitResult	bd1bf2f1d0e17d9496b0c72ef9e4a3f50e64c595fd56414164271a051104207d	port	world/level/block/RepeaterBlock.java:34	block-sim/src/main/java/ac/cult/blocksim/behavior/RepeaterBehavior.java	
net.minecraft.world.level.block.RepeaterBlock	getStateForPlacement	BlockPlaceContext	9faa35f57d599fcff2079fe46a2f262fec16b807cf5a9b31874616d1ec9ccf30	port	world/level/block/RepeaterBlock.java:51	block-sim/src/main/java/ac/cult/blocksim/behavior/RepeaterBehavior.java	
net.minecraft.world.level.block.RepeaterBlock	updateShape	BlockState,LevelReader,ScheduledTickAccess,BlockPos,Direction,BlockPos,BlockState,RandomSource	7288aa49ee60af8e762e7c0c23ecce0f00a1fea3c98a3d197cfdf39eb32accd4	port	world/level/block/RepeaterBlock.java:57	block-sim/src/main/java/ac/cult/blocksim/behavior/RepeaterBehavior.java	
net.minecraft.world.level.block.RepeaterBlock	shouldRedstoneWireConnectTo	BlockState,BlockGetter,BlockPos,Direction	016f0efdda13c0deb42e1a22bc720154d246e0ac895e9c2eca82f363cc1cccf2	port	world/level/block/RepeaterBlock.java:77	block-sim/src/main/java/ac/cult/blocksim/behavior/RepeaterBehavior.java	
net.minecraft.world.level.block.RepeaterBlock	isLocked	LevelReader,BlockPos,BlockState	f91f629a61340be3409ab532801050d1d92fb04d31a7b8dbf641f3be69c2644c	port	world/level/block/RepeaterBlock.java:83	block-sim/src/main/java/ac/cult/blocksim/behavior/RepeaterBehavior.java	
net.minecraft.world.level.block.RespawnAnchorBlock	useItemOn	ItemStack,BlockState,Level,BlockPos,Player,InteractionHand,BlockHitResult	cc7b127d86f77d1ac22ed0cff5ffdfcc9cb012a60540152f92a2931bdee4ece9	port	world/level/block/RespawnAnchorBlock.java:73	block-sim/src/main/java/ac/cult/blocksim/behavior/RespawnAnchorBehavior.java	
net.minecraft.world.level.block.RespawnAnchorBlock	useWithoutItem	BlockState,Level,BlockPos,Player,BlockHitResult	05adaedd189b27eedf28ff93ea2f954ef0d2957c3b51f0c55f333c6833344e9e	port	world/level/block/RespawnAnchorBlock.java:94	block-sim/src/main/java/ac/cult/blocksim/behavior/RespawnAnchorBehavior.java	
net.minecraft.world.level.block.RespawnAnchorBlock	hasAnalogOutputSignal	BlockState	431ca6d2bfbc684210415c1210d58f91e7ad98a300ef06eac2f35066edafa4f9	port	world/level/block/RespawnAnchorBlock.java:202	block-sim/src/main/java/ac/cult/blocksim/engine/AnalogSignals.java	Pinned RespawnAnchorBlock.hasAnalogOutputSignal is represented by generated family binding and compensated state/entity/container fields. Client-only zero results and server-only heart output updates are preserved.
net.minecraft.world.level.block.RespawnAnchorBlock	getAnalogOutputSignal	BlockState,Level,BlockPos,Direction	e7f0bea161cd7bf22775c53067741f2a62ae9693f9ed974fcaa766495098b6c9	port	world/level/block/RespawnAnchorBlock.java:211	block-sim/src/main/java/ac/cult/blocksim/engine/AnalogSignals.java	Pinned RespawnAnchorBlock.getAnalogOutputSignal is represented by generated family binding and compensated state/entity/container fields. Client-only zero results and server-only heart output updates are preserved.
net.minecraft.world.level.block.RodBlock	getShape	BlockState,BlockGetter,BlockPos,CollisionContext	0126f7f22a0d338f695f67d7a5089a2399759a008d2cf30201a9c4165cac9dff	port	world/level/block/RodBlock.java:21	block-sim/src/main/java/ac/cult/blocksim/behavior/BlockBehavior.java	Pinned RodBlock.getShape returns a constant, a state-indexed shape, or a block-state delegate; its exact boxes are emitted for every model state by VanillaDataGenerator.evaluate and read from StateFacts. Entity/world-dependent exceptions use separate behavior overrides.
net.minecraft.world.level.block.RootedDirtBlock	isValidBonemealTarget	LevelReader,BlockPos,BlockState,BonemealSource	f92c0d0547ece0f512226dc1f9cab6d1915f85138f1de21a67283779aaed6631	port	world/level/block/RootedDirtBlock.java:16	block-sim/src/main/java/ac/cult/blocksim/behavior/BonemealTargets.java	Pinned RootedDirtBlock.isValidBonemealTarget supplies the PLAYER client predicate. The bound target rules cover this family without predicting ServerLevel growth or consumption.
net.minecraft.world.level.block.RotatedPillarBlock	getStateForPlacement	BlockPlaceContext	0ca66175b0f6b46b042c5e3eedb9967320a0772fd6c2cbebc868ba7bc47f1fdf	port	world/level/block/RotatedPillarBlock.java:46	block-sim/src/main/java/ac/cult/blocksim/behavior/BasicBlockRules.java	
net.minecraft.world.level.block.SaplingBlock	getShape	BlockState,BlockGetter,BlockPos,CollisionContext	3d9d2c565148801d0f31c596e14675c6c6a339c2dcce8c3c76180de46db25598	port	world/level/block/SaplingBlock.java:31	block-sim/src/main/java/ac/cult/blocksim/behavior/BlockBehavior.java	Pinned SaplingBlock.getShape returns a constant, a state-indexed shape, or a block-state delegate; its exact boxes are emitted for every model state by VanillaDataGenerator.evaluate and read from StateFacts. Entity/world-dependent exceptions use separate behavior overrides.
net.minecraft.world.level.block.SaplingBlock	isValidBonemealTarget	LevelReader,BlockPos,BlockState,BonemealSource	6e0caacb0126442d61b97019f70c738a0a74d2757c77df5d723285e62b82d8c3	port	world/level/block/SaplingBlock.java:51	block-sim/src/main/java/ac/cult/blocksim/behavior/BonemealTargets.java	Pinned SaplingBlock.isValidBonemealTarget supplies the PLAYER client predicate. The bound target rules cover this family without predicting ServerLevel growth or consumption.
net.minecraft.world.level.block.ScaffoldingBlock	getShape	BlockState,BlockGetter,BlockPos,CollisionContext	b380ef205e708b666cdd1dd5f04423bde8ed27782ec7d5e2c0c946979ec03818	port	world/level/block/ScaffoldingBlock.java:51	block-sim/src/main/java/ac/cult/blocksim/behavior/ScaffoldingBehavior.java	
net.minecraft.world.level.block.ScaffoldingBlock	getInteractionShape	BlockState,BlockGetter,BlockPos	8501ba402b348035ef9db4f0d923752161f1348d592612f385efe4553d5ee5ed	port	world/level/block/ScaffoldingBlock.java:60	block-sim/src/main/java/ac/cult/blocksim/behavior/BlockBehavior.java	
net.minecraft.world.level.block.ScaffoldingBlock	canBeReplaced	BlockState,BlockPlaceContext	092a557e0a89b2e407763c26cd4a11569a0bbed4890d9542b701f50c1ec36b70	port	world/level/block/ScaffoldingBlock.java:65	block-sim/src/main/java/ac/cult/blocksim/behavior/ScaffoldingBehavior.java	
net.minecraft.world.level.block.ScaffoldingBlock	getStateForPlacement	BlockPlaceContext	cdc7bd1a21b44b97ffede3df1e44ba8fac97e213bd78a5d5ca42dfc913268a08	port	world/level/block/ScaffoldingBlock.java:70	block-sim/src/main/java/ac/cult/blocksim/behavior/ScaffoldingBehavior.java	
net.minecraft.world.level.block.ScaffoldingBlock	updateShape	BlockState,LevelReader,ScheduledTickAccess,BlockPos,Direction,BlockPos,BlockState,RandomSource	09fb2cc1c0871fe8877999f03c6928d518473e7626e9d9ced35f3cd0115cb36d	port	world/level/block/ScaffoldingBlock.java:88	block-sim/src/main/java/ac/cult/blocksim/behavior/BlockBehavior.java	
net.minecraft.world.level.block.ScaffoldingBlock	canSurvive	BlockState,LevelReader,BlockPos	8f2f8972cf6cb79d7b69edf11157a6c4deaf8cedbb79e9552be50e13da4519b2	port	world/level/block/ScaffoldingBlock.java:125	block-sim/src/main/java/ac/cult/blocksim/behavior/ScaffoldingBehavior.java	
net.minecraft.world.level.block.ScaffoldingBlock	getCollisionShape	BlockState,BlockGetter,BlockPos,CollisionContext	4ecd214419746924b461b8b6dc76e405c79b9f380091c2e60336793b8206856b	port	world/level/block/ScaffoldingBlock.java:130	block-sim/src/main/java/ac/cult/blocksim/behavior/ScaffoldingBehavior.java	ScaffoldingBlock.getCollisionShape checks placement, isAbove and descending; stable posts/top or the 2/16 bottom plate are selected from compensated entity facts.
net.minecraft.world.level.block.ScaffoldingBlock	getFluidState	BlockState	c7a0e8cf0670c937b327030415a9080e6908ec9b883e0dedc4af7d9b3620c737	port	world/level/block/ScaffoldingBlock.java:143	block-sim/src/main/java/ac/cult/blocksim/engine/SimFluidState.java	Pinned ScaffoldingBlock.getFluidState is a state-only source/waterlogged/LiquidBlock cache lookup. Generated StateFacts retain type, amount, falling flag, source flag and legacy state for every model ID.
net.minecraft.world.level.block.ScaffoldingBlock	isBottom	BlockGetter,BlockPos,int	d28f33eca58934a606c7807f93d19f45bbd82e90120b5d06e535ff9b8a4a30b1	port	world/level/block/ScaffoldingBlock.java:148	block-sim/src/main/java/ac/cult/blocksim/behavior/ScaffoldingBehavior.java	
net.minecraft.world.level.block.ScaffoldingBlock	getDistance	BlockGetter,BlockPos	88fdd42d1d88c15333508eef4b228aeb293d7a767015bada847982292f709259	port	world/level/block/ScaffoldingBlock.java:152	block-sim/src/main/java/ac/cult/blocksim/behavior/ScaffoldingBehavior.java	
net.minecraft.world.level.block.SculkCatalystBlock	newBlockEntity	BlockPos,BlockState	3aa7f71e245c3b1cb2e0e5812b0e5acd78618ecd14fea0c021f2db801feff77d	port	world/level/block/SculkCatalystBlock.java:43	block-sim/src/main/java/ac/cult/blocksim/engine/BlockEntityPrototypes.java	
net.minecraft.world.level.block.SculkSensorBlock	getStateForPlacement	BlockPlaceContext	b8c40cdc29198d514cf6ffd5bd6a150ba988500ef3feadc62d7c8cccbf7b7d90	port	world/level/block/SculkSensorBlock.java:66	block-sim/src/main/java/ac/cult/blocksim/behavior/SculkSensorBehavior.java	
net.minecraft.world.level.block.SculkSensorBlock	getFluidState	BlockState	c7a0e8cf0670c937b327030415a9080e6908ec9b883e0dedc4af7d9b3620c737	port	world/level/block/SculkSensorBlock.java:73	block-sim/src/main/java/ac/cult/blocksim/engine/SimFluidState.java	Pinned SculkSensorBlock.getFluidState is a state-only source/waterlogged/LiquidBlock cache lookup. Generated StateFacts retain type, amount, falling flag, source flag and legacy state for every model ID.
net.minecraft.world.level.block.SculkSensorBlock	updateShape	BlockState,LevelReader,ScheduledTickAccess,BlockPos,Direction,BlockPos,BlockState,RandomSource	cd735ff51720eba3ff2a816c2afb7edbf4cbad724d36eeb720fa276d61234d45	port	world/level/block/SculkSensorBlock.java:122	block-sim/src/main/java/ac/cult/blocksim/behavior/SculkSensorBehavior.java	
net.minecraft.world.level.block.SculkSensorBlock	newBlockEntity	BlockPos,BlockState	c7c105b8548ea4b88bd5bf5e8777efc2e50584fd4aacbc4c7aedb6ba3eb2b12b	port	world/level/block/SculkSensorBlock.java:146	block-sim/src/main/java/ac/cult/blocksim/engine/BlockEntityPrototypes.java	
net.minecraft.world.level.block.SculkSensorBlock	getShape	BlockState,BlockGetter,BlockPos,CollisionContext	3d9d2c565148801d0f31c596e14675c6c6a339c2dcce8c3c76180de46db25598	port	world/level/block/SculkSensorBlock.java:162	block-sim/src/main/java/ac/cult/blocksim/behavior/BlockBehavior.java	Pinned SculkSensorBlock.getShape returns a constant, a state-indexed shape, or a block-state delegate; its exact boxes are emitted for every model state by VanillaDataGenerator.evaluate and read from StateFacts. Entity/world-dependent exceptions use separate behavior overrides.
net.minecraft.world.level.block.SculkSensorBlock	isSignalSource	BlockState	431ca6d2bfbc684210415c1210d58f91e7ad98a300ef06eac2f35066edafa4f9	port	world/level/block/SculkSensorBlock.java:167	block-sim/src/main/java/ac/cult/blocksim/data/StateFacts.java	Pinned getter returns constant true; VanillaDataGenerator.evaluate captures it as StateFacts.SIGNAL_SOURCE for every state. Shared Signals/BlockBehavior queries consume the generated fact without duplicate family getters.
net.minecraft.world.level.block.SculkSensorBlock	ownSignal	BlockState,BlockGetter,BlockPos	9e4f654859f4049ec85dd7904d7d29534b6097c0771a3345bf952137b405d986	port	world/level/block/SculkSensorBlock.java:172	block-sim/src/main/java/ac/cult/blocksim/behavior/SculkSensorBehavior.java	
net.minecraft.world.level.block.SculkSensorBlock	getDirectSignal	BlockState,BlockGetter,BlockPos,Direction	4b7583dda0fad71f9704dde33cf28faccc7203c928eeba408912e9416f8dd0e6	port	world/level/block/SculkSensorBlock.java:177	block-sim/src/main/java/ac/cult/blocksim/behavior/SculkSensorBehavior.java	
net.minecraft.world.level.block.SculkSensorBlock	hasAnalogOutputSignal	BlockState	431ca6d2bfbc684210415c1210d58f91e7ad98a300ef06eac2f35066edafa4f9	port	world/level/block/SculkSensorBlock.java:259	block-sim/src/main/java/ac/cult/blocksim/engine/AnalogSignals.java	Pinned SculkSensorBlock.hasAnalogOutputSignal is represented by generated family binding and compensated state/entity/container fields. Client-only zero results and server-only heart output updates are preserved.
net.minecraft.world.level.block.SculkSensorBlock	getAnalogOutputSignal	BlockState,Level,BlockPos,Direction	2f911db3ebec7690e32f2e1f5dab87f7fcdedcf1c3e7a910d0372043e03b6abd	port	world/level/block/SculkSensorBlock.java:264	block-sim/src/main/java/ac/cult/blocksim/engine/AnalogSignals.java	Pinned SculkSensorBlock.getAnalogOutputSignal is represented by generated family binding and compensated state/entity/container fields. Client-only zero results and server-only heart output updates are preserved.
net.minecraft.world.level.block.SculkShriekerBlock	getCollisionShape	BlockState,BlockGetter,BlockPos,CollisionContext	65416f026dd72039411b30cd0efea4d78b3ff6e25dd134922f24845791d29533	port	world/level/block/SculkShriekerBlock.java:72	block-sim/src/main/java/ac/cult/blocksim/behavior/BlockBehavior.java	Pinned SculkShriekerBlock.getCollisionShape returns a constant, a state-indexed shape, or a block-state delegate; its exact boxes are emitted for every model state by VanillaDataGenerator.evaluate and read from StateFacts. Entity/world-dependent exceptions use separate behavior overrides.
net.minecraft.world.level.block.SculkShriekerBlock	newBlockEntity	BlockPos,BlockState	c68c9d29b71fc5e7a67008b010f2d82a390d6c281a71a3059c9ec507d66daba2	port	world/level/block/SculkShriekerBlock.java:87	block-sim/src/main/java/ac/cult/blocksim/engine/BlockEntityPrototypes.java	
net.minecraft.world.level.block.SculkShriekerBlock	updateShape	BlockState,LevelReader,ScheduledTickAccess,BlockPos,Direction,BlockPos,BlockState,RandomSource	cd735ff51720eba3ff2a816c2afb7edbf4cbad724d36eeb720fa276d61234d45	port	world/level/block/SculkShriekerBlock.java:92	block-sim/src/main/java/ac/cult/blocksim/behavior/BasicBlockRules.java	
net.minecraft.world.level.block.SculkShriekerBlock	getStateForPlacement	BlockPlaceContext	68611ecf0f0fa1e482519db729642c01b450110d6e08e40ef1a5204518aeb505	port	world/level/block/SculkShriekerBlock.java:110	block-sim/src/main/java/ac/cult/blocksim/behavior/BasicBlockRules.java	
net.minecraft.world.level.block.SculkShriekerBlock	getFluidState	BlockState	c7a0e8cf0670c937b327030415a9080e6908ec9b883e0dedc4af7d9b3620c737	port	world/level/block/SculkShriekerBlock.java:115	block-sim/src/main/java/ac/cult/blocksim/engine/SimFluidState.java	Pinned SculkShriekerBlock.getFluidState is a state-only source/waterlogged/LiquidBlock cache lookup. Generated StateFacts retain type, amount, falling flag, source flag and legacy state for every model ID.
net.minecraft.world.level.block.SeaPickleBlock	getStateForPlacement	BlockPlaceContext	caddab336496f3ec2a09e20a2cfc7034f0de1fb05de16641261e04372ef92c30	port	world/level/block/SeaPickleBlock.java:40	block-sim/src/main/java/ac/cult/blocksim/behavior/VegetationBehavior.java	
net.minecraft.world.level.block.SeaPickleBlock	mayPlaceOn	BlockState,BlockGetter,BlockPos	1baa6aaeccbfcc1acb0f8f2bc7496c0bef499d8febc3531dc8e805e3fe38b50e	port	world/level/block/SeaPickleBlock.java:56	block-sim/src/main/java/ac/cult/blocksim/behavior/VegetationBehavior.java	
net.minecraft.world.level.block.SeaPickleBlock	canSurvive	BlockState,LevelReader,BlockPos	ba0bb75efb7b0bcec9ac30068a1ccf19e9f3a331aef9412d7e40ac6cf0c13fce	port	world/level/block/SeaPickleBlock.java:61	block-sim/src/main/java/ac/cult/blocksim/behavior/VegetationBehavior.java	
net.minecraft.world.level.block.SeaPickleBlock	updateShape	BlockState,LevelReader,ScheduledTickAccess,BlockPos,Direction,BlockPos,BlockState,RandomSource	22603e91cdf50a8606167f851c2ded2d809cfb53ced1aedba9525f62a2418a75	port	world/level/block/SeaPickleBlock.java:67	block-sim/src/main/java/ac/cult/blocksim/behavior/VegetationBehavior.java	
net.minecraft.world.level.block.SeaPickleBlock	canBeReplaced	BlockState,BlockPlaceContext	ab9407d6d03673e3d61f6bf1ecc2ef467ba4d53f3f0ff9325f5ee314fc3c99f1	port	world/level/block/SeaPickleBlock.java:89	block-sim/src/main/java/ac/cult/blocksim/behavior/VegetationBehavior.java	
net.minecraft.world.level.block.SeaPickleBlock	getShape	BlockState,BlockGetter,BlockPos,CollisionContext	df7d926a5fd70cb0ed69b58e9ff6cdc8b6b310b62648f679d70e2c2b5d9d4d88	port	world/level/block/SeaPickleBlock.java:96	block-sim/src/main/java/ac/cult/blocksim/behavior/BlockBehavior.java	Pinned SeaPickleBlock.getShape returns a constant, a state-indexed shape, or a block-state delegate; its exact boxes are emitted for every model state by VanillaDataGenerator.evaluate and read from StateFacts. Entity/world-dependent exceptions use separate behavior overrides.
net.minecraft.world.level.block.SeaPickleBlock	getFluidState	BlockState	c7a0e8cf0670c937b327030415a9080e6908ec9b883e0dedc4af7d9b3620c737	port	world/level/block/SeaPickleBlock.java:106	block-sim/src/main/java/ac/cult/blocksim/engine/SimFluidState.java	Pinned SeaPickleBlock.getFluidState is a state-only source/waterlogged/LiquidBlock cache lookup. Generated StateFacts retain type, amount, falling flag, source flag and legacy state for every model ID.
net.minecraft.world.level.block.SeaPickleBlock	isValidBonemealTarget	LevelReader,BlockPos,BlockState,BonemealSource	1cd111b84cda5df6f2b2a609075b6441ed57d39cfb11ae77374be4616aa7942f	port	world/level/block/SeaPickleBlock.java:116	block-sim/src/main/java/ac/cult/blocksim/behavior/BonemealTargets.java	Pinned SeaPickleBlock.isValidBonemealTarget supplies the PLAYER client predicate. The bound target rules cover this family without predicting ServerLevel growth or consumption.
net.minecraft.world.level.block.SeagrassBlock	getShape	BlockState,BlockGetter,BlockPos,CollisionContext	3d9d2c565148801d0f31c596e14675c6c6a339c2dcce8c3c76180de46db25598	port	world/level/block/SeagrassBlock.java:33	block-sim/src/main/java/ac/cult/blocksim/behavior/BlockBehavior.java	Pinned SeagrassBlock.getShape returns a constant, a state-indexed shape, or a block-state delegate; its exact boxes are emitted for every model state by VanillaDataGenerator.evaluate and read from StateFacts. Entity/world-dependent exceptions use separate behavior overrides.
net.minecraft.world.level.block.SeagrassBlock	mayPlaceOn	BlockState,BlockGetter,BlockPos	13b40a884d5bc4e7c579a3683f85e27bf2c71f54801262c27ec719844581fd6f	port	world/level/block/SeagrassBlock.java:38	block-sim/src/main/java/ac/cult/blocksim/behavior/VegetationBehavior.java	
net.minecraft.world.level.block.SeagrassBlock	getStateForPlacement	BlockPlaceContext	38115a7c4875e625ace09940a68c72ea4e5eab73916e6f29e1174635bff06f30	port	world/level/block/SeagrassBlock.java:43	block-sim/src/main/java/ac/cult/blocksim/behavior/VegetationBehavior.java	
net.minecraft.world.level.block.SeagrassBlock	updateShape	BlockState,LevelReader,ScheduledTickAccess,BlockPos,Direction,BlockPos,BlockState,RandomSource	1ebaa58481dc09012c3c1e4ef04cfbc8d365bc53c802d4b0c40dc16989dc0e75	port	world/level/block/SeagrassBlock.java:49	block-sim/src/main/java/ac/cult/blocksim/behavior/VegetationBehavior.java	
net.minecraft.world.level.block.SeagrassBlock	isValidBonemealTarget	LevelReader,BlockPos,BlockState,BonemealSource	c4cc8ee4207f0c677269e807d228b8ef3f86e47ee081cb472e515f6b4a998334	port	world/level/block/SeagrassBlock.java:68	block-sim/src/main/java/ac/cult/blocksim/behavior/BonemealTargets.java	Pinned SeagrassBlock.isValidBonemealTarget supplies the PLAYER client predicate. The bound target rules cover this family without predicting ServerLevel growth or consumption.
net.minecraft.world.level.block.SeagrassBlock	getFluidState	BlockState	b5a4383c0a02b8c9b03037b23a17c7f6ca45f498a2a0c9b2eb09df3f18c1298b	port	world/level/block/SeagrassBlock.java:78	block-sim/src/main/java/ac/cult/blocksim/engine/SimFluidState.java	Pinned SeagrassBlock.getFluidState is a state-only source/waterlogged/LiquidBlock cache lookup. Generated StateFacts retain type, amount, falling flag, source flag and legacy state for every model ID.
net.minecraft.world.level.block.SeagrassBlock	canPlaceLiquid	LivingEntity,BlockGetter,BlockPos,BlockState,Fluid	2321bc09cbb45126d475c441ad86ed8815b9858c7c335ad00dd0b2494d8ab965	port	world/level/block/SeagrassBlock.java:92	block-sim/src/main/java/ac/cult/blocksim/behavior/VegetationBehavior.java	
net.minecraft.world.level.block.SeagrassBlock	placeLiquid	LevelAccessor,BlockPos,BlockState,FluidState	2321bc09cbb45126d475c441ad86ed8815b9858c7c335ad00dd0b2494d8ab965	port	world/level/block/SeagrassBlock.java:97	block-sim/src/main/java/ac/cult/blocksim/behavior/VegetationBehavior.java	
net.minecraft.world.level.block.SegmentableBlock	canBeReplaced	BlockState,BlockPlaceContext,IntegerProperty	45a17885bd13a5f18467e4bea92cecf4600c4a6c31bb0b64630e88a36979b18a	port	world/level/block/SegmentableBlock.java:43	block-sim/src/main/java/ac/cult/blocksim/behavior/SegmentablePlacement.java	
net.minecraft.world.level.block.SegmentableBlock	getStateForPlacement	BlockPlaceContext,Block,IntegerProperty,EnumProperty<Direction>	aea8c8d2b2a9e293d3459875119b2c7409389a39415129d841c046c796b684b7	port	world/level/block/SegmentableBlock.java:47	block-sim/src/main/java/ac/cult/blocksim/behavior/SegmentablePlacement.java	
net.minecraft.world.level.block.SelectableSlotContainer	getHitSlot	BlockHitResult,Direction	73da1c3421375aed390df037e11d82d37c8fac44a4fa50c1ca028d640f46453f	port	world/level/block/SelectableSlotContainer.java:17	block-sim/src/main/java/ac/cult/blocksim/behavior/SlotContainerUse.java	
net.minecraft.world.level.block.SelectableSlotContainer	getRelativeHitCoordinatesForBlockFace	BlockHitResult,Direction	0a60019d3a6c967f0d3c6cd6ecc1fb30ed4a5307a52a98f86f026dac6f418023	port	world/level/block/SelectableSlotContainer.java:25	block-sim/src/main/java/ac/cult/blocksim/behavior/SlotContainerUse.java	
net.minecraft.world.level.block.SelectableSlotContainer	getSection	float,int	bf8a32d9067902b28ab65cbc734aa0607f5f21e76b404cb439bac34ae77aa8f1	port	world/level/block/SelectableSlotContainer.java:46	block-sim/src/main/java/ac/cult/blocksim/behavior/SlotContainerUse.java	
net.minecraft.world.level.block.ShelfBlock	getShape	BlockState,BlockGetter,BlockPos,CollisionContext	3968ad83f6910be013d68b7b933caab30630a74bb83248d096866125ff5bb696	port	world/level/block/ShelfBlock.java:70	block-sim/src/main/java/ac/cult/blocksim/behavior/BlockBehavior.java	Pinned ShelfBlock.getShape returns a constant, a state-indexed shape, or a block-state delegate; its exact boxes are emitted for every model state by VanillaDataGenerator.evaluate and read from StateFacts. Entity/world-dependent exceptions use separate behavior overrides.
net.minecraft.world.level.block.ShelfBlock	newBlockEntity	BlockPos,BlockState	336aee68e76df6da301c672469956cbaffbbe42531ce3860c3c6e0aa2dbb0cb3	port	world/level/block/ShelfBlock.java:85	block-sim/src/main/java/ac/cult/blocksim/engine/BlockEntityPrototypes.java	
net.minecraft.world.level.block.ShelfBlock	neighborChanged	BlockState,Level,BlockPos,Block,Orientation,boolean	7742c48e8232c7be44f29fa3ad3077f335b83559f1460bdec3d0a3f8c6fb065b	server-only	world/level/block/ShelfBlock.java:101		
net.minecraft.world.level.block.ShelfBlock	getStateForPlacement	BlockPlaceContext	a30e5da29e8a665b6a96e63fbd4d29dc204d88bd5dcba7842e23b506d32e4606	port	world/level/block/ShelfBlock.java:120	block-sim/src/main/java/ac/cult/blocksim/behavior/BasicBlockRules.java	
net.minecraft.world.level.block.ShelfBlock	useItemOn	ItemStack,BlockState,Level,BlockPos,Player,InteractionHand,BlockHitResult	0ee098072f2f18e6d7b4a3758e4d142ce419e7ff815f500437a9e0686be464fc	port	world/level/block/ShelfBlock.java:149	block-sim/src/main/java/ac/cult/blocksim/behavior/SlotContainerUse.java	
net.minecraft.world.level.block.ShelfBlock	getFluidState	BlockState	c7a0e8cf0670c937b327030415a9080e6908ec9b883e0dedc4af7d9b3620c737	port	world/level/block/ShelfBlock.java:284	block-sim/src/main/java/ac/cult/blocksim/engine/SimFluidState.java	Pinned ShelfBlock.getFluidState is a state-only source/waterlogged/LiquidBlock cache lookup. Generated StateFacts retain type, amount, falling flag, source flag and legacy state for every model ID.
net.minecraft.world.level.block.ShelfBlock	updateShape	BlockState,LevelReader,ScheduledTickAccess,BlockPos,Direction,BlockPos,BlockState,RandomSource	cd735ff51720eba3ff2a816c2afb7edbf4cbad724d36eeb720fa276d61234d45	port	world/level/block/ShelfBlock.java:289	block-sim/src/main/java/ac/cult/blocksim/behavior/BasicBlockRules.java	
net.minecraft.world.level.block.ShelfBlock	hasAnalogOutputSignal	BlockState	431ca6d2bfbc684210415c1210d58f91e7ad98a300ef06eac2f35066edafa4f9	port	world/level/block/ShelfBlock.java:307	block-sim/src/main/java/ac/cult/blocksim/engine/AnalogSignals.java	Pinned ShelfBlock.hasAnalogOutputSignal is represented by generated family binding and compensated state/entity/container fields. Client-only zero results and server-only heart output updates are preserved.
net.minecraft.world.level.block.ShelfBlock	getAnalogOutputSignal	BlockState,Level,BlockPos,Direction	13748fa63343212fb8b1af7a2dea061841f026d9485b98f8a7e710019bbe61d3	port	world/level/block/ShelfBlock.java:312	block-sim/src/main/java/ac/cult/blocksim/engine/AnalogSignals.java	Pinned ShelfBlock.getAnalogOutputSignal is represented by generated family binding and compensated state/entity/container fields. Client-only zero results and server-only heart output updates are preserved.
net.minecraft.world.level.block.ShelfMushroomBlock	canSurvive	BlockState,LevelReader,BlockPos	3f5798c353fe92dc8aecdb10cee3033e819bf37942606886540e60af31fc4f93	port	world/level/block/ShelfMushroomBlock.java:50	block-sim/src/main/java/ac/cult/blocksim/behavior/ShelfMushroomBehavior.java	
net.minecraft.world.level.block.ShelfMushroomBlock	getShape	BlockState,BlockGetter,BlockPos,CollisionContext	e461847cee22e977d41d2a6adfc2debfa8078b341c3ad9ab3ca1b9a9edbe91d1	port	world/level/block/ShelfMushroomBlock.java:58	block-sim/src/main/java/ac/cult/blocksim/behavior/BlockBehavior.java	Pinned ShelfMushroomBlock.getShape returns a constant, a state-indexed shape, or a block-state delegate; its exact boxes are emitted for every model state by VanillaDataGenerator.evaluate and read from StateFacts. Entity/world-dependent exceptions use separate behavior overrides.
net.minecraft.world.level.block.ShelfMushroomBlock	getStateForPlacement	BlockPlaceContext	3cdf64a12e339d3e2fc0e6a8b5bd13822aa8a603c729c87b29560cc7e791653c	port	world/level/block/ShelfMushroomBlock.java:63	block-sim/src/main/java/ac/cult/blocksim/behavior/ShelfMushroomBehavior.java	
net.minecraft.world.level.block.ShelfMushroomBlock	updateShape	BlockState,LevelReader,ScheduledTickAccess,BlockPos,Direction,BlockPos,BlockState,RandomSource	8ba249bf65405c4ca3a06ff95c0bb36dddebfef1da58ca3d901c9c280ae86cb3	port	world/level/block/ShelfMushroomBlock.java:88	block-sim/src/main/java/ac/cult/blocksim/behavior/ShelfMushroomBehavior.java	
net.minecraft.world.level.block.ShelfMushroomBlock	isValidBonemealTarget	LevelReader,BlockPos,BlockState,BonemealSource	7d36c17b27a0b46dae9913fae0253626a1707c02e2abb8c43416fe053657dbd8	port	world/level/block/ShelfMushroomBlock.java:104	block-sim/src/main/java/ac/cult/blocksim/behavior/BonemealTargets.java	Pinned ShelfMushroomBlock.isValidBonemealTarget supplies the PLAYER client predicate. The bound target rules cover this family without predicting ServerLevel growth or consumption.
net.minecraft.world.level.block.ShortDryGrassBlock	getShape	BlockState,BlockGetter,BlockPos,CollisionContext	3d9d2c565148801d0f31c596e14675c6c6a339c2dcce8c3c76180de46db25598	port	world/level/block/ShortDryGrassBlock.java:22	block-sim/src/main/java/ac/cult/blocksim/behavior/BlockBehavior.java	Pinned ShortDryGrassBlock.getShape returns a constant, a state-indexed shape, or a block-state delegate; its exact boxes are emitted for every model state by VanillaDataGenerator.evaluate and read from StateFacts. Entity/world-dependent exceptions use separate behavior overrides.
net.minecraft.world.level.block.ShortDryGrassBlock	isValidBonemealTarget	LevelReader,BlockPos,BlockState,BonemealSource	431ca6d2bfbc684210415c1210d58f91e7ad98a300ef06eac2f35066edafa4f9	port	world/level/block/ShortDryGrassBlock.java:32	block-sim/src/main/java/ac/cult/blocksim/behavior/BonemealTargets.java	Pinned ShortDryGrassBlock.isValidBonemealTarget supplies the PLAYER client predicate. The bound target rules cover this family without predicting ServerLevel growth or consumption.
net.minecraft.world.level.block.ShulkerBoxBlock	newBlockEntity	BlockPos,BlockState	b4a3e6ff19fd2c4eec73f97692758030e67bd76aa49fe6911e13d8d17c0130ea	port	world/level/block/ShulkerBoxBlock.java:53	block-sim/src/main/java/ac/cult/blocksim/engine/BlockEntityPrototypes.java	
net.minecraft.world.level.block.ShulkerBoxBlock	useWithoutItem	BlockState,Level,BlockPos,Player,BlockHitResult	e26d6b0c0527773cf491258c6220436582b614bd22937cde652d8b6ea2a39580	port	world/level/block/ShulkerBoxBlock.java:63	block-sim/src/main/java/ac/cult/blocksim/behavior/ShulkerBoxBehavior.java	
net.minecraft.world.level.block.ShulkerBoxBlock	getStateForPlacement	BlockPlaceContext	9c7a0b92fb5d1c1519f1e27f5b648e0874f544bc32ce6b81bb6f8edcfadc9973	port	world/level/block/ShulkerBoxBlock.java:87	block-sim/src/main/java/ac/cult/blocksim/behavior/ShulkerBoxBehavior.java	
net.minecraft.world.level.block.ShulkerBoxBlock	playerWillDestroy	Level,BlockPos,BlockState,Player	15f2430c0545b8a3acc8ea38b4dd4548e8442da4a73c93a3a1484787db31558f	port	world/level/block/ShulkerBoxBlock.java:97	block-sim/src/main/java/ac/cult/blocksim/behavior/BlockBehavior.java	
net.minecraft.world.level.block.ShulkerBoxBlock	getBlockSupportShape	BlockState,BlockGetter,BlockPos	fe2ba8922bb8cdd64a0ff4c8537b4106f14068561925aa161848f409738a1744	port	world/level/block/ShulkerBoxBlock.java:134	block-sim/src/main/java/ac/cult/blocksim/behavior/ShulkerBoxBehavior.java	
net.minecraft.world.level.block.ShulkerBoxBlock	getShape	BlockState,BlockGetter,BlockPos,CollisionContext	b1adf1ef8b47ac0b6f6cab6ac4f44552c32929d28c029f4967ad3486932ed290	port	world/level/block/ShulkerBoxBlock.java:141	block-sim/src/main/java/ac/cult/blocksim/behavior/ShulkerBoxBehavior.java	
net.minecraft.world.level.block.ShulkerBoxBlock	hasAnalogOutputSignal	BlockState	431ca6d2bfbc684210415c1210d58f91e7ad98a300ef06eac2f35066edafa4f9	port	world/level/block/ShulkerBoxBlock.java:153	block-sim/src/main/java/ac/cult/blocksim/engine/AnalogSignals.java	Pinned ShulkerBoxBlock.hasAnalogOutputSignal is represented by generated family binding and compensated state/entity/container fields. Client-only zero results and server-only heart output updates are preserved.
net.minecraft.world.level.block.ShulkerBoxBlock	getAnalogOutputSignal	BlockState,Level,BlockPos,Direction	35ac699671beb46624025131f96a8a760d989994dc0c71abb878a76dd7856d1e	port	world/level/block/ShulkerBoxBlock.java:158	block-sim/src/main/java/ac/cult/blocksim/engine/AnalogSignals.java	Pinned ShulkerBoxBlock.getAnalogOutputSignal is represented by generated family binding and compensated state/entity/container fields. Client-only zero results and server-only heart output updates are preserved.
net.minecraft.world.level.block.SignBlock	updateShape	BlockState,LevelReader,ScheduledTickAccess,BlockPos,Direction,BlockPos,BlockState,RandomSource	cd735ff51720eba3ff2a816c2afb7edbf4cbad724d36eeb720fa276d61234d45	port	world/level/block/SignBlock.java:53	block-sim/src/main/java/ac/cult/blocksim/behavior/BlockBehavior.java	The only own effect schedules a water tick when waterlogged; ClientLevel.getFluidTicks uses BlackholeTickAccess. Inherited updateShape returns the same state; attached-sign support changes remain in their own overrides.
net.minecraft.world.level.block.SignBlock	getShape	BlockState,BlockGetter,BlockPos,CollisionContext	3d9d2c565148801d0f31c596e14675c6c6a339c2dcce8c3c76180de46db25598	port	world/level/block/SignBlock.java:71	block-sim/src/main/java/ac/cult/blocksim/behavior/BlockBehavior.java	Pinned SignBlock.getShape returns a constant, a state-indexed shape, or a block-state delegate; its exact boxes are emitted for every model state by VanillaDataGenerator.evaluate and read from StateFacts. Entity/world-dependent exceptions use separate behavior overrides.
net.minecraft.world.level.block.SignBlock	newBlockEntity	BlockPos,BlockState	fcccf9fb2ce58a7373c5a8b9232966d0b8dc560794deefcb2d99acda0195a14c	port	world/level/block/SignBlock.java:81	block-sim/src/main/java/ac/cult/blocksim/engine/BlockEntityPrototypes.java	
net.minecraft.world.level.block.SignBlock	useItemOn	ItemStack,BlockState,Level,BlockPos,Player,InteractionHand,BlockHitResult	1c01447cae9be1674bd70e14a81ba04f026c45016ae32aac10079d6aae2120ec	port	world/level/block/SignBlock.java:86	block-sim/src/main/java/ac/cult/blocksim/behavior/SignBehavior.java	
net.minecraft.world.level.block.SignBlock	useWithoutItem	BlockState,Level,BlockPos,Player,BlockHitResult	a66fb04b718cce2696073096305ff55de438cd414b4b226e51194005cf5c89e1	port	world/level/block/SignBlock.java:123	block-sim/src/main/java/ac/cult/blocksim/behavior/SignBehavior.java	
net.minecraft.world.level.block.SignBlock	getSignHitboxCenterPosition	BlockState	f24ca4a567675b0f1979b5444ae96d080ce915975d56e03f24e66bcc106d7e88	port	world/level/block/SignBlock.java:155	block-sim/src/main/java/ac/cult/blocksim/behavior/SignBehavior.java	
net.minecraft.world.level.block.SignBlock	getFluidState	BlockState	c7a0e8cf0670c937b327030415a9080e6908ec9b883e0dedc4af7d9b3620c737	port	world/level/block/SignBlock.java:159	block-sim/src/main/java/ac/cult/blocksim/engine/SimFluidState.java	Pinned SignBlock.getFluidState is a state-only source/waterlogged/LiquidBlock cache lookup. Generated StateFacts retain type, amount, falling flag, source flag and legacy state for every model ID.
net.minecraft.world.level.block.SignBlock	setPlacedBy	Level,BlockPos,BlockState,LivingEntity,ItemStack	a5db221540bfd4ddfb229d98e95a6539eec63daa94f97740f238c3e48a9f0194	port	world/level/block/SignBlock.java:187	block-sim/src/main/java/ac/cult/blocksim/behavior/BlockBehavior.java	
net.minecraft.world.level.block.SimpleWaterloggedBlock	canPlaceLiquid	LivingEntity,BlockGetter,BlockPos,BlockState,Fluid	5a004ec35254b01e476ff1e27462173132fae356c29a17af30386fe148b30b1b	port	world/level/block/SimpleWaterloggedBlock.java:19	block-sim/src/main/java/ac/cult/blocksim/behavior/SimpleWaterlogged.java	
net.minecraft.world.level.block.SimpleWaterloggedBlock	placeLiquid	LevelAccessor,BlockPos,BlockState,FluidState	c4b4210f957df541fcbe309c53916fc73aae139ca7e2935833217cbeaf18df1d	port	world/level/block/SimpleWaterloggedBlock.java:24	block-sim/src/main/java/ac/cult/blocksim/behavior/SimpleWaterlogged.java	
net.minecraft.world.level.block.SimpleWaterloggedBlock	pickupBlock	LivingEntity,LevelAccessor,BlockPos,BlockState	30ecac48a7d3017a00f4729c47de7385e97796e5a9e4d11ae17633d121a9492c	port	world/level/block/SimpleWaterloggedBlock.java:38	block-sim/src/main/java/ac/cult/blocksim/behavior/SimpleWaterlogged.java	
net.minecraft.world.level.block.SkullBlock	getShape	BlockState,BlockGetter,BlockPos,CollisionContext	91b469c072af66fc5502a7b8996f84c2f0ba559c134c327d007e51f0e4bf4227	port	world/level/block/SkullBlock.java:32	block-sim/src/main/java/ac/cult/blocksim/behavior/BlockBehavior.java	Pinned SkullBlock.getShape returns a constant, a state-indexed shape, or a block-state delegate; its exact boxes are emitted for every model state by VanillaDataGenerator.evaluate and read from StateFacts. Entity/world-dependent exceptions use separate behavior overrides.
net.minecraft.world.level.block.SkullBlock	getCollisionShape	BlockState,BlockGetter,BlockPos,CollisionContext	8cd1aacfa1219ee67e1e655a0be098c663df10c03b3cf807691af7918ff514f6	port	world/level/block/SkullBlock.java:37	block-sim/src/main/java/ac/cult/blocksim/behavior/BlockBehavior.java	Pinned SkullBlock.getCollisionShape returns a constant, a state-indexed shape, or a block-state delegate; its exact boxes are emitted for every model state by VanillaDataGenerator.evaluate and read from StateFacts. Entity/world-dependent exceptions use separate behavior overrides.
net.minecraft.world.level.block.SkullBlock	getStateForPlacement	BlockPlaceContext	7e1cfd130f5d7a2d8821accfde9a3d9c803743f90cece381aef2b7eb61049237	port	world/level/block/SkullBlock.java:42	block-sim/src/main/java/ac/cult/blocksim/behavior/BasicBlockRules.java	The shipped basic-rules rows bind skull neighbor power, skull yaw rotation, banner yaw-plus-180 rotation, pillar clicked-face axis and wall-skull nearest horizontal blocking support. BasicBlockRules applies those assignments in native order.
net.minecraft.world.level.block.SlabBlock	getShape	BlockState,BlockGetter,BlockPos,CollisionContext	84c1fd03d3c861d67ee6f0a1f2aeea91c3bf5ea3d039d0b573b9fcf502bb219c	port	world/level/block/SlabBlock.java:51	block-sim/src/main/java/ac/cult/blocksim/behavior/BlockBehavior.java	Pinned SlabBlock.getShape returns a constant, a state-indexed shape, or a block-state delegate; its exact boxes are emitted for every model state by VanillaDataGenerator.evaluate and read from StateFacts. Entity/world-dependent exceptions use separate behavior overrides.
net.minecraft.world.level.block.SlabBlock	getStateForPlacement	BlockPlaceContext	e4a53bafcd22b1c83c4cade05b9b6ad0f9af7a4c4db1982f78cdc844f4d80c03	port	world/level/block/SlabBlock.java:60	block-sim/src/main/java/ac/cult/blocksim/behavior/SlabBehavior.java	
net.minecraft.world.level.block.SlabBlock	canBeReplaced	BlockState,BlockPlaceContext	b6cbe9b4ad240cb87efd6fa2c677e92a1811cc811e654d6061a95725aa030a90	port	world/level/block/SlabBlock.java:76	block-sim/src/main/java/ac/cult/blocksim/behavior/SlabBehavior.java	
net.minecraft.world.level.block.SlabBlock	getFluidState	BlockState	c7a0e8cf0670c937b327030415a9080e6908ec9b883e0dedc4af7d9b3620c737	port	world/level/block/SlabBlock.java:93	block-sim/src/main/java/ac/cult/blocksim/engine/SimFluidState.java	Pinned SlabBlock.getFluidState is a state-only source/waterlogged/LiquidBlock cache lookup. Generated StateFacts retain type, amount, falling flag, source flag and legacy state for every model ID.
net.minecraft.world.level.block.SlabBlock	placeLiquid	LevelAccessor,BlockPos,BlockState,FluidState	a0679ea37167c105a4f7a69e76f19007b9fe83ce731e1ac60dc0d8f3a0b97444	port	world/level/block/SlabBlock.java:98	block-sim/src/main/java/ac/cult/blocksim/behavior/SlabBehavior.java	
net.minecraft.world.level.block.SlabBlock	canPlaceLiquid	LivingEntity,BlockGetter,BlockPos,BlockState,Fluid	80fc097520a5cc81606fc6fac18744e1beb1ff75c9b16fb8cf52023bad244299	port	world/level/block/SlabBlock.java:103	block-sim/src/main/java/ac/cult/blocksim/behavior/SlabBehavior.java	
net.minecraft.world.level.block.SlabBlock	updateShape	BlockState,LevelReader,ScheduledTickAccess,BlockPos,Direction,BlockPos,BlockState,RandomSource	cd735ff51720eba3ff2a816c2afb7edbf4cbad724d36eeb720fa276d61234d45	no-client-world-effect	world/level/block/SlabBlock.java:108		Schedules block/fluid ticks only; ClientLevel scheduled tick access is a blackhole, then BlockBehaviour.updateShape returns the same state.
net.minecraft.world.level.block.SmallDripleafBlock	getShape	BlockState,BlockGetter,BlockPos,CollisionContext	3d9d2c565148801d0f31c596e14675c6c6a339c2dcce8c3c76180de46db25598	port	world/level/block/SmallDripleafBlock.java:38	block-sim/src/main/java/ac/cult/blocksim/behavior/BlockBehavior.java	Pinned SmallDripleafBlock.getShape returns a constant, a state-indexed shape, or a block-state delegate; its exact boxes are emitted for every model state by VanillaDataGenerator.evaluate and read from StateFacts. Entity/world-dependent exceptions use separate behavior overrides.
net.minecraft.world.level.block.SmallDripleafBlock	mayPlaceOn	BlockState,BlockGetter,BlockPos	4b95b6e4c8c2800b12e027b5000f0988ac90a7b55f8175b3e7f24abf994e01c3	port	world/level/block/SmallDripleafBlock.java:43	block-sim/src/main/java/ac/cult/blocksim/behavior/DoublePlantBehavior.java	
net.minecraft.world.level.block.SmallDripleafBlock	getStateForPlacement	BlockPlaceContext	f33a2011bdd449001f5ed26e0a388f588f2fffcc2083284155cb8c0f4e364289	port	world/level/block/SmallDripleafBlock.java:49	block-sim/src/main/java/ac/cult/blocksim/behavior/DoublePlantBehavior.java	
net.minecraft.world.level.block.SmallDripleafBlock	setPlacedBy	Level,BlockPos,BlockState,LivingEntity,ItemStack	60968e48bb12f00a019c14bd22d2af09b583fa83171dae2a8211a562e49c2db9	port	world/level/block/SmallDripleafBlock.java:57	block-sim/src/main/java/ac/cult/blocksim/behavior/DoublePlantBehavior.java	
net.minecraft.world.level.block.SmallDripleafBlock	getFluidState	BlockState	c7a0e8cf0670c937b327030415a9080e6908ec9b883e0dedc4af7d9b3620c737	port	world/level/block/SmallDripleafBlock.java:68	block-sim/src/main/java/ac/cult/blocksim/engine/SimFluidState.java	Pinned SmallDripleafBlock.getFluidState is a state-only source/waterlogged/LiquidBlock cache lookup. Generated StateFacts retain type, amount, falling flag, source flag and legacy state for every model ID.
net.minecraft.world.level.block.SmallDripleafBlock	canSurvive	BlockState,LevelReader,BlockPos	047a0b1bdd7f6bdb51deef2a4ec4fc9137f77ffab6d698b9a047688ce24afc24	port	world/level/block/SmallDripleafBlock.java:73	block-sim/src/main/java/ac/cult/blocksim/behavior/DoublePlantBehavior.java	
net.minecraft.world.level.block.SmallDripleafBlock	updateShape	BlockState,LevelReader,ScheduledTickAccess,BlockPos,Direction,BlockPos,BlockState,RandomSource	cd735ff51720eba3ff2a816c2afb7edbf4cbad724d36eeb720fa276d61234d45	port	world/level/block/SmallDripleafBlock.java:84	block-sim/src/main/java/ac/cult/blocksim/behavior/DoublePlantBehavior.java	
net.minecraft.world.level.block.SmallDripleafBlock	isValidBonemealTarget	LevelReader,BlockPos,BlockState,BonemealSource	431ca6d2bfbc684210415c1210d58f91e7ad98a300ef06eac2f35066edafa4f9	port	world/level/block/SmallDripleafBlock.java:107	block-sim/src/main/java/ac/cult/blocksim/behavior/BonemealTargets.java	Pinned SmallDripleafBlock.isValidBonemealTarget supplies the PLAYER client predicate. The bound target rules cover this family without predicting ServerLevel growth or consumption.
net.minecraft.world.level.block.SmallDripleafBlock	getMaxVerticalOffset		5b6a5ba1b18d2e145c02a79519d190f827e7c13f93843919f2a74353fe8e6d3c	port	world/level/block/SmallDripleafBlock.java:139	block-sim/src/main/java/ac/cult/blocksim/engine/Offsets.java	Shape offsets read the generated getMaxVerticalOffset/getMaxHorizontalOffset bindings for the actual block. Small dripleaf uses native 0.1F vertical jitter; speleothem retains its native horizontal clamp.
net.minecraft.world.level.block.SmithingTableBlock	useWithoutItem	BlockState,Level,BlockPos,Player,BlockHitResult	611b03e72b9cb84e5ccd395afe82441d42b6d6f904a8842445aaf287be95710f	port	world/level/block/SmithingTableBlock.java:31	block-sim/src/main/java/ac/cult/blocksim/behavior/BasicBlockRules.java	
net.minecraft.world.level.block.SmokerBlock	newBlockEntity	BlockPos,BlockState	7afe50dbc04f972e24cdb95eb23482a9f8c331e8603132ff93d2b5b922cf203b	port	world/level/block/SmokerBlock.java:26	block-sim/src/main/java/ac/cult/blocksim/engine/BlockEntityPrototypes.java	
net.minecraft.world.level.block.SnifferEggBlock	getShape	BlockState,BlockGetter,BlockPos,CollisionContext	3d9d2c565148801d0f31c596e14675c6c6a339c2dcce8c3c76180de46db25598	port	world/level/block/SnifferEggBlock.java:45	block-sim/src/main/java/ac/cult/blocksim/behavior/BlockBehavior.java	Pinned SnifferEggBlock.getShape returns a constant, a state-indexed shape, or a block-state delegate; its exact boxes are emitted for every model state by VanillaDataGenerator.evaluate and read from StateFacts. Entity/world-dependent exceptions use separate behavior overrides.
net.minecraft.world.level.block.SnowLayerBlock	getShape	BlockState,BlockGetter,BlockPos,CollisionContext	942fe22bf7d31485de9d60ee94fa2a2cc8a1fce3fa422c90201e3fd7d9b6b059	port	world/level/block/SnowLayerBlock.java:41	block-sim/src/main/java/ac/cult/blocksim/behavior/BlockBehavior.java	Pinned SnowLayerBlock.getShape returns a constant, a state-indexed shape, or a block-state delegate; its exact boxes are emitted for every model state by VanillaDataGenerator.evaluate and read from StateFacts. Entity/world-dependent exceptions use separate behavior overrides.
net.minecraft.world.level.block.SnowLayerBlock	getCollisionShape	BlockState,BlockGetter,BlockPos,CollisionContext	06edeecca6151be5e9e8b002a4d8e972e3d5bf2b34a21a54c65da2d20e1269c6	port	world/level/block/SnowLayerBlock.java:46	block-sim/src/main/java/ac/cult/blocksim/behavior/BlockBehavior.java	Pinned SnowLayerBlock.getCollisionShape returns a constant, a state-indexed shape, or a block-state delegate; its exact boxes are emitted for every model state by VanillaDataGenerator.evaluate and read from StateFacts. Entity/world-dependent exceptions use separate behavior overrides.
net.minecraft.world.level.block.SnowLayerBlock	getBlockSupportShape	BlockState,BlockGetter,BlockPos	942fe22bf7d31485de9d60ee94fa2a2cc8a1fce3fa422c90201e3fd7d9b6b059	port	world/level/block/SnowLayerBlock.java:51	block-sim/src/main/java/ac/cult/blocksim/behavior/BlockBehavior.java	Pinned SnowLayerBlock.getBlockSupportShape returns a constant, a state-indexed shape, or a block-state delegate; its exact boxes are emitted for every model state by VanillaDataGenerator.evaluate and read from StateFacts. Entity/world-dependent exceptions use separate behavior overrides.
net.minecraft.world.level.block.SnowLayerBlock	canSurvive	BlockState,LevelReader,BlockPos	9158245e708b998269f66cf589e1ef75e648f3e9b79f14bc4dac458d776624f5	port	world/level/block/SnowLayerBlock.java:71	block-sim/src/main/java/ac/cult/blocksim/behavior/SnowLayerBehavior.java	
net.minecraft.world.level.block.SnowLayerBlock	updateShape	BlockState,LevelReader,ScheduledTickAccess,BlockPos,Direction,BlockPos,BlockState,RandomSource	7d82f5bacb61fe01b76e57acaa62cf5a0f0e350520fb9cdf8fe65823f0dbef6d	port	world/level/block/SnowLayerBlock.java:83	block-sim/src/main/java/ac/cult/blocksim/behavior/SnowLayerBehavior.java	
net.minecraft.world.level.block.SnowLayerBlock	canBeReplaced	BlockState,BlockPlaceContext	12594bca4e945d65ad843373f3c64e1918d3cd7e30a6ed8945596a6d8f63f79f	port	world/level/block/SnowLayerBlock.java:108	block-sim/src/main/java/ac/cult/blocksim/behavior/SnowLayerBehavior.java	
net.minecraft.world.level.block.SnowLayerBlock	getStateForPlacement	BlockPlaceContext	dd2fe0cb04b6fe142193828de88c2978536a716d9a4120d018a2fb4a93f3737d	port	world/level/block/SnowLayerBlock.java:118	block-sim/src/main/java/ac/cult/blocksim/behavior/SnowLayerBehavior.java	
net.minecraft.world.level.block.SnowyBlock	updateShape	BlockState,LevelReader,ScheduledTickAccess,BlockPos,Direction,BlockPos,BlockState,RandomSource	afc5f4dac7d5893a181a807608b394b0cecd1bcf61526d41124fff7e779474e1	port	world/level/block/SnowyBlock.java:24	block-sim/src/main/java/ac/cult/blocksim/behavior/SnowyBehavior.java	
net.minecraft.world.level.block.SnowyBlock	getStateForPlacement	BlockPlaceContext	29cd6e18578465bc3494abde1b9c5b8b0dae728a0bee556675edd6a44f67dd6e	port	world/level/block/SnowyBlock.java:40	block-sim/src/main/java/ac/cult/blocksim/behavior/SnowyBehavior.java	
net.minecraft.world.level.block.SnowyBlock	isSnowySetting	BlockState	ee0fdafcd93438232446265c8815e647c71cc95afb28658ee292ceedae3b0df1	port	world/level/block/SnowyBlock.java:46	block-sim/src/main/java/ac/cult/blocksim/behavior/SnowyBehavior.java	
net.minecraft.world.level.block.SoulFireBlock	updateShape	BlockState,LevelReader,ScheduledTickAccess,BlockPos,Direction,BlockPos,BlockState,RandomSource	7b15c72c64adbae0e3815e6ce7f59c4240238c95ed797b79033ba0cd7d8a1121	port	world/level/block/SoulFireBlock.java:17	block-sim/src/main/java/ac/cult/blocksim/behavior/SoulFireBehavior.java	
net.minecraft.world.level.block.SoulFireBlock	canSurvive	BlockState,LevelReader,BlockPos	956ca6cbc46690af788035cac50637cba59c8d78d5b18c71ccf8a5da19f1613f	port	world/level/block/SoulFireBlock.java:31	block-sim/src/main/java/ac/cult/blocksim/behavior/SoulFireBehavior.java	
net.minecraft.world.level.block.SoulFireBlock	canSurviveOnBlock	BlockState	17848b45e61aa8906bcf99fffeb8a89ded2763dbf26aadc3887f0cefbea417c8	port	world/level/block/SoulFireBlock.java:36	block-sim/src/main/java/ac/cult/blocksim/behavior/BaseFireBehavior.java	
net.minecraft.world.level.block.SoulFireBlock	canBurn	BlockState	431ca6d2bfbc684210415c1210d58f91e7ad98a300ef06eac2f35066edafa4f9	no-client-world-effect	world/level/block/SoulFireBlock.java:40		Pinned SoulFireBlock.java:40-42 returns true for the inherited BaseFireBlock.animateTick smoke/sound branch. Client soul-fire survival and updateShape use canSurviveOnBlock and are already ported; the cosmetic callback has no predicted block or inventory effect.
net.minecraft.world.level.block.SoulSandBlock	getCollisionShape	BlockState,BlockGetter,BlockPos,CollisionContext	3d9d2c565148801d0f31c596e14675c6c6a339c2dcce8c3c76180de46db25598	port	world/level/block/SoulSandBlock.java:19	block-sim/src/main/java/ac/cult/blocksim/behavior/BlockBehavior.java	Pinned SoulSandBlock.getCollisionShape returns a constant, a state-indexed shape, or a block-state delegate; its exact boxes are emitted for every model state by VanillaDataGenerator.evaluate and read from StateFacts. Entity/world-dependent exceptions use separate behavior overrides.
net.minecraft.world.level.block.SoulSandBlock	getBlockSupportShape	BlockState,BlockGetter,BlockPos	8501ba402b348035ef9db4f0d923752161f1348d592612f385efe4553d5ee5ed	port	world/level/block/SoulSandBlock.java:24	block-sim/src/main/java/ac/cult/blocksim/behavior/BlockBehavior.java	Pinned SoulSandBlock.getBlockSupportShape returns a constant, a state-indexed shape, or a block-state delegate; its exact boxes are emitted for every model state by VanillaDataGenerator.evaluate and read from StateFacts. Entity/world-dependent exceptions use separate behavior overrides.
net.minecraft.world.level.block.SpawnerBlock	newBlockEntity	BlockPos,BlockState	3963ea9034d42ce23db69e10ff2899c0ef8444bbe0edb3e075a749d1a2d7082b	port	world/level/block/SpawnerBlock.java:22	block-sim/src/main/java/ac/cult/blocksim/engine/BlockEntityPrototypes.java	
net.minecraft.world.level.block.SpeleothemBlock	canSurvive	BlockState,LevelReader,BlockPos	bf41e63d254e012d5d313c68a75e601472ace361d3566694da7365ee1a0d25b6	port	world/level/block/SpeleothemBlock.java:74	block-sim/src/main/java/ac/cult/blocksim/behavior/SpeleothemBehavior.java	
net.minecraft.world.level.block.SpeleothemBlock	updateShape	BlockState,LevelReader,ScheduledTickAccess,BlockPos,Direction,BlockPos,BlockState,RandomSource	6783bbcd243998a29e1043b7fa49062beff404c8c0a4edb98d49cb67a4b7556e	port	world/level/block/SpeleothemBlock.java:79	block-sim/src/main/java/ac/cult/blocksim/behavior/SpeleothemBehavior.java	
net.minecraft.world.level.block.SpeleothemBlock	getStateForPlacement	BlockPlaceContext	6b7cf818cdac0546cbfcdd0f67d710e43964ff76a35c04e99700aa04ab39aa4e	port	world/level/block/SpeleothemBlock.java:118	block-sim/src/main/java/ac/cult/blocksim/behavior/SpeleothemBehavior.java	
net.minecraft.world.level.block.SpeleothemBlock	calculateTipDirection	LevelReader,BlockPos,Direction	5b24db8da7bcbc1081eb01acb2ae0dfec2f720cbe1962cd0ffaa65ac2f2da4ad	port	world/level/block/SpeleothemBlock.java:136	block-sim/src/main/java/ac/cult/blocksim/behavior/SpeleothemBehavior.java	
net.minecraft.world.level.block.SpeleothemBlock	calculateSpeleothemThickness	LevelReader,BlockPos,Direction,boolean	0c0abf2b52314457c5a89841178134de1713497932ecfde2beca4a5040ccbeaf	port	world/level/block/SpeleothemBlock.java:151	block-sim/src/main/java/ac/cult/blocksim/behavior/SpeleothemBehavior.java	
net.minecraft.world.level.block.SpeleothemBlock	isValidSpeleothemPlacement	LevelReader,BlockPos,Direction	147269411cdb979d7d655c15b93f561ce888cc7189fb91ff944df77792b2daae	port	world/level/block/SpeleothemBlock.java:173	block-sim/src/main/java/ac/cult/blocksim/behavior/SpeleothemBehavior.java	
net.minecraft.world.level.block.SpeleothemBlock	isSpeleothemWithDirection	BlockState,Direction	52780b8b762fa08561e86f43f2874c87a48b4012fa0fd7dd01c3eb07c1ad79fa	port	world/level/block/SpeleothemBlock.java:179	block-sim/src/main/java/ac/cult/blocksim/behavior/SpeleothemBehavior.java	
net.minecraft.world.level.block.SpeleothemBlock	getFluidState	BlockState	c7a0e8cf0670c937b327030415a9080e6908ec9b883e0dedc4af7d9b3620c737	port	world/level/block/SpeleothemBlock.java:255	block-sim/src/main/java/ac/cult/blocksim/engine/SimFluidState.java	Pinned SpeleothemBlock.getFluidState is a state-only source/waterlogged/LiquidBlock cache lookup. Generated StateFacts retain type, amount, falling flag, source flag and legacy state for every model ID.
net.minecraft.world.level.block.SpeleothemBlock	getShape	BlockState,BlockGetter,BlockPos,CollisionContext	2471eb540300823ffbac53a724abdbf8b4b7503a8b33040af9cf4bd2460415bc	port	world/level/block/SpeleothemBlock.java:260	block-sim/src/main/java/ac/cult/blocksim/behavior/BlockBehavior.java	
net.minecraft.world.level.block.SpeleothemBlock	getMaxHorizontalOffset		6d0bb16ac8ddd80cb784fc3749dd848f3258e83f20c6ffdbfb32542467a77d7f	port	world/level/block/SpeleothemBlock.java:277	block-sim/src/main/java/ac/cult/blocksim/engine/Offsets.java	Shape offsets read the generated getMaxVerticalOffset/getMaxHorizontalOffset bindings for the actual block. Small dripleaf uses native 0.1F vertical jitter; speleothem retains its native horizontal clamp.
net.minecraft.world.level.block.SpeleothemBlock	grow	ServerLevel,BlockPos,Direction	6321443dc1709f215a4d2df5618254ce398d369806eff2d9394884d0dfc7ba2b	server-only	world/level/block/SpeleothemBlock.java:378		The method requires ServerLevel and performs feature/crop/speleothem growth. Client bonemeal targeting is modeled separately and never executes server growth or world generation.
net.minecraft.world.level.block.SpongeBlock	neighborChanged	BlockState,Level,BlockPos,Block,Orientation,boolean	e516dc21fb13634e200fa31db9512a7a870734aec2663bb9082e4cabc5889d6e	server-only	world/level/block/SpongeBlock.java:33		
net.minecraft.world.level.block.SporeBlossomBlock	canSurvive	BlockState,LevelReader,BlockPos	38528051f42e10b3a4a196d6aa190ebf4e960b40fdcddc6c901e70b926786c3b	port	world/level/block/SporeBlossomBlock.java:28	block-sim/src/main/java/ac/cult/blocksim/behavior/BasicBlockRules.java	
net.minecraft.world.level.block.SporeBlossomBlock	updateShape	BlockState,LevelReader,ScheduledTickAccess,BlockPos,Direction,BlockPos,BlockState,RandomSource	8ae965702b2aed3bb33813fdb82f7e4830a432dcf67fb4ba362f13487517e2a7	port	world/level/block/SporeBlossomBlock.java:33	block-sim/src/main/java/ac/cult/blocksim/behavior/BasicBlockRules.java	
net.minecraft.world.level.block.SporeBlossomBlock	getShape	BlockState,BlockGetter,BlockPos,CollisionContext	3d9d2c565148801d0f31c596e14675c6c6a339c2dcce8c3c76180de46db25598	port	world/level/block/SporeBlossomBlock.java:77	block-sim/src/main/java/ac/cult/blocksim/behavior/BlockBehavior.java	Pinned SporeBlossomBlock.getShape returns a constant, a state-indexed shape, or a block-state delegate; its exact boxes are emitted for every model state by VanillaDataGenerator.evaluate and read from StateFacts. Entity/world-dependent exceptions use separate behavior overrides.
net.minecraft.world.level.block.StairBlock	getShape	BlockState,BlockGetter,BlockPos,CollisionContext	e22cd4b13d0c37ec515d9fddbf2d8c43b2ff0d8677193467fae9ed1181a5d94e	port	world/level/block/StairBlock.java:63	block-sim/src/main/java/ac/cult/blocksim/behavior/BlockBehavior.java	Pinned StairBlock.getShape returns a constant, a state-indexed shape, or a block-state delegate; its exact boxes are emitted for every model state by VanillaDataGenerator.evaluate and read from StateFacts. Entity/world-dependent exceptions use separate behavior overrides.
net.minecraft.world.level.block.StairBlock	getStateForPlacement	BlockPlaceContext	b923791599f90cde9d8bc450f1fcb24adbd99f1c2b61a962996eac3849fe0f95	port	world/level/block/StairBlock.java:86	block-sim/src/main/java/ac/cult/blocksim/behavior/StairBehavior.java	
net.minecraft.world.level.block.StairBlock	updateShape	BlockState,LevelReader,ScheduledTickAccess,BlockPos,Direction,BlockPos,BlockState,RandomSource	c67e8de0439b4dc317dffa46159a765ec304f529d0ed934913aefb9a7af08371	port	world/level/block/StairBlock.java:100	block-sim/src/main/java/ac/cult/blocksim/behavior/StairBehavior.java	
net.minecraft.world.level.block.StairBlock	getStairsShape	BlockState,BlockGetter,BlockPos	659bebe70e5ac910966eed492a43fc61f563ecf12b93ecc20a0cabf298cda8b0	port	world/level/block/StairBlock.java:120	block-sim/src/main/java/ac/cult/blocksim/behavior/StairBehavior.java	
net.minecraft.world.level.block.StairBlock	canTakeShape	BlockState,BlockGetter,BlockPos,Direction	24a109890dcb6a590610b2cf31a3e2817c33dcf5cc2a7d0c4b9098f3f7a3431b	port	world/level/block/StairBlock.java:149	block-sim/src/main/java/ac/cult/blocksim/behavior/StairBehavior.java	
net.minecraft.world.level.block.StairBlock	isStairs	BlockState	6c55c460beb09c0f6ae2e8efe7fd5a847bcfcbf134723559c8da8411f1fd2d69	port	world/level/block/StairBlock.java:154	block-sim/src/main/java/ac/cult/blocksim/behavior/StairBehavior.java	
net.minecraft.world.level.block.StairBlock	getFluidState	BlockState	c7a0e8cf0670c937b327030415a9080e6908ec9b883e0dedc4af7d9b3620c737	port	world/level/block/StairBlock.java:209	block-sim/src/main/java/ac/cult/blocksim/engine/SimFluidState.java	Pinned StairBlock.getFluidState is a state-only source/waterlogged/LiquidBlock cache lookup. Generated StateFacts retain type, amount, falling flag, source flag and legacy state for every model ID.
net.minecraft.world.level.block.StandingSignBlock	canSurvive	BlockState,LevelReader,BlockPos	595ba7aa9c45374665dd13576bf8517f502dfb12ca312e06949cd59404133b33	port	world/level/block/StandingSignBlock.java:27	block-sim/src/main/java/ac/cult/blocksim/behavior/BasicBlockRules.java	
net.minecraft.world.level.block.StandingSignBlock	getStateForPlacement	BlockPlaceContext	8a11b917725f9c7cdf477e814868037187eee819cd6f1c804de4316357041ce8	port	world/level/block/StandingSignBlock.java:32	block-sim/src/main/java/ac/cult/blocksim/behavior/BasicBlockRules.java	basic-rules.tsv binds wall_solid/floor_solid support, opposite nearest horizontal facing or yaw+180 rotation, actual waterlogged state for signs, and removal only after a support-direction update. SupportRules reads the generated isSolid field.
net.minecraft.world.level.block.StandingSignBlock	updateShape	BlockState,LevelReader,ScheduledTickAccess,BlockPos,Direction,BlockPos,BlockState,RandomSource	0d9a2d5010ae7df99aea3e556987a1185444848efd19e7d4849035e08d278450	port	world/level/block/StandingSignBlock.java:40	block-sim/src/main/java/ac/cult/blocksim/behavior/BasicBlockRules.java	
net.minecraft.world.level.block.StemBlock	getShape	BlockState,BlockGetter,BlockPos,CollisionContext	3b40e936a6680e807483005f1777dbedd7fb2d5122a974a6c47b3d6168d6a77a	port	world/level/block/StemBlock.java:54	block-sim/src/main/java/ac/cult/blocksim/behavior/BlockBehavior.java	Pinned StemBlock.getShape returns a constant, a state-indexed shape, or a block-state delegate; its exact boxes are emitted for every model state by VanillaDataGenerator.evaluate and read from StateFacts. Entity/world-dependent exceptions use separate behavior overrides.
net.minecraft.world.level.block.StemBlock	mayPlaceOn	BlockState,BlockGetter,BlockPos	e4162239d5dca809ccdc3fbcaaac30805bbf91516b61be15a9c32944d3d6e33e	port	world/level/block/StemBlock.java:59	block-sim/src/main/java/ac/cult/blocksim/behavior/BasicBlockRules.java	
net.minecraft.world.level.block.StemBlock	isValidBonemealTarget	LevelReader,BlockPos,BlockState,BonemealSource	ac6fa49e00cc296ff66dd271967f796c2484186bd0c6bd6084d98b617f1047d9	port	world/level/block/StemBlock.java:96	block-sim/src/main/java/ac/cult/blocksim/behavior/BonemealTargets.java	Pinned StemBlock.isValidBonemealTarget supplies the PLAYER client predicate. The bound target rules cover this family without predicting ServerLevel growth or consumption.
net.minecraft.world.level.block.StonecutterBlock	getStateForPlacement	BlockPlaceContext	2ad1d62f2232e4987c7cd90f27de26f1537d88424f1b501bbb4d139758fdcc54	port	world/level/block/StonecutterBlock.java:36	block-sim/src/main/java/ac/cult/blocksim/behavior/BasicBlockRules.java	
net.minecraft.world.level.block.StonecutterBlock	useWithoutItem	BlockState,Level,BlockPos,Player,BlockHitResult	e2b05434eb9d8291c7612b747e2f0294335a325f157d0ab5bcb4dec5d27bac3f	port	world/level/block/StonecutterBlock.java:41	block-sim/src/main/java/ac/cult/blocksim/behavior/BasicBlockRules.java	
net.minecraft.world.level.block.StonecutterBlock	getShape	BlockState,BlockGetter,BlockPos,CollisionContext	3d9d2c565148801d0f31c596e14675c6c6a339c2dcce8c3c76180de46db25598	port	world/level/block/StonecutterBlock.java:60	block-sim/src/main/java/ac/cult/blocksim/behavior/BlockBehavior.java	Pinned StonecutterBlock.getShape returns a constant, a state-indexed shape, or a block-state delegate; its exact boxes are emitted for every model state by VanillaDataGenerator.evaluate and read from StateFacts. Entity/world-dependent exceptions use separate behavior overrides.
net.minecraft.world.level.block.StrawBedBlock	getShape	BlockState,BlockGetter,BlockPos,CollisionContext	2bf732163db9024cfa7d2fe72f8e585aa6290981e0aa29d3d655cce08ec08fd1	port	world/level/block/StrawBedBlock.java:41	block-sim/src/main/java/ac/cult/blocksim/behavior/BlockBehavior.java	Pinned StrawBedBlock.getShape returns a constant, a state-indexed shape, or a block-state delegate; its exact boxes are emitted for every model state by VanillaDataGenerator.evaluate and read from StateFacts. Entity/world-dependent exceptions use separate behavior overrides.
net.minecraft.world.level.block.StructureBlock	newBlockEntity	BlockPos,BlockState	10822495fc11dd2cc53f84bfe22ed9abe56e70cd5a16af3bb0b7e4c14f86eda9	port	world/level/block/StructureBlock.java:30	block-sim/src/main/java/ac/cult/blocksim/engine/BlockEntityPrototypes.java	
net.minecraft.world.level.block.StructureBlock	useWithoutItem	BlockState,Level,BlockPos,Player,BlockHitResult	d195c12d020b1b7b93a6491659aa0c8d6274919ce8e0a2e6f6ef44a07521337a	port	world/level/block/StructureBlock.java:35	block-sim/src/main/java/ac/cult/blocksim/behavior/BasicBlockRules.java	
net.minecraft.world.level.block.StructureBlock	setPlacedBy	Level,BlockPos,BlockState,LivingEntity,ItemStack	6786fb531762d2855d644ccf4f615f7b1ccbeae3b82bd89f4c867b9f3fdc5765	server-only	world/level/block/StructureBlock.java:46		All mutation statements are guarded by !level.isClientSide(): skull power changes and structure-block author attribution do not run on the client.
net.minecraft.world.level.block.StructureBlock	neighborChanged	BlockState,Level,BlockPos,Block,Orientation,boolean	a114dc3cde3ced64d6962eb875355b3905502ec52c1f4bacdd47e06d17be660f	server-only	world/level/block/StructureBlock.java:60		
net.minecraft.world.level.block.StructureVoidBlock	getShape	BlockState,BlockGetter,BlockPos,CollisionContext	3d9d2c565148801d0f31c596e14675c6c6a339c2dcce8c3c76180de46db25598	port	world/level/block/StructureVoidBlock.java:22	block-sim/src/main/java/ac/cult/blocksim/behavior/BlockBehavior.java	Pinned StructureVoidBlock.getShape returns a constant, a state-indexed shape, or a block-state delegate; its exact boxes are emitted for every model state by VanillaDataGenerator.evaluate and read from StateFacts. Entity/world-dependent exceptions use separate behavior overrides.
net.minecraft.world.level.block.SugarCaneBlock	getShape	BlockState,BlockGetter,BlockPos,CollisionContext	3d9d2c565148801d0f31c596e14675c6c6a339c2dcce8c3c76180de46db25598	port	world/level/block/SugarCaneBlock.java:30	block-sim/src/main/java/ac/cult/blocksim/behavior/BlockBehavior.java	Pinned SugarCaneBlock.getShape returns a constant, a state-indexed shape, or a block-state delegate; its exact boxes are emitted for every model state by VanillaDataGenerator.evaluate and read from StateFacts. Entity/world-dependent exceptions use separate behavior overrides.
net.minecraft.world.level.block.SugarCaneBlock	updateShape	BlockState,LevelReader,ScheduledTickAccess,BlockPos,Direction,BlockPos,BlockState,RandomSource	15ddf5b3cfc465b414c8011b529e4d107ac32467ae1bb69c2d3c2817eb0aa501	port	world/level/block/SugarCaneBlock.java:63	block-sim/src/main/java/ac/cult/blocksim/behavior/SugarCaneBehavior.java	
net.minecraft.world.level.block.SugarCaneBlock	canSurvive	BlockState,LevelReader,BlockPos	62bae931597afe6c26dd640e224f414ca8283ec880286b5319c0e1b1f78e0aa6	port	world/level/block/SugarCaneBlock.java:81	block-sim/src/main/java/ac/cult/blocksim/behavior/SugarCaneBehavior.java	
net.minecraft.world.level.block.SupportType	isSupporting	BlockState,BlockGetter,BlockPos,Direction	a547469143a40eca5ae2f7d344f1a299e35d67a5ae6facf4d022db85943608d9	port	world/level/block/SupportType.java:13	block-sim/src/main/java/ac/cult/blocksim/engine/shapes/SupportType.java	FULL/CENTER/RIGID face support reviewed against the three pinned enum overrides.
net.minecraft.world.level.block.SupportType	isSupporting	BlockState,BlockGetter,BlockPos,Direction	b31537feabc3aeb61a5452c7ca33ea58b4b8ff178ced3ad83ad308906f46a0c8	port	world/level/block/SupportType.java:21	block-sim/src/main/java/ac/cult/blocksim/engine/shapes/SupportType.java	FULL/CENTER/RIGID face support reviewed against the three pinned enum overrides.
net.minecraft.world.level.block.SupportType	isSupporting	BlockState,BlockGetter,BlockPos,Direction	ab66c432e2d38bb3aefea52ef580d33fda505c0037498f144a1da1dfb6b91090	port	world/level/block/SupportType.java:29	block-sim/src/main/java/ac/cult/blocksim/engine/shapes/SupportType.java	FULL/CENTER/RIGID face support reviewed against the three pinned enum overrides.
net.minecraft.world.level.block.SweetBerryBushBlock	getShape	BlockState,BlockGetter,BlockPos,CollisionContext	604a0be2a9ed25a3f24cc11786b4aad28e586c58b6e545f27b396033e71f48f4	port	world/level/block/SweetBerryBushBlock.java:51	block-sim/src/main/java/ac/cult/blocksim/behavior/BlockBehavior.java	Pinned SweetBerryBushBlock.getShape returns a constant, a state-indexed shape, or a block-state delegate; its exact boxes are emitted for every model state by VanillaDataGenerator.evaluate and read from StateFacts. Entity/world-dependent exceptions use separate behavior overrides.
net.minecraft.world.level.block.SweetBerryBushBlock	useItemOn	ItemStack,BlockState,Level,BlockPos,Player,InteractionHand,BlockHitResult	3b25e92b47a07bc8268c82396c69a5b7a982c6cca0664c4070576e91d0336bdb	port	world/level/block/SweetBerryBushBlock.java:94	block-sim/src/main/java/ac/cult/blocksim/behavior/BasicBlockRules.java	
net.minecraft.world.level.block.SweetBerryBushBlock	useWithoutItem	BlockState,Level,BlockPos,Player,BlockHitResult	9474ed8c238e2958a74ae390fce7b51ff468172e0ed6db706bfa399f862fe698	port	world/level/block/SweetBerryBushBlock.java:109	block-sim/src/main/java/ac/cult/blocksim/behavior/BasicBlockRules.java	
net.minecraft.world.level.block.SweetBerryBushBlock	isValidBonemealTarget	LevelReader,BlockPos,BlockState,BonemealSource	5535302b2dec307605e8513e36617939a6eb1c3307b1174fb02f1aaf5d0177c9	port	world/level/block/SweetBerryBushBlock.java:144	block-sim/src/main/java/ac/cult/blocksim/behavior/BonemealTargets.java	Pinned SweetBerryBushBlock.isValidBonemealTarget supplies the PLAYER client predicate. The bound target rules cover this family without predicting ServerLevel growth or consumption.
net.minecraft.world.level.block.TallDryGrassBlock	getShape	BlockState,BlockGetter,BlockPos,CollisionContext	3d9d2c565148801d0f31c596e14675c6c6a339c2dcce8c3c76180de46db25598	port	world/level/block/TallDryGrassBlock.java:22	block-sim/src/main/java/ac/cult/blocksim/behavior/BlockBehavior.java	Pinned TallDryGrassBlock.getShape returns a constant, a state-indexed shape, or a block-state delegate; its exact boxes are emitted for every model state by VanillaDataGenerator.evaluate and read from StateFacts. Entity/world-dependent exceptions use separate behavior overrides.
net.minecraft.world.level.block.TallDryGrassBlock	isValidBonemealTarget	LevelReader,BlockPos,BlockState,BonemealSource	562edb9dfcadb15d5cd442fa7841330fb067b6b402b054ef3a38cd7551aeab6f	port	world/level/block/TallDryGrassBlock.java:32	block-sim/src/main/java/ac/cult/blocksim/behavior/BonemealTargets.java	Pinned TallDryGrassBlock.isValidBonemealTarget supplies the PLAYER client predicate. The bound target rules cover this family without predicting ServerLevel growth or consumption.
net.minecraft.world.level.block.TallFlowerBlock	isValidBonemealTarget	LevelReader,BlockPos,BlockState,BonemealSource	431ca6d2bfbc684210415c1210d58f91e7ad98a300ef06eac2f35066edafa4f9	port	world/level/block/TallFlowerBlock.java:17	block-sim/src/main/java/ac/cult/blocksim/behavior/BonemealTargets.java	Pinned TallFlowerBlock.isValidBonemealTarget supplies the PLAYER client predicate. The bound target rules cover this family without predicting ServerLevel growth or consumption.
net.minecraft.world.level.block.TallGrassBlock	getShape	BlockState,BlockGetter,BlockPos,CollisionContext	3d9d2c565148801d0f31c596e14675c6c6a339c2dcce8c3c76180de46db25598	port	world/level/block/TallGrassBlock.java:21	block-sim/src/main/java/ac/cult/blocksim/behavior/BlockBehavior.java	
net.minecraft.world.level.block.TallGrassBlock	isValidBonemealTarget	LevelReader,BlockPos,BlockState,BonemealSource	e664ca3ad6ef7caf72f437ff134ffb3c5506db96894cca4a2ac34761cd49b5fd	port	world/level/block/TallGrassBlock.java:26	block-sim/src/main/java/ac/cult/blocksim/behavior/BonemealTargets.java	Pinned TallGrassBlock.isValidBonemealTarget supplies the PLAYER client predicate. The bound target rules cover this family without predicting ServerLevel growth or consumption.
net.minecraft.world.level.block.TallSeagrassBlock	getShape	BlockState,BlockGetter,BlockPos,CollisionContext	3d9d2c565148801d0f31c596e14675c6c6a339c2dcce8c3c76180de46db25598	port	world/level/block/TallSeagrassBlock.java:32	block-sim/src/main/java/ac/cult/blocksim/behavior/BlockBehavior.java	Pinned TallSeagrassBlock.getShape returns a constant, a state-indexed shape, or a block-state delegate; its exact boxes are emitted for every model state by VanillaDataGenerator.evaluate and read from StateFacts. Entity/world-dependent exceptions use separate behavior overrides.
net.minecraft.world.level.block.TallSeagrassBlock	mayPlaceOn	BlockState,BlockGetter,BlockPos	13b40a884d5bc4e7c579a3683f85e27bf2c71f54801262c27ec719844581fd6f	port	world/level/block/TallSeagrassBlock.java:37	block-sim/src/main/java/ac/cult/blocksim/behavior/DoublePlantBehavior.java	
net.minecraft.world.level.block.TallSeagrassBlock	getStateForPlacement	BlockPlaceContext	830d1a9ac007d0f284c6d279a9c06da5c0856677b76fa0365a35260cbb1215c9	port	world/level/block/TallSeagrassBlock.java:47	block-sim/src/main/java/ac/cult/blocksim/behavior/DoublePlantBehavior.java	
net.minecraft.world.level.block.TallSeagrassBlock	canSurvive	BlockState,LevelReader,BlockPos	f930ee50def06c4d8ba7a01330b0fc002aed96629e3dd02891840c6948689f23	port	world/level/block/TallSeagrassBlock.java:60	block-sim/src/main/java/ac/cult/blocksim/behavior/DoublePlantBehavior.java	
net.minecraft.world.level.block.TallSeagrassBlock	getFluidState	BlockState	b5a4383c0a02b8c9b03037b23a17c7f6ca45f498a2a0c9b2eb09df3f18c1298b	port	world/level/block/TallSeagrassBlock.java:71	block-sim/src/main/java/ac/cult/blocksim/engine/SimFluidState.java	Pinned TallSeagrassBlock.getFluidState is a state-only source/waterlogged/LiquidBlock cache lookup. Generated StateFacts retain type, amount, falling flag, source flag and legacy state for every model ID.
net.minecraft.world.level.block.TallSeagrassBlock	canPlaceLiquid	LivingEntity,BlockGetter,BlockPos,BlockState,Fluid	2321bc09cbb45126d475c441ad86ed8815b9858c7c335ad00dd0b2494d8ab965	port	world/level/block/TallSeagrassBlock.java:76	block-sim/src/main/java/ac/cult/blocksim/behavior/DoublePlantBehavior.java	
net.minecraft.world.level.block.TallSeagrassBlock	placeLiquid	LevelAccessor,BlockPos,BlockState,FluidState	2321bc09cbb45126d475c441ad86ed8815b9858c7c335ad00dd0b2494d8ab965	port	world/level/block/TallSeagrassBlock.java:81	block-sim/src/main/java/ac/cult/blocksim/behavior/DoublePlantBehavior.java	
net.minecraft.world.level.block.TargetBlock	ownSignal	BlockState,BlockGetter,BlockPos	bfda83d69e8c2bdd560ca9a65c17859fefc043cf63712e6aaf9c2fa40732faa7	port	world/level/block/TargetBlock.java:84	block-sim/src/main/java/ac/cult/blocksim/behavior/BasicBlockRules.java	
net.minecraft.world.level.block.TargetBlock	isSignalSource	BlockState	431ca6d2bfbc684210415c1210d58f91e7ad98a300ef06eac2f35066edafa4f9	port	world/level/block/TargetBlock.java:89	block-sim/src/main/java/ac/cult/blocksim/data/StateFacts.java	Pinned getter returns constant true; VanillaDataGenerator.evaluate captures it as StateFacts.SIGNAL_SOURCE for every state. Shared Signals/BlockBehavior queries consume the generated fact without duplicate family getters.
net.minecraft.world.level.block.TestBlock	newBlockEntity	BlockPos,BlockState	ce8b15e962f43018459c6c15b0c6cc82b4f370a8d9c90a25c7897a9b88a64684	port	world/level/block/TestBlock.java:34	block-sim/src/main/java/ac/cult/blocksim/engine/BlockEntityPrototypes.java	
net.minecraft.world.level.block.TestBlock	getStateForPlacement	BlockPlaceContext	1db6f81349040994142036729202cbde571108cc2963eb2aa490f032c37493db	port	world/level/block/TestBlock.java:39	block-sim/src/main/java/ac/cult/blocksim/behavior/BasicBlockRules.java	
net.minecraft.world.level.block.TestBlock	useWithoutItem	BlockState,Level,BlockPos,Player,BlockHitResult	50ae2b3b2de192ffcacd63c87a1bbc75262a9f8a3384daf105e38313701a7678	port	world/level/block/TestBlock.java:58	block-sim/src/main/java/ac/cult/blocksim/behavior/BasicBlockRules.java	
net.minecraft.world.level.block.TestBlock	neighborChanged	BlockState,Level,BlockPos,Block,Orientation,boolean	2727c3421e3359c598cdc4abfc95f24b33d4c1b1247fa531f340b597ade255d5	server-only	world/level/block/TestBlock.java:85		
net.minecraft.world.level.block.TestBlock	ownSignal	BlockState,BlockGetter,BlockPos	abc8805eb2b4ac1b5b7396a25622a7c97a3f222103b7d0f01ff4e84873f01684	port	world/level/block/TestBlock.java:108	block-sim/src/main/java/ac/cult/blocksim/behavior/BasicBlockRules.java	
net.minecraft.world.level.block.TestInstanceBlock	newBlockEntity	BlockPos,BlockState	ef666bfb047455b55bf467e260968e152755a0280f72ae9e37e4b7a4c10c7003	port	world/level/block/TestInstanceBlock.java:19	block-sim/src/main/java/ac/cult/blocksim/engine/BlockEntityPrototypes.java	
net.minecraft.world.level.block.TestInstanceBlock	useWithoutItem	BlockState,Level,BlockPos,Player,BlockHitResult	8c71d65cfd224cf812e79c1cec7d75852da6307729d92e2f7e8bb7277711b04e	port	world/level/block/TestInstanceBlock.java:24	block-sim/src/main/java/ac/cult/blocksim/behavior/BasicBlockRules.java	
net.minecraft.world.level.block.TntBlock	neighborChanged	BlockState,Level,BlockPos,Block,Orientation,boolean	c845bd65bbeaacafdb5faef95b163698db94b58d71357db039a5d93133807f0e	server-only	world/level/block/TntBlock.java:52		
net.minecraft.world.level.block.TntBlock	playerWillDestroy	Level,BlockPos,BlockState,Player	3851717dd2ed37b185d7f2ced8c4135d9d6482d56fa2cf822e4962bc922caa24	port	world/level/block/TntBlock.java:61	block-sim/src/main/java/ac/cult/blocksim/behavior/BlockBehavior.java	
net.minecraft.world.level.block.TntBlock	useItemOn	ItemStack,BlockState,Level,BlockPos,Player,InteractionHand,BlockHitResult	2001fc375320d97a3f7e94394fe403d26b05e6c84042f29748d123f165d24b61	port	world/level/block/TntBlock.java:99	block-sim/src/main/java/ac/cult/blocksim/behavior/BasicBlockRules.java	
net.minecraft.world.level.block.TorchflowerCropBlock	getShape	BlockState,BlockGetter,BlockPos,CollisionContext	cf5dcd71bd34e93616080aa4df8b932312a7e71f3bb833a72e4751493b9644da	port	world/level/block/TorchflowerCropBlock.java:33	block-sim/src/main/java/ac/cult/blocksim/behavior/BlockBehavior.java	Pinned TorchflowerCropBlock.getShape returns a constant, a state-indexed shape, or a block-state delegate; its exact boxes are emitted for every model state by VanillaDataGenerator.evaluate and read from StateFacts. Entity/world-dependent exceptions use separate behavior overrides.
net.minecraft.world.level.block.TrapDoorBlock	getShape	BlockState,BlockGetter,BlockPos,CollisionContext	a3e27b8fda9c801e6c03bbda6630616e084343fc23dbf85a69b5316043edf3ab	port	world/level/block/TrapDoorBlock.java:60	block-sim/src/main/java/ac/cult/blocksim/behavior/BlockBehavior.java	Pinned TrapDoorBlock.getShape returns a constant, a state-indexed shape, or a block-state delegate; its exact boxes are emitted for every model state by VanillaDataGenerator.evaluate and read from StateFacts. Entity/world-dependent exceptions use separate behavior overrides.
net.minecraft.world.level.block.TrapDoorBlock	useWithoutItem	BlockState,Level,BlockPos,Player,BlockHitResult	ebc90571e043855ba37cbfcbd45ce7d14f466e18ce8431295589f444fa6b68f8	port	world/level/block/TrapDoorBlock.java:75	block-sim/src/main/java/ac/cult/blocksim/behavior/TrapDoorBehavior.java	
net.minecraft.world.level.block.TrapDoorBlock	toggle	BlockState,Level,BlockPos,Player	83b5f2eec4604828c743abf8732edbcb94ba6a916c071f6a5ec4a61db66de141	port	world/level/block/TrapDoorBlock.java:98	block-sim/src/main/java/ac/cult/blocksim/behavior/TrapDoorBehavior.java	
net.minecraft.world.level.block.TrapDoorBlock	neighborChanged	BlockState,Level,BlockPos,Block,Orientation,boolean	7c5272389a4c200c076c981604dd34ce9a003f7285c797d9ba04db0b91959816	server-only	world/level/block/TrapDoorBlock.java:115		
net.minecraft.world.level.block.TrapDoorBlock	getStateForPlacement	BlockPlaceContext	b1a4c1abdaac1069598ed45702b5d0cbf1a32d2bd34231767d89602ed13a408a	port	world/level/block/TrapDoorBlock.java:135	block-sim/src/main/java/ac/cult/blocksim/behavior/TrapDoorBehavior.java	
net.minecraft.world.level.block.TrapDoorBlock	getFluidState	BlockState	c7a0e8cf0670c937b327030415a9080e6908ec9b883e0dedc4af7d9b3620c737	port	world/level/block/TrapDoorBlock.java:159	block-sim/src/main/java/ac/cult/blocksim/engine/SimFluidState.java	Pinned TrapDoorBlock.getFluidState is a state-only source/waterlogged/LiquidBlock cache lookup. Generated StateFacts retain type, amount, falling flag, source flag and legacy state for every model ID.
net.minecraft.world.level.block.TrapDoorBlock	updateShape	BlockState,LevelReader,ScheduledTickAccess,BlockPos,Direction,BlockPos,BlockState,RandomSource	cd735ff51720eba3ff2a816c2afb7edbf4cbad724d36eeb720fa276d61234d45	port	world/level/block/TrapDoorBlock.java:164	block-sim/src/main/java/ac/cult/blocksim/behavior/TrapDoorBehavior.java	
net.minecraft.world.level.block.TrappedChestBlock	newBlockEntity	BlockPos,BlockState	2d0e7555303212e6ca60e9d4e77428fe42ded4b133e4a2d07bc3e467e0243e4d	port	world/level/block/TrappedChestBlock.java:23	block-sim/src/main/java/ac/cult/blocksim/engine/BlockEntityPrototypes.java	
net.minecraft.world.level.block.TrappedChestBlock	isSignalSource	BlockState	431ca6d2bfbc684210415c1210d58f91e7ad98a300ef06eac2f35066edafa4f9	port	world/level/block/TrappedChestBlock.java:33	block-sim/src/main/java/ac/cult/blocksim/data/StateFacts.java	Pinned getter returns constant true; VanillaDataGenerator.evaluate captures it as StateFacts.SIGNAL_SOURCE for every state. Shared Signals/BlockBehavior queries consume the generated fact without duplicate family getters.
net.minecraft.world.level.block.TrappedChestBlock	ownSignal	BlockState,BlockGetter,BlockPos	e9268143a0a58a8b0e97d1822e63a15f3863929a798945be566729c7e9ae06b1	port	world/level/block/TrappedChestBlock.java:38	block-sim/src/main/java/ac/cult/blocksim/behavior/TrappedChestBehavior.java	
net.minecraft.world.level.block.TrappedChestBlock	getDirectSignal	BlockState,BlockGetter,BlockPos,Direction	4b7583dda0fad71f9704dde33cf28faccc7203c928eeba408912e9416f8dd0e6	port	world/level/block/TrappedChestBlock.java:43	block-sim/src/main/java/ac/cult/blocksim/behavior/TrappedChestBehavior.java	
net.minecraft.world.level.block.TrialSpawnerBlock	newBlockEntity	BlockPos,BlockState	c6b1e19f4d57c14763340da041f9049e9bf061b4a61db5edf81b90f64bcb5370	port	world/level/block/TrialSpawnerBlock.java:34	block-sim/src/main/java/ac/cult/blocksim/engine/BlockEntityPrototypes.java	
net.minecraft.world.level.block.TripWireBlock	getShape	BlockState,BlockGetter,BlockPos,CollisionContext	bc4879ca1e5c53e41a0e1ce08c667d4198037f465f4d22df850887859476d474	port	world/level/block/TripWireBlock.java:57	block-sim/src/main/java/ac/cult/blocksim/behavior/BlockBehavior.java	Pinned TripWireBlock.getShape returns a constant, a state-indexed shape, or a block-state delegate; its exact boxes are emitted for every model state by VanillaDataGenerator.evaluate and read from StateFacts. Entity/world-dependent exceptions use separate behavior overrides.
net.minecraft.world.level.block.TripWireBlock	getStateForPlacement	BlockPlaceContext	84996f1e0ede18b412c3dda1d0800be19b9f00c296e22cfec59fe5891b595d1c	port	world/level/block/TripWireBlock.java:62	block-sim/src/main/java/ac/cult/blocksim/behavior/TripWireBehavior.java	
net.minecraft.world.level.block.TripWireBlock	updateShape	BlockState,LevelReader,ScheduledTickAccess,BlockPos,Direction,BlockPos,BlockState,RandomSource	6cc0f6eabaa116c27fc71ead9a1046d64f800654064c44f7021f2824f968c180	port	world/level/block/TripWireBlock.java:73	block-sim/src/main/java/ac/cult/blocksim/behavior/TripWireBehavior.java	
net.minecraft.world.level.block.TripWireBlock	playerWillDestroy	Level,BlockPos,BlockState,Player	e6350bed417edf3bce06ab4341520814c3baf00b9164b73f5e64bedce0dca711	port	world/level/block/TripWireBlock.java:103	block-sim/src/main/java/ac/cult/blocksim/behavior/BlockBehavior.java	
net.minecraft.world.level.block.TripWireBlock	shouldConnectTo	BlockState,Direction	a3a1f262919982ede946abe0e236d38e6e55de2907c03b65ddb841f2346a09df	port	world/level/block/TripWireBlock.java:187	block-sim/src/main/java/ac/cult/blocksim/behavior/TripWireBehavior.java	
net.minecraft.world.level.block.TripWireHookBlock	getShape	BlockState,BlockGetter,BlockPos,CollisionContext	3968ad83f6910be013d68b7b933caab30630a74bb83248d096866125ff5bb696	port	world/level/block/TripWireHookBlock.java:47	block-sim/src/main/java/ac/cult/blocksim/behavior/BlockBehavior.java	Pinned TripWireHookBlock.getShape returns a constant, a state-indexed shape, or a block-state delegate; its exact boxes are emitted for every model state by VanillaDataGenerator.evaluate and read from StateFacts. Entity/world-dependent exceptions use separate behavior overrides.
net.minecraft.world.level.block.TripWireHookBlock	canSurvive	BlockState,LevelReader,BlockPos	a2c3cb2718e89088c0e18003871fcfa5e208bc31b84e006084c5518ea0930aeb	port	world/level/block/TripWireHookBlock.java:52	block-sim/src/main/java/ac/cult/blocksim/behavior/TripWireHookBehavior.java	
net.minecraft.world.level.block.TripWireHookBlock	updateShape	BlockState,LevelReader,ScheduledTickAccess,BlockPos,Direction,BlockPos,BlockState,RandomSource	d47a1c5cff0f91f361f960a4b7f278e6771ce8da8eebc4b04050caa87e35044c	port	world/level/block/TripWireHookBlock.java:60	block-sim/src/main/java/ac/cult/blocksim/behavior/TripWireHookBehavior.java	
net.minecraft.world.level.block.TripWireHookBlock	getStateForPlacement	BlockPlaceContext	47256c4b2996e19101accf58cfbeb2cb60dafa9130a5a6ad2519cc936aba0d99	port	world/level/block/TripWireHookBlock.java:76	block-sim/src/main/java/ac/cult/blocksim/behavior/TripWireHookBehavior.java	
net.minecraft.world.level.block.TripWireHookBlock	setPlacedBy	Level,BlockPos,BlockState,LivingEntity,ItemStack	3f842566376014a9601f8cbf018a44b5292e439bd2b32c55c3fdc5758af7feee	port	world/level/block/TripWireHookBlock.java:96	block-sim/src/main/java/ac/cult/blocksim/behavior/TripWireHookBehavior.java	
net.minecraft.world.level.block.TripWireHookBlock	calculateState	Level,BlockPos,BlockState,boolean,boolean,int,BlockState	28c6e234b4684f85e61f25ffcf7dee83a791eb795251657ec6dac26c66db1787	port	world/level/block/TripWireHookBlock.java:101	block-sim/src/main/java/ac/cult/blocksim/behavior/TripWireConnections.java	TripWireHookBlock.java:101-187: ordered1..41 hook/wire scan, attachment/power booleans, partner write, removal recursion and attachment propagation. Existing client calculator follows this path; client placement/removal supplies wireSource=-1, while source-wire updates/ticks are server callbacks. Sound/events and client no-op neighbor notification are omitted.
net.minecraft.world.level.block.TripWireHookBlock	onRemoved	BlockState,Level,BlockPos	d130beb0ce08973002f59563e3a92fbe2f2b3e44051f9a844c37402f736d9977	port	world/level/block/TripWireHookBlock.java:226	block-sim/src/main/java/ac/cult/blocksim/behavior/TripWireConnections.java	
net.minecraft.world.level.block.TripWireHookBlock	ownSignal	BlockState,BlockGetter,BlockPos	63b0f9a21db99967d72defb089090245cc6d8811ce87573b3730898a0d38eef4	port	world/level/block/TripWireHookBlock.java:238	block-sim/src/main/java/ac/cult/blocksim/behavior/TripWireHookBehavior.java	
net.minecraft.world.level.block.TripWireHookBlock	getDirectSignal	BlockState,BlockGetter,BlockPos,Direction	9ae9c9ad4b138cb631b56bcb3a0ee2c67ec14fbbedf2eaddfb735dcb20da59af	port	world/level/block/TripWireHookBlock.java:243	block-sim/src/main/java/ac/cult/blocksim/behavior/TripWireHookBehavior.java	
net.minecraft.world.level.block.TripWireHookBlock	isSignalSource	BlockState	431ca6d2bfbc684210415c1210d58f91e7ad98a300ef06eac2f35066edafa4f9	port	world/level/block/TripWireHookBlock.java:252	block-sim/src/main/java/ac/cult/blocksim/data/StateFacts.java	Pinned getter returns constant true; VanillaDataGenerator.evaluate captures it as StateFacts.SIGNAL_SOURCE for every state. Shared Signals/BlockBehavior queries consume the generated fact without duplicate family getters.
net.minecraft.world.level.block.TurtleEggBlock	canBeReplaced	BlockState,BlockPlaceContext	27554a365b5a7ccc9a2863e9bc4e1ba9709213d37ac5e00bb03e81df41ae0170	port	world/level/block/TurtleEggBlock.java:149	block-sim/src/main/java/ac/cult/blocksim/behavior/TurtleEggBehavior.java	
net.minecraft.world.level.block.TurtleEggBlock	getStateForPlacement	BlockPlaceContext	674cda5551c4c82a12695eac5a9129f6fd9ba77ba88706a19d72bd0813de6a41	port	world/level/block/TurtleEggBlock.java:156	block-sim/src/main/java/ac/cult/blocksim/behavior/TurtleEggBehavior.java	
net.minecraft.world.level.block.TurtleEggBlock	getShape	BlockState,BlockGetter,BlockPos,CollisionContext	983abc49d3568cbc77c0fd8808bea196f35e84d8ca9c2442e6fde1938c652d93	port	world/level/block/TurtleEggBlock.java:162	block-sim/src/main/java/ac/cult/blocksim/behavior/BlockBehavior.java	Pinned TurtleEggBlock.getShape returns a constant, a state-indexed shape, or a block-state delegate; its exact boxes are emitted for every model state by VanillaDataGenerator.evaluate and read from StateFacts. Entity/world-dependent exceptions use separate behavior overrides.
net.minecraft.world.level.block.TwistingVinesBlock	getBodyBlock		7076a249a3a03458411331db731fbba2144a7eb35b324ec5337ef47a0b0aeb0b	port	world/level/block/TwistingVinesBlock.java:21	block-sim/src/main/java/ac/cult/blocksim/behavior/GrowingPlantBehavior.java	head and body read the generated getHeadBlock/getBodyBlock bindings, including each head/body self binding and the cave-vines, kelp and twisting/weeping-vines pairs. Placement, support and neighbor conversion share these handles.
net.minecraft.world.level.block.TwistingVinesPlantBlock	getHeadBlock		5210d26dd67274a51d6ef5db2e2d3c5d5db6a29dd30ceaae6456770642d0846f	port	world/level/block/TwistingVinesPlantBlock.java:14	block-sim/src/main/java/ac/cult/blocksim/behavior/GrowingPlantBehavior.java	head and body read the generated getHeadBlock/getBodyBlock bindings, including each head/body self binding and the cave-vines, kelp and twisting/weeping-vines pairs. Placement, support and neighbor conversion share these handles.
net.minecraft.world.level.block.VaultBlock	useItemOn	ItemStack,BlockState,Level,BlockPos,Player,InteractionHand,BlockHitResult	1e60f758811385b48de3361bc8a655f4868fcafa2cb8ff3009891cac7ac03fd4	port	world/level/block/VaultBlock.java:38	block-sim/src/main/java/ac/cult/blocksim/behavior/BasicBlockRules.java	
net.minecraft.world.level.block.VaultBlock	newBlockEntity	BlockPos,BlockState	9739e898bf71778bb92257f7f51764b53678eb5b270957a085577315a648793e	port	world/level/block/VaultBlock.java:63	block-sim/src/main/java/ac/cult/blocksim/engine/BlockEntityPrototypes.java	
net.minecraft.world.level.block.VaultBlock	getStateForPlacement	BlockPlaceContext	2ad1d62f2232e4987c7cd90f27de26f1537d88424f1b501bbb4d139758fdcc54	port	world/level/block/VaultBlock.java:90	block-sim/src/main/java/ac/cult/blocksim/behavior/BasicBlockRules.java	
net.minecraft.world.level.block.VegetationBlock	mayPlaceOn	BlockState,BlockGetter,BlockPos	9dba40c236b4317da1018e565686709e7bdf06d1cc69df3974e1ea0d631cca2d	port	world/level/block/VegetationBlock.java:19	block-sim/src/main/java/ac/cult/blocksim/behavior/VegetationBehavior.java	
net.minecraft.world.level.block.VegetationBlock	updateShape	BlockState,LevelReader,ScheduledTickAccess,BlockPos,Direction,BlockPos,BlockState,RandomSource	7d82f5bacb61fe01b76e57acaa62cf5a0f0e350520fb9cdf8fe65823f0dbef6d	port	world/level/block/VegetationBlock.java:23	block-sim/src/main/java/ac/cult/blocksim/behavior/VegetationBehavior.java	
net.minecraft.world.level.block.VegetationBlock	canSurvive	BlockState,LevelReader,BlockPos	23a3ab08fc8fa1c8bf477dcb1c19ecf0ef0ac8b7d3148ac5349424b0de22d41c	port	world/level/block/VegetationBlock.java:39	block-sim/src/main/java/ac/cult/blocksim/behavior/VegetationBehavior.java	
net.minecraft.world.level.block.VineBlock	getShape	BlockState,BlockGetter,BlockPos,CollisionContext	3e21ce4e351a671bf09a0815b0c126bdddae750dee103c86fdc4268521311e6c	port	world/level/block/VineBlock.java:63	block-sim/src/main/java/ac/cult/blocksim/behavior/BlockBehavior.java	Pinned VineBlock.getShape returns a constant, a state-indexed shape, or a block-state delegate; its exact boxes are emitted for every model state by VanillaDataGenerator.evaluate and read from StateFacts. Entity/world-dependent exceptions use separate behavior overrides.
net.minecraft.world.level.block.VineBlock	canSurvive	BlockState,LevelReader,BlockPos	b0280a89ef3d642e1b085bce526d2ae4ddbc6fed0db92870af67585cbb6e0317	port	world/level/block/VineBlock.java:73	block-sim/src/main/java/ac/cult/blocksim/behavior/VineBehavior.java	
net.minecraft.world.level.block.VineBlock	hasFaces	BlockState	86687e5ff859b236097d2ce969e653ce0c4cd213a18c0c44d3c047d98c88ac0f	port	world/level/block/VineBlock.java:78	block-sim/src/main/java/ac/cult/blocksim/behavior/VineBehavior.java	
net.minecraft.world.level.block.VineBlock	countFaces	BlockState	ec003cc9a8a7a8f2bc22d24a4a73b8ad926bcfbcb20fcc1943d8e96c475333a7	port	world/level/block/VineBlock.java:82	block-sim/src/main/java/ac/cult/blocksim/behavior/VineBehavior.java	
net.minecraft.world.level.block.VineBlock	canSupportAtFace	BlockGetter,BlockPos,Direction	c9a8f3a59565109db03e04232562bea264aac8a68d24a66e9436679a2c34463d	port	world/level/block/VineBlock.java:94	block-sim/src/main/java/ac/cult/blocksim/behavior/VineBehavior.java	
net.minecraft.world.level.block.VineBlock	isAcceptableNeighbour	BlockGetter,BlockPos,Direction	73e214f95f77cbf051840f5e46f67bb5781dbb3c240b9483a219d802c01c9427	port	world/level/block/VineBlock.java:113	block-sim/src/main/java/ac/cult/blocksim/behavior/VineBehavior.java	
net.minecraft.world.level.block.VineBlock	getUpdatedState	BlockState,BlockGetter,BlockPos	8458984b34646d8edb50dd54678e1897c8dd08c45182b0a8f50a21b710fcea59	port	world/level/block/VineBlock.java:117	block-sim/src/main/java/ac/cult/blocksim/behavior/VineBehavior.java	
net.minecraft.world.level.block.VineBlock	updateShape	BlockState,LevelReader,ScheduledTickAccess,BlockPos,Direction,BlockPos,BlockState,RandomSource	72b3de972595bb9ee367f4c23665381eb350a1142cdce3b32fb49f2ae67e7f9c	port	world/level/block/VineBlock.java:144	block-sim/src/main/java/ac/cult/blocksim/behavior/VineBehavior.java	
net.minecraft.world.level.block.VineBlock	canBeReplaced	BlockState,BlockPlaceContext	f98052704c74f580258bc63ff544742babb19e7523619a8fda883b578656306e	port	world/level/block/VineBlock.java:267	block-sim/src/main/java/ac/cult/blocksim/behavior/VineBehavior.java	
net.minecraft.world.level.block.VineBlock	getStateForPlacement	BlockPlaceContext	7ceb11e85cc600f3ee505e9de3a2cc4e78c9523643d38078f46800c5e2989918	port	world/level/block/VineBlock.java:273	block-sim/src/main/java/ac/cult/blocksim/behavior/VineBehavior.java	
net.minecraft.world.level.block.WallBannerBlock	canSurvive	BlockState,LevelReader,BlockPos	ce6853817b758e223ea84c4f3918a3eae2e7998cbdf8262dea43665c81bfb53a	port	world/level/block/WallBannerBlock.java:29	block-sim/src/main/java/ac/cult/blocksim/behavior/BasicBlockRules.java	basic-rules.tsv binds wall_solid/floor_solid support, opposite nearest horizontal facing or yaw+180 rotation, actual waterlogged state for signs, and removal only after a support-direction update. SupportRules reads the generated isSolid field.
net.minecraft.world.level.block.WallBannerBlock	updateShape	BlockState,LevelReader,ScheduledTickAccess,BlockPos,Direction,BlockPos,BlockState,RandomSource	8ba249bf65405c4ca3a06ff95c0bb36dddebfef1da58ca3d901c9c280ae86cb3	port	world/level/block/WallBannerBlock.java:34	block-sim/src/main/java/ac/cult/blocksim/behavior/BasicBlockRules.java	basic-rules.tsv binds wall_solid/floor_solid support, opposite nearest horizontal facing or yaw+180 rotation, actual waterlogged state for signs, and removal only after a support-direction update. SupportRules reads the generated isSolid field.
net.minecraft.world.level.block.WallBannerBlock	getShape	BlockState,BlockGetter,BlockPos,CollisionContext	3968ad83f6910be013d68b7b933caab30630a74bb83248d096866125ff5bb696	port	world/level/block/WallBannerBlock.java:50	block-sim/src/main/java/ac/cult/blocksim/behavior/BlockBehavior.java	Pinned WallBannerBlock.getShape returns a constant, a state-indexed shape, or a block-state delegate; its exact boxes are emitted for every model state by VanillaDataGenerator.evaluate and read from StateFacts. Entity/world-dependent exceptions use separate behavior overrides.
net.minecraft.world.level.block.WallBannerBlock	getStateForPlacement	BlockPlaceContext	f146256ec504b09e14c746005fd416e10dc6facc56fd78dfffeb681a9d2ba6b9	port	world/level/block/WallBannerBlock.java:55	block-sim/src/main/java/ac/cult/blocksim/behavior/BasicBlockRules.java	basic-rules.tsv binds wall_solid/floor_solid support, opposite nearest horizontal facing or yaw+180 rotation, actual waterlogged state for signs, and removal only after a support-direction update. SupportRules reads the generated isSolid field.
net.minecraft.world.level.block.WallBlock	getShape	BlockState,BlockGetter,BlockPos,CollisionContext	3e21ce4e351a671bf09a0815b0c126bdddae750dee103c86fdc4268521311e6c	port	world/level/block/WallBlock.java:83	block-sim/src/main/java/ac/cult/blocksim/behavior/BlockBehavior.java	Pinned WallBlock.getShape returns a constant, a state-indexed shape, or a block-state delegate; its exact boxes are emitted for every model state by VanillaDataGenerator.evaluate and read from StateFacts. Entity/world-dependent exceptions use separate behavior overrides.
net.minecraft.world.level.block.WallBlock	getCollisionShape	BlockState,BlockGetter,BlockPos,CollisionContext	3ce79b4252c90e9b7155f7647c599a5b33cc2f3e964a79537fd08e8d8335b72c	port	world/level/block/WallBlock.java:88	block-sim/src/main/java/ac/cult/blocksim/behavior/BlockBehavior.java	Pinned WallBlock.getCollisionShape returns a constant, a state-indexed shape, or a block-state delegate; its exact boxes are emitted for every model state by VanillaDataGenerator.evaluate and read from StateFacts. Entity/world-dependent exceptions use separate behavior overrides.
net.minecraft.world.level.block.WallBlock	connectsTo	BlockState,boolean,Direction	dce695fa4d27f5a728dd2476b6366b89038dae3b7142dd9e85c60009cd351410	port	world/level/block/WallBlock.java:98	block-sim/src/main/java/ac/cult/blocksim/behavior/WallBehavior.java	
net.minecraft.world.level.block.WallBlock	getStateForPlacement	BlockPlaceContext	45679bdede897e631a3eb5b189f4d67b601aa58592de0d973a0fff551c4fea39	port	world/level/block/WallBlock.java:104	block-sim/src/main/java/ac/cult/blocksim/behavior/WallBehavior.java	
net.minecraft.world.level.block.WallBlock	updateShape	BlockState,LevelReader,ScheduledTickAccess,BlockPos,Direction,BlockPos,BlockState,RandomSource	a51f17c0066fc0c122328f2f4ae805f3a24f428654f55cb3bdc8e6dae8f7073a	port	world/level/block/WallBlock.java:127	block-sim/src/main/java/ac/cult/blocksim/behavior/WallBehavior.java	
net.minecraft.world.level.block.WallBlock	isConnected	BlockState,Property<WallSide>	ffab1ca768f0cb0f862cd207b27ecb914a269c5a844a05fc3ea731cbf961070a	port	world/level/block/WallBlock.java:151	block-sim/src/main/java/ac/cult/blocksim/behavior/WallBehavior.java	
net.minecraft.world.level.block.WallBlock	isCovered	VoxelShape,VoxelShape	0fd5c1e201c74b755b7b0135178140a7847de337212e73a1c1bc67d540dc04d1	port	world/level/block/WallBlock.java:155	block-sim/src/main/java/ac/cult/blocksim/behavior/WallBehavior.java	
net.minecraft.world.level.block.WallBlock	topUpdate	LevelReader,BlockState,BlockPos,BlockState	079f9efc56d2c4ffde334eb154dce0192db8b089a5c6214f3f121f7ec686b79a	port	world/level/block/WallBlock.java:159	block-sim/src/main/java/ac/cult/blocksim/behavior/WallBehavior.java	
net.minecraft.world.level.block.WallBlock	sideUpdate	LevelReader,BlockPos,BlockState,BlockPos,BlockState,Direction	ae261ba0d8ebf452f91e0fe57c63f5215930cfefa0f776849933e4da66530ae0	port	world/level/block/WallBlock.java:167	block-sim/src/main/java/ac/cult/blocksim/behavior/WallBehavior.java	
net.minecraft.world.level.block.WallBlock	updateShape	LevelReader,BlockState,BlockPos,BlockState,boolean,boolean,boolean,boolean	c03e62946c6ea7c1f756aa3e2bf8b4b89ac79cfa806c99310885f2718768c02f	port	world/level/block/WallBlock.java:188	block-sim/src/main/java/ac/cult/blocksim/behavior/WallBehavior.java	
net.minecraft.world.level.block.WallBlock	shouldRaisePost	BlockState,BlockState,VoxelShape	906251371c558247c4c6f5aec9b23d4ac2bcb145246941ab91c262535ce33ff8	port	world/level/block/WallBlock.java:203	block-sim/src/main/java/ac/cult/blocksim/behavior/WallBehavior.java	
net.minecraft.world.level.block.WallBlock	updateSides	BlockState,boolean,boolean,boolean,boolean,VoxelShape	8bdfa6b6f44668194c2cfa138303bd1b71829d953631ff6c77f28b249a2ad29b	port	world/level/block/WallBlock.java:226	block-sim/src/main/java/ac/cult/blocksim/behavior/WallBehavior.java	
net.minecraft.world.level.block.WallBlock	makeWallState	boolean,VoxelShape,VoxelShape	57690a2b4353660b0995f8d48c34a231472a054a187a24b78379a02a391588da	port	world/level/block/WallBlock.java:240	block-sim/src/main/java/ac/cult/blocksim/behavior/WallBehavior.java	
net.minecraft.world.level.block.WallBlock	getFluidState	BlockState	c7a0e8cf0670c937b327030415a9080e6908ec9b883e0dedc4af7d9b3620c737	port	world/level/block/WallBlock.java:248	block-sim/src/main/java/ac/cult/blocksim/engine/SimFluidState.java	Pinned WallBlock.getFluidState is a state-only source/waterlogged/LiquidBlock cache lookup. Generated StateFacts retain type, amount, falling flag, source flag and legacy state for every model ID.
net.minecraft.world.level.block.WallHangingSignBlock	useItemOn	ItemStack,BlockState,Level,BlockPos,Player,InteractionHand,BlockHitResult	16ec48f4c521fb6a3fff53e64453873779f16685c82032580b7c904fa7ab3883	port	world/level/block/WallHangingSignBlock.java:50	block-sim/src/main/java/ac/cult/blocksim/behavior/SignBehavior.java	Shared hanging-sign chain predicate uses DOWN for ceiling signs and clicked-face/facing axis for wall signs; wax/command front-back selection uses exact rotation-segment/facing yaw. Existing native hanging-sign-use oracle covers100000 command/wax/side cases.
net.minecraft.world.level.block.WallHangingSignBlock	shouldTryToChainAnotherHangingSign	BlockState,Player,BlockHitResult,SignBlockEntity,ItemStack	087cf9a5806530f907fcd2e32aec6d57368c02c4bdfdb1794df6b3acce64734a	port	world/level/block/WallHangingSignBlock.java:66	block-sim/src/main/java/ac/cult/blocksim/behavior/SignBehavior.java	
net.minecraft.world.level.block.WallHangingSignBlock	isHittingEditableSide	BlockHitResult,BlockState	23501f7caa7a069cf7c00ce2518597854463050eaa5ffc7bf347a30e4f68ec9d	port	world/level/block/WallHangingSignBlock.java:74	block-sim/src/main/java/ac/cult/blocksim/behavior/SignBehavior.java	Shared hanging-sign chain predicate uses DOWN for ceiling signs and clicked-face/facing axis for wall signs; wax/command front-back selection uses exact rotation-segment/facing yaw. Existing native hanging-sign-use oracle covers100000 command/wax/side cases.
net.minecraft.world.level.block.WallHangingSignBlock	getShape	BlockState,BlockGetter,BlockPos,CollisionContext	0126f7f22a0d338f695f67d7a5089a2399759a008d2cf30201a9c4165cac9dff	port	world/level/block/WallHangingSignBlock.java:78	block-sim/src/main/java/ac/cult/blocksim/behavior/BlockBehavior.java	Freshly audited pinned shape returns SHAPES/SHAPES_PLANK indexed by facing axis; exact per-state boxes are in StateFacts.
net.minecraft.world.level.block.WallHangingSignBlock	getBlockSupportShape	BlockState,BlockGetter,BlockPos	265bfc3ffe26954c7382dff3d6a22d61ddbdce08000f20f296557f8d9af3fdad	port	world/level/block/WallHangingSignBlock.java:83	block-sim/src/main/java/ac/cult/blocksim/behavior/BlockBehavior.java	Pinned WallHangingSignBlock.getBlockSupportShape returns a constant, a state-indexed shape, or a block-state delegate; its exact boxes are emitted for every model state by VanillaDataGenerator.evaluate and read from StateFacts. Entity/world-dependent exceptions use separate behavior overrides.
net.minecraft.world.level.block.WallHangingSignBlock	getCollisionShape	BlockState,BlockGetter,BlockPos,CollisionContext	058e6106b96bb9653896a8411a34fc7c0fdbbc6cfb623a1f8bd5dfabd3ef551b	port	world/level/block/WallHangingSignBlock.java:88	block-sim/src/main/java/ac/cult/blocksim/behavior/BlockBehavior.java	Freshly audited pinned shape returns SHAPES/SHAPES_PLANK indexed by facing axis; exact per-state boxes are in StateFacts.
net.minecraft.world.level.block.WallHangingSignBlock	canPlace	BlockState,LevelReader,BlockPos	31f7ae3be9e43ab82bef7e141c2744a98b1fb974804972d92a59100793418e82	port	world/level/block/WallHangingSignBlock.java:93	block-sim/src/main/java/ac/cult/blocksim/behavior/WallHangingSignBehavior.java	canPlace checks clockwise/counterclockwise support; canAttachTo uses received WALL_HANGING_SIGNS axis matching or SupportType.FULL on the attaching face.
net.minecraft.world.level.block.WallHangingSignBlock	canAttachTo	LevelReader,BlockState,BlockPos,Direction	77c4568810cd1c67e391ec60f19581457857f2d91fb2f9bd43af4d38c2cbcfa9	port	world/level/block/WallHangingSignBlock.java:100	block-sim/src/main/java/ac/cult/blocksim/behavior/WallHangingSignBehavior.java	canPlace checks clockwise/counterclockwise support; canAttachTo uses received WALL_HANGING_SIGNS axis matching or SupportType.FULL on the attaching face.
net.minecraft.world.level.block.WallHangingSignBlock	getStateForPlacement	BlockPlaceContext	17ddd8333514c7502b3c2d4232c45339013475b83257a36fdb7b720b682c2e3a	port	world/level/block/WallHangingSignBlock.java:107	block-sim/src/main/java/ac/cult/blocksim/behavior/WallHangingSignBehavior.java	Bound behavior preserves nearest-looking order, source support/tag/attachment predicates, exact rotation/facing assignments, secondary-use behavior and actual water type. No additional support or collision exemption.
net.minecraft.world.level.block.WallHangingSignBlock	updateShape	BlockState,LevelReader,ScheduledTickAccess,BlockPos,Direction,BlockPos,BlockState,RandomSource	c198ebc1842304922f6c1fc3bb91571b3ae4226d40feb297b92deb341a17d4a4	port	world/level/block/WallHangingSignBlock.java:127	block-sim/src/main/java/ac/cult/blocksim/behavior/WallHangingSignBehavior.java	Wall canSurvive remains inherited true, so canPlace is placement-only; ceiling support loss removes its state only on UP updates. Water scheduling in SignBlock does not mutate the client world.
net.minecraft.world.level.block.WallHangingSignBlock	getYRotationDegrees	BlockState	738e568a1f31faf2741580261df6c1550b238d7998a691c1c610251dfd0408fd	port	world/level/block/WallHangingSignBlock.java:143	block-sim/src/main/java/ac/cult/blocksim/behavior/SignBehavior.java	Shared hanging-sign chain predicate uses DOWN for ceiling signs and clicked-face/facing axis for wall signs; wax/command front-back selection uses exact rotation-segment/facing yaw. Existing native hanging-sign-use oracle covers100000 command/wax/side cases.
net.minecraft.world.level.block.WallHangingSignBlock	newBlockEntity	BlockPos,BlockState	ac79a527623b30ae072135801831cb5718823998dc3c6055a8c2efc38fe9b791	port	world/level/block/WallHangingSignBlock.java:163	block-sim/src/main/java/ac/cult/blocksim/engine/BlockEntityPrototypes.java	
net.minecraft.world.level.block.WallSignBlock	getShape	BlockState,BlockGetter,BlockPos,CollisionContext	3968ad83f6910be013d68b7b933caab30630a74bb83248d096866125ff5bb696	port	world/level/block/WallSignBlock.java:33	block-sim/src/main/java/ac/cult/blocksim/behavior/BlockBehavior.java	Pinned WallSignBlock.getShape returns a constant, a state-indexed shape, or a block-state delegate; its exact boxes are emitted for every model state by VanillaDataGenerator.evaluate and read from StateFacts. Entity/world-dependent exceptions use separate behavior overrides.
net.minecraft.world.level.block.WallSignBlock	canSurvive	BlockState,LevelReader,BlockPos	ce6853817b758e223ea84c4f3918a3eae2e7998cbdf8262dea43665c81bfb53a	port	world/level/block/WallSignBlock.java:38	block-sim/src/main/java/ac/cult/blocksim/behavior/BasicBlockRules.java	basic-rules.tsv binds wall_solid/floor_solid support, opposite nearest horizontal facing or yaw+180 rotation, actual waterlogged state for signs, and removal only after a support-direction update. SupportRules reads the generated isSolid field.
net.minecraft.world.level.block.WallSignBlock	getStateForPlacement	BlockPlaceContext	7430b7e6081721ea8acc4cc68f78b47684496dacb8c6791558f20e8c21ffb8cd	port	world/level/block/WallSignBlock.java:43	block-sim/src/main/java/ac/cult/blocksim/behavior/BasicBlockRules.java	basic-rules.tsv binds wall_solid/floor_solid support, opposite nearest horizontal facing or yaw+180 rotation, actual waterlogged state for signs, and removal only after a support-direction update. SupportRules reads the generated isSolid field.
net.minecraft.world.level.block.WallSignBlock	updateShape	BlockState,LevelReader,ScheduledTickAccess,BlockPos,Direction,BlockPos,BlockState,RandomSource	d47a1c5cff0f91f361f960a4b7f278e6771ce8da8eebc4b04050caa87e35044c	port	world/level/block/WallSignBlock.java:64	block-sim/src/main/java/ac/cult/blocksim/behavior/BasicBlockRules.java	
net.minecraft.world.level.block.WallSkullBlock	getShape	BlockState,BlockGetter,BlockPos,CollisionContext	3968ad83f6910be013d68b7b933caab30630a74bb83248d096866125ff5bb696	port	world/level/block/WallSkullBlock.java:25	block-sim/src/main/java/ac/cult/blocksim/behavior/BlockBehavior.java	Pinned WallSkullBlock.getShape returns a constant, a state-indexed shape, or a block-state delegate; its exact boxes are emitted for every model state by VanillaDataGenerator.evaluate and read from StateFacts. Entity/world-dependent exceptions use separate behavior overrides.
net.minecraft.world.level.block.WallSkullBlock	getStateForPlacement	BlockPlaceContext	0b055023b701803df39aedfbad634e528e2be0f4c75f6416934b0d9fcd64a589	port	world/level/block/WallSkullBlock.java:30	block-sim/src/main/java/ac/cult/blocksim/behavior/BasicBlockRules.java	The shipped basic-rules rows bind skull neighbor power, skull yaw rotation, banner yaw-plus-180 rotation, pillar clicked-face axis and wall-skull nearest horizontal blocking support. BasicBlockRules applies those assignments in native order.
net.minecraft.world.level.block.WallTorchBlock	getShape	BlockState,BlockGetter,BlockPos,CollisionContext	feec263e4c7912f678a172db3fff012a45afb644f3ad6d88c28fd0bc8f199912	port	world/level/block/WallTorchBlock.java:32	block-sim/src/main/java/ac/cult/blocksim/behavior/BlockBehavior.java	Pinned WallTorchBlock.getShape returns a constant, a state-indexed shape, or a block-state delegate; its exact boxes are emitted for every model state by VanillaDataGenerator.evaluate and read from StateFacts. Entity/world-dependent exceptions use separate behavior overrides.
net.minecraft.world.level.block.WallTorchBlock	getShape	BlockState	3968ad83f6910be013d68b7b933caab30630a74bb83248d096866125ff5bb696	port	world/level/block/WallTorchBlock.java:37	block-sim/src/main/java/ac/cult/blocksim/behavior/BlockBehavior.java	Pinned WallTorchBlock.getShape returns a constant, a state-indexed shape, or a block-state delegate; its exact boxes are emitted for every model state by VanillaDataGenerator.evaluate and read from StateFacts. Entity/world-dependent exceptions use separate behavior overrides.
net.minecraft.world.level.block.WallTorchBlock	canSurvive	BlockState,LevelReader,BlockPos	958259c280c0e8be8a2ef805de9649458a6562d73405966b56bc6e46adb34f01	port	world/level/block/WallTorchBlock.java:41	block-sim/src/main/java/ac/cult/blocksim/behavior/BasicBlockRules.java	
net.minecraft.world.level.block.WallTorchBlock	canSurvive	LevelReader,BlockPos,Direction	e90c8506d4cb90ffe869c118587a416df39fb2b6782e448d18b782b315e11f93	port	world/level/block/WallTorchBlock.java:46	block-sim/src/main/java/ac/cult/blocksim/behavior/BasicBlockRules.java	
net.minecraft.world.level.block.WallTorchBlock	getStateForPlacement	BlockPlaceContext	f146256ec504b09e14c746005fd416e10dc6facc56fd78dfffeb681a9d2ba6b9	port	world/level/block/WallTorchBlock.java:52	block-sim/src/main/java/ac/cult/blocksim/behavior/BasicBlockRules.java	
net.minecraft.world.level.block.WallTorchBlock	updateShape	BlockState,LevelReader,ScheduledTickAccess,BlockPos,Direction,BlockPos,BlockState,RandomSource	7ea5268e3387a330fd03ad74cb854bf4c75cf76bc029ffc7dc59b0079f2854d2	port	world/level/block/WallTorchBlock.java:72	block-sim/src/main/java/ac/cult/blocksim/behavior/BasicBlockRules.java	
net.minecraft.world.level.block.WaterloggedTransparentBlock	getStateForPlacement	BlockPlaceContext	fa8884870b1e58eff3a24e94b721960addc6dea042f7e4b63937f0be64c5667a	port	world/level/block/WaterloggedTransparentBlock.java:26	block-sim/src/main/java/ac/cult/blocksim/behavior/BasicBlockRules.java	
net.minecraft.world.level.block.WaterloggedTransparentBlock	updateShape	BlockState,LevelReader,ScheduledTickAccess,BlockPos,Direction,BlockPos,BlockState,RandomSource	cd735ff51720eba3ff2a816c2afb7edbf4cbad724d36eeb720fa276d61234d45	no-client-world-effect	world/level/block/WaterloggedTransparentBlock.java:32		Schedules block/fluid ticks only; ClientLevel scheduled tick access is a blackhole, then BlockBehaviour.updateShape returns the same state.
net.minecraft.world.level.block.WaterloggedTransparentBlock	getFluidState	BlockState	0fb6dc0c23833d48a39e787faef5cb5e288ce8fb5debdf019792c4a98102f607	port	world/level/block/WaterloggedTransparentBlock.java:50	block-sim/src/main/java/ac/cult/blocksim/engine/SimFluidState.java	Pinned WaterloggedTransparentBlock.getFluidState is a state-only source/waterlogged/LiquidBlock cache lookup. Generated StateFacts retain type, amount, falling flag, source flag and legacy state for every model ID.
net.minecraft.world.level.block.WeatheringCopperChestBlock	isWaxed		2321bc09cbb45126d475c441ad86ed8815b9858c7c335ad00dd0b2494d8ab965	port	world/level/block/WeatheringCopperChestBlock.java:37	block-sim/src/main/java/ac/cult/blocksim/behavior/CopperChestBehavior.java	leastOxidized uses the generated isWaxed, unwaxed and weatherState bindings; unwaxed copies shared properties and oxidation preserves the native weather-state order for connected chest placement.
net.minecraft.world.level.block.WeatheringCopperCollection	create	String	c91d0e748e2bf23a953685277b4a6fcde5649cb5db237d90c2eff7df90722607	port	world/level/block/WeatheringCopperCollection.java:31	block-sim-generator/src/vanilla/java/ac/cult/blocksim/generator/VanillaDataGenerator.java	world/level/block/WeatheringCopperCollection.java:31: Bootstrap collection construction repeats its supplied value across color/weathering variants. Generation emits the resulting concrete block/state bindings; action code reads those immutable bindings.
net.minecraft.world.level.block.WeatheringCopperCollection$ByState	create	T	d59347a8f5de977fa63596c6e21b0e58827ff9a1f4263dc81a39ef1a8c1c67b7	port	world/level/block/WeatheringCopperCollection.java:131	block-sim-generator/src/vanilla/java/ac/cult/blocksim/generator/VanillaDataGenerator.java	world/level/block/WeatheringCopperCollection.java:131: Bootstrap collection construction repeats its supplied value across color/weathering variants. Generation emits the resulting concrete block/state bindings; action code reads those immutable bindings.
net.minecraft.world.level.block.WeatheringCopperGolemStatueBlock	useItemOn	ItemStack,BlockState,Level,BlockPos,Player,InteractionHand,BlockHitResult	a0930f99c94db70a0aa9a9329c32885cb8fc63b0f5b124d1d16c245b0a142257	port	world/level/block/WeatheringCopperGolemStatueBlock.java:38	block-sim/src/main/java/ac/cult/blocksim/behavior/CopperGolemStatueBehavior.java	
net.minecraft.world.level.block.WeepingVinesBlock	getBodyBlock		a126ff5519dea487b1f3e83945b42d24b7ac50b9ec6a97138ccead1df833c186	port	world/level/block/WeepingVinesBlock.java:21	block-sim/src/main/java/ac/cult/blocksim/behavior/GrowingPlantBehavior.java	head and body read the generated getHeadBlock/getBodyBlock bindings, including each head/body self binding and the cave-vines, kelp and twisting/weeping-vines pairs. Placement, support and neighbor conversion share these handles.
net.minecraft.world.level.block.WeepingVinesPlantBlock	getHeadBlock		acb4958d9566444d65cb132ef0107d213f3bac4cdfd8e129ae616429646814fa	port	world/level/block/WeepingVinesPlantBlock.java:14	block-sim/src/main/java/ac/cult/blocksim/behavior/GrowingPlantBehavior.java	head and body read the generated getHeadBlock/getBodyBlock bindings, including each head/body self binding and the cave-vines, kelp and twisting/weeping-vines pairs. Placement, support and neighbor conversion share these handles.
net.minecraft.world.level.block.WeightedPressurePlateBlock	getSignalForState	BlockState	9e4f654859f4049ec85dd7904d7d29534b6097c0771a3345bf952137b405d986	port	world/level/block/WeightedPressurePlateBlock.java:35	block-sim/src/main/java/ac/cult/blocksim/behavior/BasicBlockRules.java	
net.minecraft.world.level.block.WitherRoseBlock	mayPlaceOn	BlockState,BlockGetter,BlockPos	60f8761faabed48f803dcf3ef645c3f2fb6cc13b44c10f75a1c8f4cf7f3e7e75	port	world/level/block/WitherRoseBlock.java:34	block-sim/src/main/java/ac/cult/blocksim/behavior/BasicBlockRules.java	
net.minecraft.world.level.block.WitherSkullBlock	setPlacedBy	Level,BlockPos,BlockState,LivingEntity,ItemStack	3e8169a7df3542122b7a31179f757c822c549072be88013dcca0e470c85f8cf6	server-only	world/level/block/WitherSkullBlock.java:33		Placement only invokes WitherSkullBlock.checkSpawn; its mutation/spawn branch is guarded by !level.isClientSide() in world/level/block/WitherSkullBlock.java:44.
net.minecraft.world.level.block.WitherWallSkullBlock	setPlacedBy	Level,BlockPos,BlockState,LivingEntity,ItemStack	145b00f7e55061adc752743d4c392e773273ccce13c2dfa55d71b08e7e46dd40	server-only	world/level/block/WitherWallSkullBlock.java:16		Placement only invokes WitherSkullBlock.checkSpawn; its mutation/spawn branch is guarded by !level.isClientSide() in world/level/block/WitherSkullBlock.java:44.
net.minecraft.world.level.block.entity.AbstractFurnaceBlockEntity	getCount		ed1d88c5a03c17919e1b1318f7342296d231ce4feceb67bb058bfe30cd0dcdbd	no-client-world-effect	world/level/block/entity/AbstractFurnaceBlockEntity.java:107		Pinned AbstractFurnaceBlockEntity.java:73-110 is the anonymous ContainerData field-count getter (4), not an inventory item count. FurnaceBlockEntity/BlastFurnaceBlockEntity/SmokerBlockEntity.createMenu pass it to their menu for data-slot synchronization; it has no action or collision effect.
net.minecraft.world.level.block.entity.AbstractFurnaceBlockEntity	saveAdditional	ValueOutput	369a1f9b3ccd9e4d708284ba2175e3e649cc78623746f3c880b1d0623a9daf44	port	world/level/block/entity/AbstractFurnaceBlockEntity.java:136	common/src/main/java/ac/cult/cultac/utils/latency/ClientContainerFields.java	world/level/block/entity/AbstractFurnaceBlockEntity.java:136: retain the saved Items slot/id/count/stack-limit inputs read by client comparator prediction, plus crafter disabled_slots; valid loot-table presence means empty client contents. Cooking, brewing, transfer, loot seeds, names and lock fields are outside the user-requested minimal Adventure/NBT scope. Retained signals independently matched the original client in the sparse block-entity oracle.
net.minecraft.world.level.block.entity.AbstractFurnaceBlockEntity	canBurn	NonNullList<ItemStack>,int,ItemStack	e133bc664b8c9a935df4cacf7b87174385a5a81ac30290adacf586807896afa7	server-only	world/level/block/entity/AbstractFurnaceBlockEntity.java:242		Pinned AbstractFurnaceBlockEntity.java:151-172 calls this private helper only from serverTick(ServerLevel,...), to check smelting output capacity. Client load/save inventory and thermal fields are retained independently; clients do not predict server recipe execution.
net.minecraft.world.level.block.entity.BannerBlockEntity	saveAdditional	ValueOutput	5b378731d63cb2b88ceb957078d5c8d2b0cd34be485cc3b8a6162cb376e3fa08	no-client-world-effect	world/level/block/entity/BannerBlockEntity.java:48		world/level/block/entity/BannerBlockEntity.java:48: serialization or collection of cosmetic/menu/server state has no action, collision or signal consumer in the anticheat. Full saved-NBT reproduction and deep Adventure predicates were explicitly removed from scope; the wire reader skips these fields. BaseContainerBlockEntity.isLocked is used by collectImplicitComponents at165, not client use outcomes. VaultBlock.useItemOn:49-59 reads config/server/shared data only under ServerLevel.
net.minecraft.world.level.block.entity.BannerBlockEntity	applyImplicitComponents	DataComponentGetter	006b531d62eb4ddf542f2c88d33500b0a36e33f26c1dffbc71a2936c3909f229	no-client-world-effect	world/level/block/entity/BannerBlockEntity.java:88		Minimal anticheat scope: these stored fields have no client action, signal or collision consumer. Basic adventure predicates use block/tag/state and retained prediction fields; cosmetic, rendering and server-only data is skipped, without full saved-NBT normalization.
net.minecraft.world.level.block.entity.BannerPatterns	create	String	74354efe01c1e88cbde3c1d3b4bb18a5c46124f3740ac0dafd98bb441470e8fe	port	world/level/block/entity/BannerPatterns.java:53	block-sim/src/main/java/ac/cult/blocksim/data/DataTables.java	world/level/block/entity/BannerPatterns.java:53: Read-only minecraft-namespace key factory for banner_pattern. Generated bindings and received named values retain these keys; no runtime native ResourceKey construction is needed.
net.minecraft.world.level.block.entity.BarrelBlockEntity	saveAdditional	ValueOutput	cf43914ce2f52f41d04e94cd63ab9ef70ffc21ccc59a493022d39ad0c30d49a1	port	world/level/block/entity/BarrelBlockEntity.java:60	common/src/main/java/ac/cult/cultac/utils/latency/ClientContainerFields.java	world/level/block/entity/BarrelBlockEntity.java:60: retain the saved Items slot/id/count/stack-limit inputs read by client comparator prediction, plus crafter disabled_slots; valid loot-table presence means empty client contents. Cooking, brewing, transfer, loot seeds, names and lock fields are outside the user-requested minimal Adventure/NBT scope. Retained signals independently matched the original client in the sparse block-entity oracle.
net.minecraft.world.level.block.entity.BaseContainerBlockEntity	saveAdditional	ValueOutput	93e5caa1d8f10cc6980aba6a3ac7558d852f399bb7b8f790e950cbfb761881ad	no-client-world-effect	world/level/block/entity/BaseContainerBlockEntity.java:49		world/level/block/entity/BaseContainerBlockEntity.java:49: serialization or collection of cosmetic/menu/server state has no action, collision or signal consumer in the anticheat. Full saved-NBT reproduction and deep Adventure predicates were explicitly removed from scope; the wire reader skips these fields. BaseContainerBlockEntity.isLocked is used by collectImplicitComponents at165, not client use outcomes. VaultBlock.useItemOn:49-59 reads config/server/shared data only under ServerLevel.
net.minecraft.world.level.block.entity.BaseContainerBlockEntity	isLocked		b7ed9a15ac0f12aff64f1c9869081eb081d997f54fdcf4e222916b6d0a2aefb6	no-client-world-effect	world/level/block/entity/BaseContainerBlockEntity.java:85		world/level/block/entity/BaseContainerBlockEntity.java:85: serialization or collection of cosmetic/menu/server state has no action, collision or signal consumer in the anticheat. Full saved-NBT reproduction and deep Adventure predicates were explicitly removed from scope; the wire reader skips these fields. BaseContainerBlockEntity.isLocked is used by collectImplicitComponents at165, not client use outcomes. VaultBlock.useItemOn:49-59 reads config/server/shared data only under ServerLevel.
net.minecraft.world.level.block.entity.BaseContainerBlockEntity	isEmpty		b11ca0de161a31dfd49584393fa8ee7f169a65b8409fd7d70db62326ca91e286	port	world/level/block/entity/BaseContainerBlockEntity.java:93	common/src/main/java/ac/cult/cultac/utils/latency/ClientContainerFields.java	BaseContainerBlockEntity.java:93-102/CrafterBlockEntity.java:155-163/ListBackedContainer.java:26-28/RandomizableContainerBlockEntity.java:48-51: no nonempty stored stack means empty; random loot is not unpacked client-side. Sparse valid nonempty slot/count inputs preserve this value and comparator/crafter fill without an inventory wrapper.
net.minecraft.world.level.block.entity.BaseContainerBlockEntity	applyImplicitComponents	DataComponentGetter	7e63bc53f4e366dd2c45832b901eb7a2be884366fdd1bb5a531f2afcf9f1faa7	port	world/level/block/entity/BaseContainerBlockEntity.java:153	block-sim/src/main/java/ac/cult/blocksim/entity/ContainerEntityComponents.java	
net.minecraft.world.level.block.entity.BeaconBeamOwner$Section	getHeight		fd9e6e9245598269bbac918ef296d4cd0eac25cb981a71338b051433c9d1ceaf	no-client-world-effect	world/level/block/entity/BeaconBeamOwner.java:25		Returns a beam-section render height. BeaconRenderer extracts it into BeaconRenderState.Section; beam rendering does not change client blocks, inventory or collision.
net.minecraft.world.level.block.entity.BeaconBlockEntity	getCount		cb83c9a0fc67676fec77cac4dbf1d7cc34341d9087551c6d671e5b8e916714bc	no-client-world-effect	world/level/block/entity/BeaconBlockEntity.java:107		Pinned BeaconBlockEntity.java:78-110 is the anonymous ContainerData field-count getter (3); createMenu at 349-351 passes it to BeaconMenu. Only menu data-slot capacity is excluded; effect state and saved predicate NBT are retained.
net.minecraft.world.level.block.entity.BeaconBlockEntity	saveAdditional	ValueOutput	000e5e0a880f2167432e8b3cee2a69b21523f4405719b2ef26168c9c5284861a	no-client-world-effect	world/level/block/entity/BeaconBlockEntity.java:329		Minimal anticheat scope: these stored fields have no client action, signal or collision consumer. Basic adventure predicates use block/tag/state and retained prediction fields; cosmetic, rendering and server-only data is skipped, without full saved-NBT normalization.
net.minecraft.world.level.block.entity.BeaconBlockEntity	applyImplicitComponents	DataComponentGetter	e95f943258bd457d9835a6831264eee2f82d22f355518c229b5d9f99b9093eba	no-client-world-effect	world/level/block/entity/BeaconBlockEntity.java:368		Minimal anticheat scope: these stored fields have no client action, signal or collision consumer. Basic adventure predicates use block/tag/state and retained prediction fields; cosmetic, rendering and server-only data is skipped, without full saved-NBT normalization.
net.minecraft.world.level.block.entity.BeehiveBlockEntity	isEmpty		662c5cd3902b25ec3acf785c3b05a9ce15c4989795fea4e32f0bb387bcbd1568	no-client-world-effect	world/level/block/entity/BeehiveBlockEntity.java:113		BeehiveBlockEntity.java:113-115/393-395 and BeehiveBlock.java:156-195/284-300: occupant data affects bee release/anger and server drops, not retained block-action results. Bottle/honey block and inventory changes are modeled independently; bee entities arrive through packets. No occupant entity NBT allocation/retention.
net.minecraft.world.level.block.entity.BeehiveBlockEntity	saveAdditional	ValueOutput	aa337c8c1e274821466ff977555d125f7aa12d8a632f0b7f5c56782bc0ac3362	no-client-world-effect	world/level/block/entity/BeehiveBlockEntity.java:298		Minimal anticheat scope: these stored fields have no client action, signal or collision consumer. Basic adventure predicates use block/tag/state and retained prediction fields; cosmetic, rendering and server-only data is skipped, without full saved-NBT normalization.
net.minecraft.world.level.block.entity.BeehiveBlockEntity	applyImplicitComponents	DataComponentGetter	1f9e4d50128005f928e10878af2f7271d80f2ce926de3b8fa8240f81f829ad20	no-client-world-effect	world/level/block/entity/BeehiveBlockEntity.java:305		Minimal anticheat scope: these stored fields have no client action, signal or collision consumer. Basic adventure predicates use block/tag/state and retained prediction fields; cosmetic, rendering and server-only data is skipped, without full saved-NBT normalization.
net.minecraft.world.level.block.entity.BeehiveBlockEntity$Occupant	create	int	d4aa802b9853485a665163adf5d15a9ff5d25b7d451fd7928c4e0cea6499baa8	no-client-world-effect	world/level/block/entity/BeehiveBlockEntity.java:393		BeehiveBlockEntity.java:113-115/393-395 and BeehiveBlock.java:156-195/284-300: occupant data affects bee release/anger and server drops, not retained block-action results. Bottle/honey block and inventory changes are modeled independently; bee entities arrive through packets. No occupant entity NBT allocation/retention.
net.minecraft.world.level.block.entity.BlockEntity	saveAdditional	ValueOutput	8eb95bcbc154530931e15fc418c8b1fe991095671409552099ea1aa596999ede	no-client-world-effect	world/level/block/entity/BlockEntity.java:110		Pinned BlockEntity.java:110: the base saveAdditional hook has an empty body. Subclass saved fields and saveWithoutMetadata component-map encoding are reviewed separately.
net.minecraft.world.level.block.entity.BlockEntity	saveWithoutMetadata	Provider	5cceb6d2d53937835fb6d4172b20d8d858924d893494b1096941dc7426b33b29	port	world/level/block/entity/BlockEntity.java:131	block-sim/src/main/java/ac/cult/blocksim/engine/BlockEntityData.java	BlockEntity.java:131-145: save type-specific fields plus residual components. BlockEntityData.savedData stores only the source-reviewed action/signal/geometry fields under the user basic-Adventure scope; cosmetic/residual component serialization is intentionally omitted.
net.minecraft.world.level.block.entity.BlockEntity	saveWithoutMetadata	ValueOutput	060ea111af2d861f4bce88aad279ba6a43509a91c87efe33ce609eb752d82cf1	port	world/level/block/entity/BlockEntity.java:139	block-sim/src/main/java/ac/cult/blocksim/engine/BlockEntityData.java	BlockEntity.java:131-145: save type-specific fields plus residual components. BlockEntityData.savedData stores only the source-reviewed action/signal/geometry fields under the user basic-Adventure scope; cosmetic/residual component serialization is intentionally omitted.
net.minecraft.world.level.block.entity.BlockEntity	setBlockState	BlockState	29ce99e1066e67cd6caa101f3df5a2050393d006ae54217e7390d61c8d2b04a9	port	world/level/block/entity/BlockEntity.java:270	common/src/main/java/ac/cult/cultac/utils/latency/CompensatedBlockEntities.java	BlockEntity.java:270-273: validate and replace the owning block state. Sparse Entry stores compensated state; stateChanged preserves only same-block/explicit supported families, and predict verifies generated block-entity type compatibility.
net.minecraft.world.level.block.entity.BlockEntity	applyImplicitComponents	DataComponentGetter	8eb95bcbc154530931e15fc418c8b1fe991095671409552099ea1aa596999ede	no-client-world-effect	world/level/block/entity/BlockEntity.java:276		Pinned BlockEntity.java:276: the base applyImplicitComponents hook is empty. BlockEntityComponentApplication dispatches the reviewed subclass hooks in inheritance order.
net.minecraft.world.level.block.entity.BlockEntity	applyComponentsFromItemStack	ItemStack	e57c620dac1d14627855046c18b145fc06b3900cb976e2d6f9a81d6b015e080e	port	world/level/block/entity/BlockEntity.java:279	block-sim/src/main/java/ac/cult/blocksim/entity/BlockEntityComponentApplication.java	Dispatch only component effects consumed by action, signal or collision prediction; do not retain unused residual components or reproduce full saved NBT.
net.minecraft.world.level.block.entity.BlockEntity	applyComponents	DataComponentMap,DataComponentPatch	1acef1933eaca6d0dc5d093098a34d3ecdc352420b541c2976974c4eac3a4289	port	world/level/block/entity/BlockEntity.java:283	block-sim/src/main/java/ac/cult/blocksim/entity/BlockEntityComponentApplication.java	Dispatch only component effects consumed by action, signal or collision prediction; do not retain unused residual components or reproduce full saved NBT.
net.minecraft.world.level.block.entity.BlockEntityType	create	BlockPos,BlockState	c0bc59c288572590b9503f72c4e33adee989d7e739d5b0782f126511f89fe762	port	world/level/block/entity/BlockEntityType.java:22	block-sim/src/main/java/ac/cult/blocksim/engine/BlockEntityPrototypes.java	world/level/block/entity/BlockEntityType.java:22: The factory constructs the state-specific client block entity. Generation records its type and constructor NBT (including state overrides); BlockEntityPrototypes reconstructs the owned data without native entity callbacks.
net.minecraft.world.level.block.entity.BlockEntityType	isValid	BlockState	77e57acf7c9be5d0728b3a8a9ea72b989217623c8bd7a3eeeeae994f321e26e5	port	world/level/block/entity/BlockEntityType.java:26	common/src/main/java/ac/cult/cultac/utils/latency/CompensatedBlockEntities.java	BlockEntityType.java:26-28: supported-block membership. Generated blockEntity.type bindings identify the required type at each state; incoming and predicted sparse entities must match that binding.
net.minecraft.world.level.block.entity.BlockEntityTypeIds	create	String	c233be4e3b939b918661891a33650ea6e42e09e8fa59c732c8033f5eab784f05	port	world/level/block/entity/BlockEntityTypeIds.java:58	block-sim/src/main/java/ac/cult/blocksim/data/DataTables.java	world/level/block/entity/BlockEntityTypeIds.java:58: Read-only minecraft-namespace key factory for block_entity_type. Generated bindings and received named values retain these keys; no runtime native ResourceKey construction is needed.
net.minecraft.world.level.block.entity.BrewingStandBlockEntity	getCount		ed1d88c5a03c17919e1b1318f7342296d231ce4feceb67bb058bfe30cd0dcdbd	no-client-world-effect	world/level/block/entity/BrewingStandBlockEntity.java:91		Pinned BrewingStandBlockEntity.java:62-94 is the anonymous ContainerData field-count getter (4); createMenu at 316-317 passes it to BrewingStandMenu. Saved brewing/fuel fields remain client-visible predicate data; this menu capacity does not affect prediction.
net.minecraft.world.level.block.entity.BrewingStandBlockEntity	saveAdditional	ValueOutput	849a02102d0260e640cc09652938ef1dde2399f0cd770505b75e54d27d7c240a	port	world/level/block/entity/BrewingStandBlockEntity.java:269	common/src/main/java/ac/cult/cultac/utils/latency/ClientContainerFields.java	world/level/block/entity/BrewingStandBlockEntity.java:269: retain the saved Items slot/id/count/stack-limit inputs read by client comparator prediction, plus crafter disabled_slots; valid loot-table presence means empty client contents. Cooking, brewing, transfer, loot seeds, names and lock fields are outside the user-requested minimal Adventure/NBT scope. Retained signals independently matched the original client in the sparse block-entity oracle.
net.minecraft.world.level.block.entity.BrushableBlockEntity	saveAdditional	ValueOutput	c8daf328ed91727494bc69a97d1edc9bc029e47fe7d2c4739990691a2a33856a	no-client-world-effect	world/level/block/entity/BrushableBlockEntity.java:218		Minimal anticheat scope: these stored fields have no client action, signal or collision consumer. Basic adventure predicates use block/tag/state and retained prediction fields; cosmetic, rendering and server-only data is skipped, without full saved-NBT normalization.
net.minecraft.world.level.block.entity.CampfireBlockEntity	saveAdditional	ValueOutput	18edc498e204efdf7450640d4f10a25c5ea6835f21e89ba02eafbbf2ac400a88	no-client-world-effect	world/level/block/entity/CampfireBlockEntity.java:147		Minimal anticheat scope: these stored fields have no client action, signal or collision consumer. Basic adventure predicates use block/tag/state and retained prediction fields; cosmetic, rendering and server-only data is skipped, without full saved-NBT normalization.
net.minecraft.world.level.block.entity.CampfireBlockEntity	applyImplicitComponents	DataComponentGetter	26a709e075afe3b1b94692903444f42b9005f9df16eb2d01086ea2dae5295108	no-client-world-effect	world/level/block/entity/CampfireBlockEntity.java:207		Minimal anticheat scope: these stored fields have no client action, signal or collision consumer. Basic adventure predicates use block/tag/state and retained prediction fields; cosmetic, rendering and server-only data is skipped, without full saved-NBT normalization.
net.minecraft.world.level.block.entity.ChestBlockEntity	saveAdditional	ValueOutput	cf43914ce2f52f41d04e94cd63ab9ef70ffc21ccc59a493022d39ad0c30d49a1	port	world/level/block/entity/ChestBlockEntity.java:92	common/src/main/java/ac/cult/cultac/utils/latency/ClientContainerFields.java	world/level/block/entity/ChestBlockEntity.java:92: retain the saved Items slot/id/count/stack-limit inputs read by client comparator prediction, plus crafter disabled_slots; valid loot-table presence means empty client contents. Cooking, brewing, transfer, loot seeds, names and lock fields are outside the user-requested minimal Adventure/NBT scope. Retained signals independently matched the original client in the sparse block-entity oracle.
net.minecraft.world.level.block.entity.ChiseledBookShelfBlockEntity	updateState	int	81b918700682e31a832cf44fd2d5678bb610d5da59a7a695aa9725ad508e4470	server-only	world/level/block/entity/ChiseledBookShelfBlockEntity.java:36		ChiseledBookShelfBlockEntity.java:36-53/69-72: mutate server inventory occupancy/last slot and its capacity. ChiseledBookShelfBlock.java:122-143 guards insertion/removal with !isClientSide, and client analog output is0 at182-188. Client reads received occupied state properties; no book inventory retained.
net.minecraft.world.level.block.entity.ChiseledBookShelfBlockEntity	saveAdditional	ValueOutput	21ebaa30d423697301454d00bbc24804f2892387ccee4d08990db18c04c31d8d	no-client-world-effect	world/level/block/entity/ChiseledBookShelfBlockEntity.java:62		Minimal anticheat scope: these stored fields have no client action, signal or collision consumer. Basic adventure predicates use block/tag/state and retained prediction fields; cosmetic, rendering and server-only data is skipped, without full saved-NBT normalization.
net.minecraft.world.level.block.entity.ChiseledBookShelfBlockEntity	getMaxStackSize		f91ee2fdae6d719d81f27acd8cfcca627828990d7169514126f9753a5ee11fa8	server-only	world/level/block/entity/ChiseledBookShelfBlockEntity.java:69		ChiseledBookShelfBlockEntity.java:36-53/69-72: mutate server inventory occupancy/last slot and its capacity. ChiseledBookShelfBlock.java:122-143 guards insertion/removal with !isClientSide, and client analog output is0 at182-188. Client reads received occupied state properties; no book inventory retained.
net.minecraft.world.level.block.entity.ChiseledBookShelfBlockEntity	applyImplicitComponents	DataComponentGetter	2564899d75e977540f3a6eca56ccd6afab604ebc0516710a9b88e0740eb206fe	no-client-world-effect	world/level/block/entity/ChiseledBookShelfBlockEntity.java:123		Minimal anticheat scope: these stored fields have no client action, signal or collision consumer. Basic adventure predicates use block/tag/state and retained prediction fields; cosmetic, rendering and server-only data is skipped, without full saved-NBT normalization.
net.minecraft.world.level.block.entity.CommandBlockEntity	isValid		1fc2bfe0a84c5363738918e480046f877cea58074ab39cee8ebc304e22073ef4	no-client-world-effect	world/level/block/entity/CommandBlockEntity.java:56		CommandBlockEntity.java:56-58: command-source validity delegates to entity removal state. Command execution is server-side; client signal prediction retains SuccessCount and does not create a command source.
net.minecraft.world.level.block.entity.CommandBlockEntity	saveAdditional	ValueOutput	5fc01aebf5a699eac16c2b2ef4668f6f827e965a15d95e8c2ff9d9dfba32e221	port	world/level/block/entity/CommandBlockEntity.java:66	common/src/main/java/ac/cult/cultac/utils/latency/ClientBlockEntityFields.java	Sparse source-backed prediction inputs only: SuccessCount, last_vibration_frequency, powered or countdown. Potent sulfur retains a missing countdown across compensated packet loads. Other saved fields and component maps are discarded.
net.minecraft.world.level.block.entity.CommandBlockEntity	applyImplicitComponents	DataComponentGetter	fd6918185fa90a60ca0ea269c7806c4119d1fc64161a103d85ef9cd042b1b2fd	no-client-world-effect	world/level/block/entity/CommandBlockEntity.java:158		Minimal anticheat scope: these stored fields have no client action, signal or collision consumer. Basic adventure predicates use block/tag/state and retained prediction fields; cosmetic, rendering and server-only data is skipped, without full saved-NBT normalization.
net.minecraft.world.level.block.entity.ComparatorBlockEntity	saveAdditional	ValueOutput	a39133bdadd2b69546aa9834fb662c95151d0d90fdd134f4ab3a213f0dfeadf7	port	world/level/block/entity/ComparatorBlockEntity.java:16	block-sim/src/main/java/ac/cult/blocksim/behavior/ComparatorBehavior.java	ComparatorBlockEntity.saveAdditional writes OutputSignal to integer NBT; portable mutation retains the saved field.
net.minecraft.world.level.block.entity.ComparatorBlockEntity	getOutputSignal		8b73201f908ac0f03617ef79f266b85c769cabcb6b568ffcd79c2264c61ecb12	port	world/level/block/entity/ComparatorBlockEntity.java:28	block-sim/src/main/java/ac/cult/blocksim/behavior/ComparatorBehavior.java	ComparatorBlockEntity.getOutputSignal reads the client OutputSignal field; updated by immediate comparator use.
net.minecraft.world.level.block.entity.ConduitBlockEntity	saveAdditional	ValueOutput	6fd9d5fef8cf3f71e6e11abc5b945574a68c8ce38a15533681897e5fbb9b85d2	no-client-world-effect	world/level/block/entity/ConduitBlockEntity.java:59		Minimal anticheat scope: these stored fields have no client action, signal or collision consumer. Basic adventure predicates use block/tag/state and retained prediction fields; cosmetic, rendering and server-only data is skipped, without full saved-NBT normalization.
net.minecraft.world.level.block.entity.ConduitBlockEntity	updateShape	Level,BlockPos,List<BlockPos>	c732a91d56a7e3c844798339ba8f72308ff9e259fe3a1c464b62e1fe190ea635	no-client-world-effect	world/level/block/entity/ConduitBlockEntity.java:125		ConduitBlockEntity.updateShape collects the water/frame geometry for ambient rendering and server effect application. It writes no blocks, inventory, food, cooldown or local item-use fields.
net.minecraft.world.level.block.entity.CrafterBlockEntity	getCount		598d09aa207e87b87343d6f5da18aa9b6e032442cd1b44e7b9332fcdf6f3ce84	no-client-world-effect	world/level/block/entity/CrafterBlockEntity.java:56		Pinned CrafterBlockEntity.java:38-60 is the anonymous ContainerData field-count getter (10); createMenu at 72-73 passes it to CrafterMenu. This getter only sizes menu data slots; disabled slots, trigger state and block-entity NBT are separate retained mechanics.
net.minecraft.world.level.block.entity.CrafterBlockEntity	saveAdditional	ValueOutput	7d96149bc4786f7183e24a98517407a41c40e9e0567d7ac3130f075016a2f125	port	world/level/block/entity/CrafterBlockEntity.java:138	common/src/main/java/ac/cult/cultac/utils/latency/ClientContainerFields.java	world/level/block/entity/CrafterBlockEntity.java:138: retain the saved Items slot/id/count/stack-limit inputs read by client comparator prediction, plus crafter disabled_slots; valid loot-table presence means empty client contents. Cooking, brewing, transfer, loot seeds, names and lock fields are outside the user-requested minimal Adventure/NBT scope. Retained signals independently matched the original client in the sparse block-entity oracle.
net.minecraft.world.level.block.entity.CrafterBlockEntity	isEmpty		34dff3d54bf1c602f828c104ff1e44fc4714072bf6ba401e4730a4e65ac386c3	port	world/level/block/entity/CrafterBlockEntity.java:155	common/src/main/java/ac/cult/cultac/utils/latency/ClientContainerFields.java	BaseContainerBlockEntity.java:93-102/CrafterBlockEntity.java:155-163/ListBackedContainer.java:26-28/RandomizableContainerBlockEntity.java:48-51: no nonempty stored stack means empty; random loot is not unpacked client-side. Sparse valid nonempty slot/count inputs preserve this value and comparator/crafter fill without an inventory wrapper.
net.minecraft.world.level.block.entity.CrafterBlockEntity	getHeight		cb83c9a0fc67676fec77cac4dbf1d7cc34341d9087551c6d671e5b8e916714bc	no-client-world-effect	world/level/block/entity/CrafterBlockEntity.java:200		CrafterBlockEntity.java:200-202: constant3 crafting grid dimension. Client action opens a server menu and receives slots; this helper neither changes block geometry nor predicts crafting output.
net.minecraft.world.level.block.entity.CrafterBlockEntity	getRedstoneSignal		308a1267acc446d20ad4632645518888ab24ff963c0f18f54123dd8df2f348ef	port	world/level/block/entity/CrafterBlockEntity.java:251	block-sim/src/main/java/ac/cult/blocksim/engine/AnalogSignals.java	Pinned CrafterBlockEntity.getRedstoneSignal reads the compensated item/component/page/disabled-slot snapshot and received registry values; no server simulation is run.
net.minecraft.world.level.block.entity.CreakingHeartBlockEntity	getAnalogOutputSignal		bb1db46c7bd24d1640ac9da0924f8dd6a63960cef5f9e171b0f271df06a9aab7	port	world/level/block/entity/CreakingHeartBlockEntity.java:337	block-sim/src/main/java/ac/cult/blocksim/engine/AnalogSignals.java	Pinned CreakingHeartBlockEntity.getAnalogOutputSignal is represented by generated family binding and compensated state/entity/container fields. Client-only zero results and server-only heart output updates are preserved.
net.minecraft.world.level.block.entity.CreakingHeartBlockEntity	saveAdditional	ValueOutput	8b55af7d57419c09bb8232eef87ee511df40503b962c4180531fbd6b6d27e801	no-client-world-effect	world/level/block/entity/CreakingHeartBlockEntity.java:357		Minimal anticheat scope: these stored fields have no client action, signal or collision consumer. Basic adventure predicates use block/tag/state and retained prediction fields; cosmetic, rendering and server-only data is skipped, without full saved-NBT normalization.
net.minecraft.world.level.block.entity.DecoratedPotBlockEntity	saveAdditional	ValueOutput	d5fc6cf71548f96c5a3e1234da04a0e1716fa49d59445564b1364ed2795b0346	port	world/level/block/entity/DecoratedPotBlockEntity.java:43	common/src/main/java/ac/cult/cultac/utils/latency/ClientContainerFields.java	Comparator projection retains only item id/count/max_stack_size; a valid loot-table key clears client contents. Decorations and loot seeds have no predicted effect.
net.minecraft.world.level.block.entity.DecoratedPotBlockEntity	getDirection		4ea1cf5740a0cc8048c5e5288f7f975b9e79e3095e274e7db4ad30ea313ee5ae	port	world/level/block/entity/DecoratedPotBlockEntity.java:75	block-sim/src/main/java/ac/cult/blocksim/behavior/DecoratedPotBehavior.java	DecoratedPotBlockEntity.java:75-77: direction comes from owning state HORIZONTAL_FACING. DecoratedPotBehavior and generated property readers use that compensated state directly; no duplicate entity direction field.
net.minecraft.world.level.block.entity.DecoratedPotBlockEntity	applyImplicitComponents	DataComponentGetter	659efbf2af4240dcb370e2c2a2fbc493ee2db5685438ffeac12ec60c1ff5eb22	port	world/level/block/entity/DecoratedPotBlockEntity.java:118	block-sim/src/main/java/ac/cult/blocksim/entity/ContainerEntityComponents.java	
net.minecraft.world.level.block.entity.DecoratedPotPatterns	create	String	3d90f6771dc7dc446f8e884293586ab47858dd15b26d49a24a0fe65bd005a944	port	world/level/block/entity/DecoratedPotPatterns.java:43	block-sim/src/main/java/ac/cult/blocksim/data/DataTables.java	world/level/block/entity/DecoratedPotPatterns.java:43: Read-only minecraft-namespace key factory for decorated_pot_pattern. Generated bindings and received named values retain these keys; no runtime native ResourceKey construction is needed.
net.minecraft.world.level.block.entity.DispenserBlockEntity	saveAdditional	ValueOutput	cf43914ce2f52f41d04e94cd63ab9ef70ffc21ccc59a493022d39ad0c30d49a1	port	world/level/block/entity/DispenserBlockEntity.java:87	common/src/main/java/ac/cult/cultac/utils/latency/ClientContainerFields.java	world/level/block/entity/DispenserBlockEntity.java:87: retain the saved Items slot/id/count/stack-limit inputs read by client comparator prediction, plus crafter disabled_slots; valid loot-table presence means empty client contents. Cooking, brewing, transfer, loot seeds, names and lock fields are outside the user-requested minimal Adventure/NBT scope. Retained signals independently matched the original client in the sparse block-entity oracle.
net.minecraft.world.level.block.entity.EnchantingTableBlockEntity	saveAdditional	ValueOutput	607e6bef25f4e4a58b04a50c4c7b4a23efcdf2fa6804bc452718b11559ef4618	no-client-world-effect	world/level/block/entity/EnchantingTableBlockEntity.java:38		Minimal anticheat scope: these stored fields have no client action, signal or collision consumer. Basic adventure predicates use block/tag/state and retained prediction fields; cosmetic, rendering and server-only data is skipped, without full saved-NBT normalization.
net.minecraft.world.level.block.entity.EnchantingTableBlockEntity	applyImplicitComponents	DataComponentGetter	269dfa54aafa7a3313a7434a7470632141fac99313ee8459f2ddcd260e1a9e23	no-client-world-effect	world/level/block/entity/EnchantingTableBlockEntity.java:122		Minimal anticheat scope: these stored fields have no client action, signal or collision consumer. Basic adventure predicates use block/tag/state and retained prediction fields; cosmetic, rendering and server-only data is skipped, without full saved-NBT normalization.
net.minecraft.world.level.block.entity.HopperBlockEntity	saveAdditional	ValueOutput	dcab03735c36259a6cdc9293969609aa47bd3a9862047ff2723d656d6f882572	port	world/level/block/entity/HopperBlockEntity.java:58	common/src/main/java/ac/cult/cultac/utils/latency/ClientContainerFields.java	world/level/block/entity/HopperBlockEntity.java:58: retain the saved Items slot/id/count/stack-limit inputs read by client comparator prediction, plus crafter disabled_slots; valid loot-table presence means empty client contents. Cooking, brewing, transfer, loot seeds, names and lock fields are outside the user-requested minimal Adventure/NBT scope. Retained signals independently matched the original client in the sparse block-entity oracle.
net.minecraft.world.level.block.entity.HopperBlockEntity	setBlockState	BlockState	2388dc6cb76e222e23666f3bb16d20cf44ac181e6be63c23866c1d9994d8fc2d	no-client-world-effect	world/level/block/entity/HopperBlockEntity.java:86		HopperBlockEntity.java:86-89: replace state and cache facing for inventory transfer. Compensated state already changes; hopper transfers are server-side. No duplicate cached direction or transfer engine is needed.
net.minecraft.world.level.block.entity.HopperBlockEntity	isOnCooldown		5afdb5742efe8793bedb850f3a4cc84dbf18c752bdb488667f3bf2aecd76d37f	server-only	world/level/block/entity/HopperBlockEntity.java:428		HopperBlock.java:88-89 installs pushItemsTick only on the server. HopperBlockEntity.java:97-113 rejects client levels before transfer. TransferCooldown has no prediction consumer and is discarded.
net.minecraft.world.level.block.entity.JigsawBlockEntity	saveAdditional	ValueOutput	67abd6074b9093512d42719c671c81a13b60c27643fb2f2b792ec78f06ef73fc	no-client-world-effect	world/level/block/entity/JigsawBlockEntity.java:107		Minimal anticheat scope: these stored fields have no client action, signal or collision consumer. Basic adventure predicates use block/tag/state and retained prediction fields; cosmetic, rendering and server-only data is skipped, without full saved-NBT normalization.
net.minecraft.world.level.block.entity.JukeboxBlockEntity	getComparatorOutput		87173c67098708fa56112f71e160910ff73f4bcebeaad3719c13814ca32e59d4	port	world/level/block/entity/JukeboxBlockEntity.java:69	block-sim/src/main/java/ac/cult/blocksim/engine/AnalogSignals.java	Pinned JukeboxBlockEntity.getComparatorOutput reads the compensated item/component/page/disabled-slot snapshot and received registry values; no server simulation is run.
net.minecraft.world.level.block.entity.JukeboxBlockEntity	loadAdditional	ValueInput	b5fbdcaaa0c25856d175fc24a39b0ba95ae32515f3bc8e911c15ab39da8c8528	port	world/level/block/entity/JukeboxBlockEntity.java:73	common/src/main/java/ac/cult/cultac/utils/latency/ClientJukeboxFields.java	JukeboxBlockEntity.java:73-85: project record item identity ignoring count, stop on changed item/components, and apply a numeric timer only with a playable song. Unused components remain an identity blob under the user basic-Adventure scope; no deep component codecs. Independent original-client/before-cache playback receive/tick/prediction corpus accepted.
net.minecraft.world.level.block.entity.JukeboxBlockEntity	saveAdditional	ValueOutput	265506ea53b085b90cc878d726c74edf86dccbd6601d766f11ae4a5d9d8a74b7	port	world/level/block/entity/JukeboxBlockEntity.java:89	common/src/main/java/ac/cult/cultac/utils/latency/ClientJukeboxFields.java	JukeboxBlockEntity.java:89-98: retain nonempty record and an active song timer only; simulation tick drops the timer when the song ends. Sparse saved fields for action signals and item identity; no general saved-NBT serialization contract.
net.minecraft.world.level.block.entity.JukeboxBlockEntity	getMaxStackSize		f91ee2fdae6d719d81f27acd8cfcca627828990d7169514126f9753a5ee11fa8	no-client-world-effect	world/level/block/entity/JukeboxBlockEntity.java:133		JukeboxBlockEntity.java:133-135: constant1 server container insertion limit. Client insertion/ejection reports success without transferring record inventory; playback/signal read actual received RecordItem including its count.
net.minecraft.world.level.block.entity.LecternBlockEntity	isEmpty		0fc634ec170670496c1c23688f92d7efeb18872c499fa012d0170bbea6d6da15	no-client-world-effect	world/level/block/entity/LecternBlockEntity.java:44		LecternBlockEntity.java:44-46/84-86: menu container book presence/capacity. Client lectern prediction needs only page_count, clamped Page and content presence; menu contents are packet-driven. Do not retain book pages or create a book container.
net.minecraft.world.level.block.entity.LecternBlockEntity	getMaxStackSize		f91ee2fdae6d719d81f27acd8cfcca627828990d7169514126f9753a5ee11fa8	no-client-world-effect	world/level/block/entity/LecternBlockEntity.java:84		LecternBlockEntity.java:44-46/84-86: menu container book presence/capacity. Client lectern prediction needs only page_count, clamped Page and content presence; menu contents are packet-driven. Do not retain book pages or create a book container.
net.minecraft.world.level.block.entity.LecternBlockEntity	getCount		f91ee2fdae6d719d81f27acd8cfcca627828990d7169514126f9753a5ee11fa8	no-client-world-effect	world/level/block/entity/LecternBlockEntity.java:121		Pinned LecternBlockEntity.java:108-125 is the anonymous ContainerData field-count getter (1); createMenu at 231-232 passes it to LecternMenu. Page state and its comparator effects are separate; the menu field count has no action or collision effect.
net.minecraft.world.level.block.entity.LecternBlockEntity	getRedstoneSignal		0d86cb45b8f4b0a5c8a513a529033bcc3e9aa6311f79defca9851354e1ae065c	port	world/level/block/entity/LecternBlockEntity.java:172	block-sim/src/main/java/ac/cult/blocksim/engine/AnalogSignals.java	LecternBlockEntity.java:172-174: floor(page/(pageCount-1)*14)+hasBook, with progress1 for zero/one page. Reads compensated scalar page_count, Page and has_book_content.
net.minecraft.world.level.block.entity.LecternBlockEntity	saveAdditional	ValueOutput	79b14787e4152c96ccb2cca33b3949b0dce40236b3ba68c63eda1610a93b53a6	port	world/level/block/entity/LecternBlockEntity.java:203	common/src/main/java/ac/cult/cultac/utils/latency/ClientBookFields.java	LecternBlockEntity.java:138-174/196-200/240-247: retain effective written-before-writable page count, content presence and clamped Page only. No book text, title, author, resolution or saved-NBT reproduction.
net.minecraft.world.level.block.entity.ListBackedContainer	isEmpty		226526469e61ed4e1cb22fbb1357b1475fd8f7e5728641074bb505b78364ae48	port	world/level/block/entity/ListBackedContainer.java:26	common/src/main/java/ac/cult/cultac/utils/latency/ClientContainerFields.java	BaseContainerBlockEntity.java:93-102/CrafterBlockEntity.java:155-163/ListBackedContainer.java:26-28/RandomizableContainerBlockEntity.java:48-51: no nonempty stored stack means empty; random loot is not unpacked client-side. Sparse valid nonempty slot/count inputs preserve this value and comparator/crafter fill without an inventory wrapper.
net.minecraft.world.level.block.entity.PotentSulfurBlockEntity	saveAdditional	ValueOutput	46cb650cc63d440b88c559efe836a3ca986c3da39fc9226be67336ed9e9911ce	port	world/level/block/entity/PotentSulfurBlockEntity.java:143	common/src/main/java/ac/cult/cultac/utils/latency/ClientBlockEntityFields.java	Sparse source-backed prediction inputs only: SuccessCount, last_vibration_frequency, powered or countdown. Potent sulfur retains a missing countdown across compensated packet loads. Other saved fields and component maps are discarded.
net.minecraft.world.level.block.entity.RandomizableContainerBlockEntity	isEmpty		2a8bde62bfa6b133cf04ff98a044e7210b4c15a862b4e2a64eed05ad337a4845	port	world/level/block/entity/RandomizableContainerBlockEntity.java:48	common/src/main/java/ac/cult/cultac/utils/latency/ClientContainerFields.java	BaseContainerBlockEntity.java:93-102/CrafterBlockEntity.java:155-163/ListBackedContainer.java:26-28/RandomizableContainerBlockEntity.java:48-51: no nonempty stored stack means empty; random loot is not unpacked client-side. Sparse valid nonempty slot/count inputs preserve this value and comparator/crafter fill without an inventory wrapper.
net.minecraft.world.level.block.entity.RandomizableContainerBlockEntity	applyImplicitComponents	DataComponentGetter	632043dcbf0059371dfe79721229235231c36788388de67bbe67e2626416c378	port	world/level/block/entity/RandomizableContainerBlockEntity.java:97	block-sim/src/main/java/ac/cult/blocksim/entity/ContainerEntityComponents.java	
net.minecraft.world.level.block.entity.SculkCatalystBlockEntity	saveAdditional	ValueOutput	da31e103f3ef53326c72aa3686d10fc0a2e15bb7d1105e63773b9b0c8e4743eb	no-client-world-effect	world/level/block/entity/SculkCatalystBlockEntity.java:50		Minimal anticheat scope: these stored fields have no client action, signal or collision consumer. Basic adventure predicates use block/tag/state and retained prediction fields; cosmetic, rendering and server-only data is skipped, without full saved-NBT normalization.
net.minecraft.world.level.block.entity.SculkSensorBlockEntity	saveAdditional	ValueOutput	2da392860c4a46deeea0ee6e9fabb84ebba71c0dac2aba8308dc13cd395d9f08	port	world/level/block/entity/SculkSensorBlockEntity.java:51	common/src/main/java/ac/cult/cultac/utils/latency/ClientBlockEntityFields.java	Sparse source-backed prediction inputs only: SuccessCount, last_vibration_frequency, powered or countdown. Potent sulfur retains a missing countdown across compensated packet loads. Other saved fields and component maps are discarded.
net.minecraft.world.level.block.entity.SculkShriekerBlockEntity	saveAdditional	ValueOutput	fc0a147d67395b9d822aec1e7aad7de66de2708497577fb397914b97554ef9a0	no-client-world-effect	world/level/block/entity/SculkShriekerBlockEntity.java:86		Minimal anticheat scope: these stored fields have no client action, signal or collision consumer. Basic adventure predicates use block/tag/state and retained prediction fields; cosmetic, rendering and server-only data is skipped, without full saved-NBT normalization.
net.minecraft.world.level.block.entity.ShelfBlockEntity	saveAdditional	ValueOutput	f8d4d363b55e38a9feb73df239b6a686b7bb1302f2bc8b2b3e8a6dcec847790d	no-client-world-effect	world/level/block/entity/ShelfBlockEntity.java:51		Minimal anticheat scope: these stored fields have no client action, signal or collision consumer. Basic adventure predicates use block/tag/state and retained prediction fields; cosmetic, rendering and server-only data is skipped, without full saved-NBT normalization.
net.minecraft.world.level.block.entity.ShelfBlockEntity	applyImplicitComponents	DataComponentGetter	2564899d75e977540f3a6eca56ccd6afab604ebc0516710a9b88e0740eb206fe	no-client-world-effect	world/level/block/entity/ShelfBlockEntity.java:104		Minimal anticheat scope: these stored fields have no client action, signal or collision consumer. Basic adventure predicates use block/tag/state and retained prediction fields; cosmetic, rendering and server-only data is skipped, without full saved-NBT normalization.
net.minecraft.world.level.block.entity.ShulkerBoxBlockEntity	tick	Level,BlockPos,BlockState,ShulkerBoxBlockEntity	eea7610ec9e400d271336dcefbb976a134125a46a3df13dc361ada4b8bcd8b5e	port	world/level/block/entity/ShulkerBoxBlockEntity.java:62	block-sim/src/main/java/ac/cult/blocksim/engine/ShulkerAnimation.java	
net.minecraft.world.level.block.entity.ShulkerBoxBlockEntity	updateAnimation	Level,BlockPos,BlockState	26b991b0b456f6cb9972aff43efec8748f63d4c33f194d3b579ec60254af2388	port	world/level/block/entity/ShulkerBoxBlockEntity.java:66	block-sim/src/main/java/ac/cult/blocksim/engine/ShulkerAnimation.java	
net.minecraft.world.level.block.entity.ShulkerBoxBlockEntity	triggerEvent	int,int	17137ccddc89b43fa5757ab365ddb93fde37606b40b57918b5cccae1d233eb6f	port	world/level/block/entity/ShulkerBoxBlockEntity.java:139	block-sim/src/main/java/ac/cult/blocksim/engine/ShulkerAnimation.java	
net.minecraft.world.level.block.entity.ShulkerBoxBlockEntity	saveAdditional	ValueOutput	8d6ff31f795d3198f1ef4a7740bc2136e7f5bef3f6f1b4b8e9e1f88a97a0b52d	port	world/level/block/entity/ShulkerBoxBlockEntity.java:207	common/src/main/java/ac/cult/cultac/utils/latency/ClientContainerFields.java	world/level/block/entity/ShulkerBoxBlockEntity.java:207: retain the saved Items slot/id/count/stack-limit inputs read by client comparator prediction, plus crafter disabled_slots; valid loot-table presence means empty client contents. Cooking, brewing, transfer, loot seeds, names and lock fields are outside the user-requested minimal Adventure/NBT scope. Retained signals independently matched the original client in the sparse block-entity oracle.
net.minecraft.world.level.block.entity.SignBlockEntity	getSlotPlayerIsFacing	Player	b5b323862abb7dc09aa5fe28c9ced38484cd3190d27bd39175ee95dba6e96702	port	world/level/block/entity/SignBlockEntity.java:65	block-sim/src/main/java/ac/cult/blocksim/behavior/SignBehavior.java	
net.minecraft.world.level.block.entity.SignBlockEntity	saveAdditional	ValueOutput	8d9c1381ee7882ab0bb3cfc14aa52421e0a4cc2f11fdc00133c2b550f124f8d8	port	world/level/block/entity/SignBlockEntity.java:93	common/src/main/java/ac/cult/cultac/utils/latency/ClientSignFields.java	SignBlockEntity.java:93-103: save text/wax/op rendering fields. Sparse source-reviewed projection preserves wax and front/back root RUN_COMMAND presence for actions; text/style/render/op serialization excluded by user minimal-NBT scope.
net.minecraft.world.level.block.entity.SignBlockEntity	canExecuteClickCommands	SignTextSlot,Player	199777ddf74b0b045a5bca6ecd0d4c5d20708e5212f97da207268abe63a44167	port	world/level/block/entity/SignBlockEntity.java:179	block-sim/src/main/java/ac/cult/blocksim/behavior/SignBehavior.java	
net.minecraft.world.level.block.entity.SignBlockEntity	isWaxed		e4cbb5bb7b37a79ab5563c923776914aca6182f83d5f7bf960b389e35dce6510	port	world/level/block/entity/SignBlockEntity.java:253	block-sim/src/main/java/ac/cult/blocksim/behavior/SignBehavior.java	Pinned SignBlockEntity.java:253 returns the stored wax flag. SignBehavior consumes that compensated flag; SignEntityComponents writes it from effective minecraft:waxed presence after implicit application, matching the getter without introducing sign GUI state.
net.minecraft.world.level.block.entity.SignBlockEntity	applyImplicitComponents	DataComponentGetter	6e1e811939d8e2b3939142b4b12dcfc81f5eb4db4eab47daaa72f44162bb6414	port	world/level/block/entity/SignBlockEntity.java:289	block-sim/src/main/java/ac/cult/blocksim/entity/SignEntityComponents.java	SignBlockEntity.java:289-294 and SignText.java:123-132: keep wax presence and root unfiltered RUN_COMMAND flags only. Absent item components reset these flags; displayed text, styles and filtering are not stored in block entities.
net.minecraft.world.level.block.entity.SignText	hasAnyClickCommands	boolean	59defcde5708cd1444e50200a368f7531c70f3cd339f34e569035119bbe90985	port	world/level/block/entity/SignText.java:123	block-sim/src/main/java/ac/cult/blocksim/entity/SignEntityComponents.java	Pinned SignText.java:123-132 inspects each unfiltered message root style for RUN_COMMAND. The shared owned hasCommands projection is used by both implicit sign-component application and persistent packet loading; siblings, hover text and filtered-only commands do not set the flag.
net.minecraft.world.level.block.entity.SkullBlockEntity	saveAdditional	ValueOutput	b03b3e817650122e4e426e10bca34f7a43b50eb082fc89e76de874162542afdc	no-client-world-effect	world/level/block/entity/SkullBlockEntity.java:35		Minimal anticheat scope: these stored fields have no client action, signal or collision consumer. Basic adventure predicates use block/tag/state and retained prediction fields; cosmetic, rendering and server-only data is skipped, without full saved-NBT normalization.
net.minecraft.world.level.block.entity.SkullBlockEntity	applyImplicitComponents	DataComponentGetter	52fbe99cc740b2a462fa818cdab8378babcf144106e4a8e6df90f7a40b9bb043	no-client-world-effect	world/level/block/entity/SkullBlockEntity.java:81		Minimal anticheat scope: these stored fields have no client action, signal or collision consumer. Basic adventure predicates use block/tag/state and retained prediction fields; cosmetic, rendering and server-only data is skipped, without full saved-NBT normalization.
net.minecraft.world.level.block.entity.SpawnerBlockEntity	saveAdditional	ValueOutput	9f9496c77de786e4d0dbf6c862abdb9109ea2c0498e1cd18995243c011bf5b4d	no-client-world-effect	world/level/block/entity/SpawnerBlockEntity.java:48		world/level/block/entity/SpawnerBlockEntity.java:48: serialization or collection of cosmetic/menu/server state has no action, collision or signal consumer in the anticheat. Full saved-NBT reproduction and deep Adventure predicates were explicitly removed from scope; the wire reader skips these fields. BaseContainerBlockEntity.isLocked is used by collectImplicitComponents at165, not client use outcomes. VaultBlock.useItemOn:49-59 reads config/server/shared data only under ServerLevel.
net.minecraft.world.level.block.entity.StructureBlockEntity	saveAdditional	ValueOutput	be9c2332362a46c2017fdab2e103557ecc298cad98bfee66850fa83e412f1bd4	no-client-world-effect	world/level/block/entity/StructureBlockEntity.java:80		Minimal anticheat scope: these stored fields have no client action, signal or collision consumer. Basic adventure predicates use block/tag/state and retained prediction fields; cosmetic, rendering and server-only data is skipped, without full saved-NBT normalization.
net.minecraft.world.level.block.entity.StructureBlockEntity	getRotation		051e0e330093ed898c8536aa5bc40498d10fdd5f865e848aa4f02eb07a0f640c	no-client-world-effect	world/level/block/entity/StructureBlockEntity.java:206		StructureBlockEntity.java:206-208: structure rotation parameter for structure loading/saving and rendering. These values are not consumed by block-action or movement prediction; block state/entity packets remain authoritative. No structure/spawn/render simulation added.
net.minecraft.world.level.block.entity.StructureBlockEntity	getSeed		9069d647fe867a7c431bdca14f965ebbbe5498a4ea07f3777148e9fdec6f3ed5	no-client-world-effect	world/level/block/entity/StructureBlockEntity.java:258		StructureBlockEntity.java:258-260: structure placement random seed. These values are not consumed by block-action or movement prediction; block state/entity packets remain authoritative. No structure/spawn/render simulation added.
net.minecraft.world.level.block.entity.TestBlockEntity	saveAdditional	ValueOutput	a63a81a37be627c65875cc87c229ea1543536907f5f59111433d11d6df38569f	port	world/level/block/entity/TestBlockEntity.java:32	common/src/main/java/ac/cult/cultac/utils/latency/ClientBlockEntityFields.java	Sparse source-backed prediction inputs only: SuccessCount, last_vibration_frequency, powered or countdown. Potent sulfur retains a missing countdown across compensated packet loads. Other saved fields and component maps are discarded.
net.minecraft.world.level.block.entity.TestInstanceBlockEntity	getRotation		f3084a9586bab0ebc70103bbe79aa972410bbf64d8ccb2f63120a5b62285b31f	no-client-world-effect	world/level/block/entity/TestInstanceBlockEntity.java:126		TestInstanceBlockEntity.java:126-128: game-test instance/structure rotation. These values are not consumed by block-action or movement prediction; block state/entity packets remain authoritative. No structure/spawn/render simulation added.
net.minecraft.world.level.block.entity.TestInstanceBlockEntity	saveAdditional	ValueOutput	78705b4a1cfedcbc43c5948e23815d8765f94c591d8f4c3736605174e6e8770f	no-client-world-effect	world/level/block/entity/TestInstanceBlockEntity.java:170		world/level/block/entity/TestInstanceBlockEntity.java:170: serialization or collection of cosmetic/menu/server state has no action, collision or signal consumer in the anticheat. Full saved-NBT reproduction and deep Adventure predicates were explicitly removed from scope; the wire reader skips these fields. BaseContainerBlockEntity.isLocked is used by collectImplicitComponents at165, not client use outcomes. VaultBlock.useItemOn:49-59 reads config/server/shared data only under ServerLevel.
net.minecraft.world.level.block.entity.TheEndGatewayBlockEntity	saveAdditional	ValueOutput	7d0959ffaea789963033c2acfa93cb6a75f18f84535ce92334f51ebd1154cbac	no-client-world-effect	world/level/block/entity/TheEndGatewayBlockEntity.java:46		Minimal anticheat scope: these stored fields have no client action, signal or collision consumer. Basic adventure predicates use block/tag/state and retained prediction fields; cosmetic, rendering and server-only data is skipped, without full saved-NBT normalization.
net.minecraft.world.level.block.entity.TheEndGatewayBlockEntity	getCooldownPercent	float	eb5ee40b30679fb3586531e4908e3570a0749c16cfb80ee0649d27ee0d986daf	no-client-world-effect	world/level/block/entity/TheEndGatewayBlockEntity.java:98		TheEndGatewayBlockEntity.java:98-100: interpolated gateway beam rendering fraction. These values are not consumed by block-action or movement prediction; block state/entity packets remain authoritative. No structure/spawn/render simulation added.
net.minecraft.world.level.block.entity.TrialSpawnerBlockEntity	saveAdditional	ValueOutput	a29914bfb77f46e292efe68818eec02d271415d686871708fc6e93aa78a5d842	no-client-world-effect	world/level/block/entity/TrialSpawnerBlockEntity.java:45		world/level/block/entity/TrialSpawnerBlockEntity.java:45: serialization or collection of cosmetic/menu/server state has no action, collision or signal consumer in the anticheat. Full saved-NBT reproduction and deep Adventure predicates were explicitly removed from scope; the wire reader skips these fields. BaseContainerBlockEntity.isLocked is used by collectImplicitComponents at165, not client use outcomes. VaultBlock.useItemOn:49-59 reads config/server/shared data only under ServerLevel.
net.minecraft.world.level.block.entity.TrialSpawnerBlockEntity	getState		f3677c83a062655aaf18fce7bef648a6a68649e560290ab4756fb6bace939b99	no-client-world-effect	world/level/block/entity/TrialSpawnerBlockEntity.java:84		TrialSpawnerBlockEntity.java:84-89: read spawner state enum from the owning block. These values are not consumed by block-action or movement prediction; block state/entity packets remain authoritative. No structure/spawn/render simulation added.
net.minecraft.world.level.block.entity.trialspawner.TrialSpawner	getState		d4ffb71580f943a58128636a6519c6708c55c4333ea304526b5f806e3784f742	no-client-world-effect	world/level/block/entity/trialspawner/TrialSpawner.java:128		TrialSpawner.java:128-130/251-265: spawner state drives client particle/spin/sound rendering and server spawning. These values are not consumed by block-action or movement prediction; block state/entity packets remain authoritative. No structure/spawn/render simulation added.
net.minecraft.world.level.block.entity.vault.VaultBlockEntity	saveAdditional	ValueOutput	2c93024ae78d92d35941ec2fc22c8fa56d8e580cbf961d93fac8540883a5034f	no-client-world-effect	world/level/block/entity/vault/VaultBlockEntity.java:66		world/level/block/entity/vault/VaultBlockEntity.java:66: serialization or collection of cosmetic/menu/server state has no action, collision or signal consumer in the anticheat. Full saved-NBT reproduction and deep Adventure predicates were explicitly removed from scope; the wire reader skips these fields. BaseContainerBlockEntity.isLocked is used by collectImplicitComponents at165, not client use outcomes. VaultBlock.useItemOn:49-59 reads config/server/shared data only under ServerLevel.
net.minecraft.world.level.block.piston.MovingPistonBlock	newBlockEntity	BlockPos,BlockState	03fff98182daab0178fab80e80721e4cae995ce44f803b4f39151ab385a8ca96	port	world/level/block/piston/MovingPistonBlock.java:46	block-sim/src/main/java/ac/cult/blocksim/engine/BlockEntityPrototypes.java	
net.minecraft.world.level.block.piston.MovingPistonBlock	destroy	LevelAccessor,BlockPos,BlockState	b05b5307f6f74061f36968c5c1bfbf7f87fcaed5a252efd20014d0690270d543	port	world/level/block/piston/MovingPistonBlock.java:67	block-sim/src/main/java/ac/cult/blocksim/behavior/PistonPartsBehavior.java	
net.minecraft.world.level.block.piston.MovingPistonBlock	useWithoutItem	BlockState,Level,BlockPos,Player,BlockHitResult	130fb8c2c8b6df967f1cfb16eeabe5b06f649073cbb10818bdb1f27a0a84d3b8	port	world/level/block/piston/MovingPistonBlock.java:76	block-sim/src/main/java/ac/cult/blocksim/behavior/BlockBehavior.java	
net.minecraft.world.level.block.piston.MovingPistonBlock	getShape	BlockState,BlockGetter,BlockPos,CollisionContext	ed610faefe8c377df35fb7ad2b774e3fd4fb63fab279c944366d6dc688f6670b	port	world/level/block/piston/MovingPistonBlock.java:94	block-sim/src/main/java/ac/cult/blocksim/behavior/BlockBehavior.java	Pinned MovingPistonBlock.getShape returns a constant, a state-indexed shape, or a block-state delegate; its exact boxes are emitted for every model state by VanillaDataGenerator.evaluate and read from StateFacts. Entity/world-dependent exceptions use separate behavior overrides.
net.minecraft.world.level.block.piston.MovingPistonBlock	getCollisionShape	BlockState,BlockGetter,BlockPos,CollisionContext	db3da38a719d492f0df338c776dae5179608c5f404c40b02031dc33fd5aa5046	port	world/level/block/piston/MovingPistonBlock.java:99	block-sim/src/main/java/ac/cult/blocksim/behavior/PistonPartsBehavior.java	MovingPistonBlock.java:99-106: delegate to the compensated moving-piston entity shape, otherwise empty. PistonPartsBehavior forwards the read through SimWorldView; common supplies MovingPistonShape over its existing compensated piston state.
net.minecraft.world.level.block.piston.PistonBaseBlock	getShape	BlockState,BlockGetter,BlockPos,CollisionContext	66090a37b93c593798bc5f6231d04d6187f0b330bbd90a5cd4d3b9ce03a51b07	port	world/level/block/piston/PistonBaseBlock.java:59	block-sim/src/main/java/ac/cult/blocksim/behavior/BlockBehavior.java	Pinned PistonBaseBlock.getShape returns a constant, a state-indexed shape, or a block-state delegate; its exact boxes are emitted for every model state by VanillaDataGenerator.evaluate and read from StateFacts. Entity/world-dependent exceptions use separate behavior overrides.
net.minecraft.world.level.block.piston.PistonBaseBlock	setPlacedBy	Level,BlockPos,BlockState,LivingEntity,ItemStack	53d31bdd06c3b035485090a9574959ff6bf7536b6c50e9d68b1ea28fd0beffd5	server-only	world/level/block/piston/PistonBaseBlock.java:64		Pinned PistonBaseBlock.java:65-69 guards its only checkIfExtend call with !level.isClientSide(); no client piston extension is predicted by placement.
net.minecraft.world.level.block.piston.PistonBaseBlock	neighborChanged	BlockState,Level,BlockPos,Block,Orientation,boolean	53d31bdd06c3b035485090a9574959ff6bf7536b6c50e9d68b1ea28fd0beffd5	server-only	world/level/block/piston/PistonBaseBlock.java:71		
net.minecraft.world.level.block.piston.PistonBaseBlock	getStateForPlacement	BlockPlaceContext	137919f27e4d277226362ffd728c4bccaeb329b8c9f367fb593084c97dcab15e	port	world/level/block/piston/PistonBaseBlock.java:89	block-sim/src/main/java/ac/cult/blocksim/behavior/BasicBlockRules.java	
net.minecraft.world.level.block.piston.PistonHeadBlock	getShape	BlockState,BlockGetter,BlockPos,CollisionContext	3a54bbd29ace5aea72e06934bc6d459dc9344ca005b12a4d62cb62206c811cba	port	world/level/block/piston/PistonHeadBlock.java:52	block-sim/src/main/java/ac/cult/blocksim/behavior/BlockBehavior.java	Pinned PistonHeadBlock.getShape returns a constant, a state-indexed shape, or a block-state delegate; its exact boxes are emitted for every model state by VanillaDataGenerator.evaluate and read from StateFacts. Entity/world-dependent exceptions use separate behavior overrides.
net.minecraft.world.level.block.piston.PistonHeadBlock	playerWillDestroy	Level,BlockPos,BlockState,Player	9fbcfae92febea899e9e675a84db9a08ef3c099ed65c2a7c9924dba9f189fe31	port	world/level/block/piston/PistonHeadBlock.java:62	block-sim/src/main/java/ac/cult/blocksim/behavior/BlockBehavior.java	
net.minecraft.world.level.block.piston.PistonHeadBlock	updateShape	BlockState,LevelReader,ScheduledTickAccess,BlockPos,Direction,BlockPos,BlockState,RandomSource	d47a1c5cff0f91f361f960a4b7f278e6771ce8da8eebc4b04050caa87e35044c	port	world/level/block/piston/PistonHeadBlock.java:82	block-sim/src/main/java/ac/cult/blocksim/behavior/PistonPartsBehavior.java	
net.minecraft.world.level.block.piston.PistonHeadBlock	canSurvive	BlockState,LevelReader,BlockPos	1dddec7e2bc45fa903724900a7e55e478b84cbaa52ecea6b831f7aa3cef3122d	port	world/level/block/piston/PistonHeadBlock.java:98	block-sim/src/main/java/ac/cult/blocksim/behavior/PistonPartsBehavior.java	
net.minecraft.world.level.block.piston.PistonHeadBlock	neighborChanged	BlockState,Level,BlockPos,Block,Orientation,boolean	8e52ce5f5c6cd45f026a32441bc187c9473628e87d37145a5e1be5773fa0b87f	server-only	world/level/block/piston/PistonHeadBlock.java:104		
net.minecraft.world.level.block.piston.PistonMovingBlockEntity	getDirection		83a43dcd787488f37b16c4382d6ddecfdfe25a163712c370f95299a83f5bf218	port	world/level/block/piston/PistonMovingBlockEntity.java:76	common/src/main/java/ac/cult/cultac/utils/latency/CompensatedWorldPistons.java	PistonMovingBlockEntity.java:76-78: return retained direction. Existing MovingPistonState stores exactly one direction from ordered compensated piston events and passes it to the pure MovingPistonShape implementation.
net.minecraft.world.level.block.piston.PistonMovingBlockEntity	saveAdditional	ValueOutput	1ad0498911cdb2ae17cd867aad18623a438ea491311be1848af918c5c884a721	no-client-world-effect	world/level/block/piston/PistonMovingBlockEntity.java:337		PistonMovingBlockEntity.java:337-345: serialized movedState/facing/progress/extending/source. MovingPistonBlock.newBlockEntity returns null at49-51; the existing cache never materializes this generic constructor. Existing compensated piston tracker owns geometry/ticks from events; no duplicate persistence decoder or save API introduced.
net.minecraft.world.level.block.piston.PistonMovingBlockEntity	getCollisionShape	BlockGetter,BlockPos	2c5c1aa165d1f4dd40552b7bec61b616073c17cb22de015cc13c75b067bbb076	port	world/level/block/piston/PistonMovingBlockEntity.java:347	block-sim/src/main/java/ac/cult/blocksim/engine/MovingPistonShape.java	Pinned PistonMovingBlockEntity.java:347-374: retracting source retains the extended base; noClip matching movement direction suppresses the moving part below progress1; source head uses its default type and facing/short properties. Translation keeps float multiplication before double shape offsets. Common piston geometry delegates to this pure calculation; tick ordering and existing legacy collision selection are unchanged.
net.minecraft.world.level.block.state.BlockBehaviour	updateIndirectNeighbourShapes	BlockState,LevelAccessor,BlockPos,int,int	8eb95bcbc154530931e15fc418c8b1fe991095671409552099ea1aa596999ede	port	world/level/block/state/BlockBehaviour.java:126	block-sim/src/main/java/ac/cult/blocksim/behavior/BlockBehavior.java	
net.minecraft.world.level.block.state.BlockBehaviour	updateShape	BlockState,LevelReader,ScheduledTickAccess,BlockPos,Direction,BlockPos,BlockState,RandomSource	65373d9f359a4438f886a20762759fd9013f782b6e032aa113f0a181f5247f65	port	world/level/block/state/BlockBehaviour.java:140	block-sim/src/main/java/ac/cult/blocksim/behavior/BlockBehavior.java	
net.minecraft.world.level.block.state.BlockBehaviour	neighborChanged	BlockState,Level,BlockPos,Block,Orientation,boolean	8eb95bcbc154530931e15fc418c8b1fe991095671409552099ea1aa596999ede	server-only	world/level/block/state/BlockBehaviour.java:157		
net.minecraft.world.level.block.state.BlockBehaviour	useWithoutItem	BlockState,Level,BlockPos,Player,BlockHitResult	651fe4d097b2979e0e2c583a0651f2ec9a7a2a87b0eabce573ce6be7396f692f	port	world/level/block/state/BlockBehaviour.java:194	block-sim/src/main/java/ac/cult/blocksim/behavior/BlockBehavior.java	
net.minecraft.world.level.block.state.BlockBehaviour	useItemOn	ItemStack,BlockState,Level,BlockPos,Player,InteractionHand,BlockHitResult	a352e276e7fdcd56fa0398ed00a824de52735be01bdde0713e1ed357fb4a949c	port	world/level/block/state/BlockBehaviour.java:200	block-sim/src/main/java/ac/cult/blocksim/behavior/BlockBehavior.java	
net.minecraft.world.level.block.state.BlockBehaviour	getFluidState	BlockState	9088cb07351df707d31ff77b4a7a345f3df6144d4dfda591f0748df966b86d00	port	world/level/block/state/BlockBehaviour.java:228	block-sim/src/main/java/ac/cult/blocksim/engine/SimFluidState.java	Pinned BlockBehaviour.getFluidState is a state-only source/waterlogged/LiquidBlock cache lookup. Generated StateFacts retain type, amount, falling flag, source flag and legacy state for every model ID.
net.minecraft.world.level.block.state.BlockBehaviour	hasAnalogOutputSignal	BlockState	2321bc09cbb45126d475c441ad86ed8815b9858c7c335ad00dd0b2494d8ab965	port	world/level/block/state/BlockBehaviour.java:232	block-sim/src/main/java/ac/cult/blocksim/engine/AnalogSignals.java	Pinned BlockBehaviour.hasAnalogOutputSignal is represented by generated family binding and compensated state/entity/container fields. Client-only zero results and server-only heart output updates are preserved.
net.minecraft.world.level.block.state.BlockBehaviour	getMaxHorizontalOffset		bee8446c02c0dc7d039129e7944c73208956f1331ee8cc5715fcb3fd3cfc5af4	port	world/level/block/state/BlockBehaviour.java:236	block-sim/src/main/java/ac/cult/blocksim/engine/Offsets.java	Pinned default scalar0.25F horizontal/0.2F vertical and each override are captured in generated block bindings; Offsets reads those exact floats when clamping X/Z or scaling Y jitter.
net.minecraft.world.level.block.state.BlockBehaviour	getMaxVerticalOffset		575be9b97110b281da5c5e81165a6908593983a0dad3402baeb8ef79d38a5e83	port	world/level/block/state/BlockBehaviour.java:240	block-sim/src/main/java/ac/cult/blocksim/engine/Offsets.java	Pinned default scalar0.25F horizontal/0.2F vertical and each override are captured in generated block bindings; Offsets reads those exact floats when clamping X/Z or scaling Y jitter.
net.minecraft.world.level.block.state.BlockBehaviour	shouldChangedStateKeepBlockEntity	BlockState	2321bc09cbb45126d475c441ad86ed8815b9858c7c335ad00dd0b2494d8ab965	port	world/level/block/state/BlockBehaviour.java:249	block-sim/src/main/java/ac/cult/blocksim/behavior/BlockBehavior.java	
net.minecraft.world.level.block.state.BlockBehaviour	canBeReplaced	BlockState,BlockPlaceContext	b499dfead15a63e685949a033c583a630f4304cfe2c30a17871d2ef185a99cb0	port	world/level/block/state/BlockBehaviour.java:261	block-sim/src/main/java/ac/cult/blocksim/behavior/BlockBehavior.java	
net.minecraft.world.level.block.state.BlockBehaviour	canBeReplaced	BlockState,Fluid	cee011aa96a8a3c7250284a7e7f61d035ca999dcd0fa0635fb240140951c873a	port	world/level/block/state/BlockBehaviour.java:265	block-sim/src/main/java/ac/cult/blocksim/behavior/BlockBehavior.java	
net.minecraft.world.level.block.state.BlockBehaviour	getSeed	BlockState,BlockPos	caece512ae1d32298b019c56fbca8b84bb649049fc24164ea24e0da4dd8c6802	no-client-world-effect	world/level/block/state/BlockBehaviour.java:280		Pinned BlockState.getSeed is referenced only by LevelRenderer, SectionCompiler and MovingBlockFeatureRenderer; block/door overrides supply deterministic render-model seeds. Actual outline/collision position jitter independently uses Offsets.seed and remains modeled.
net.minecraft.world.level.block.state.BlockBehaviour	getBlockSupportShape	BlockState,BlockGetter,BlockPos	4e9ffe6753d3bbc1f0ca7454bfbf793723f554bdd0c9d182ea3d9e69e1f6e893	port	world/level/block/state/BlockBehaviour.java:288	block-sim/src/main/java/ac/cult/blocksim/behavior/BambooStalkBehavior.java	
net.minecraft.world.level.block.state.BlockBehaviour	getInteractionShape	BlockState,BlockGetter,BlockPos	ed610faefe8c377df35fb7ad2b774e3fd4fb63fab279c944366d6dc688f6670b	port	world/level/block/state/BlockBehaviour.java:292	block-sim/src/main/java/ac/cult/blocksim/behavior/BlockBehavior.java	Pinned BlockBehaviour.getInteractionShape returns a constant, a state-indexed shape, or a block-state delegate; its exact boxes are emitted for every model state by VanillaDataGenerator.evaluate and read from StateFacts. Entity/world-dependent exceptions use separate behavior overrides.
net.minecraft.world.level.block.state.BlockBehaviour	canSurvive	BlockState,LevelReader,BlockPos	431ca6d2bfbc684210415c1210d58f91e7ad98a300ef06eac2f35066edafa4f9	port	world/level/block/state/BlockBehaviour.java:308	block-sim/src/main/java/ac/cult/blocksim/behavior/BlockBehavior.java	
net.minecraft.world.level.block.state.BlockBehaviour	getAnalogOutputSignal	BlockState,Level,BlockPos,Direction	b780a8afeee975b9ec4d9a45ef239847b375c995b690d286c5f983b37dc171e1	port	world/level/block/state/BlockBehaviour.java:316	block-sim/src/main/java/ac/cult/blocksim/engine/AnalogSignals.java	Pinned BlockBehaviour.getAnalogOutputSignal is represented by generated family binding and compensated state/entity/container fields. Client-only zero results and server-only heart output updates are preserved.
net.minecraft.world.level.block.state.BlockBehaviour	getShape	BlockState,BlockGetter,BlockPos,CollisionContext	8501ba402b348035ef9db4f0d923752161f1348d592612f385efe4553d5ee5ed	port	world/level/block/state/BlockBehaviour.java:320	block-sim/src/main/java/ac/cult/blocksim/behavior/BlockBehavior.java	Pinned BlockBehaviour.getShape returns a constant, a state-indexed shape, or a block-state delegate; its exact boxes are emitted for every model state by VanillaDataGenerator.evaluate and read from StateFacts. Entity/world-dependent exceptions use separate behavior overrides.
net.minecraft.world.level.block.state.BlockBehaviour	getCollisionShape	BlockState,BlockGetter,BlockPos,CollisionContext	16a6960a660de3800a8029d9ca34e8c18090110bf5cb33491e627ede17cb5c97	port	world/level/block/state/BlockBehaviour.java:324	block-sim/src/main/java/ac/cult/blocksim/behavior/BlockBehavior.java	Pinned BlockBehaviour.getCollisionShape returns a constant, a state-indexed shape, or a block-state delegate; its exact boxes are emitted for every model state by VanillaDataGenerator.evaluate and read from StateFacts. Entity/world-dependent exceptions use separate behavior overrides.
net.minecraft.world.level.block.state.BlockBehaviour	getDestroyProgress	BlockState,Player,BlockGetter,BlockPos	993e2fc08ab227f968e59c613a0d52398a97855761778c690d6f2085251c0707	port	world/level/block/state/BlockBehaviour.java:346	block-sim/src/main/java/ac/cult/blocksim/interaction/MiningSpeed.java	
net.minecraft.world.level.block.state.BlockBehaviour	attack	BlockState,Level,BlockPos,Player	8eb95bcbc154530931e15fc418c8b1fe991095671409552099ea1aa596999ede	port	world/level/block/state/BlockBehaviour.java:359	block-sim/src/main/java/ac/cult/blocksim/behavior/BlockBehavior.java	
net.minecraft.world.level.block.state.BlockBehaviour	isSignalSource	BlockState	2321bc09cbb45126d475c441ad86ed8815b9858c7c335ad00dd0b2494d8ab965	port	world/level/block/state/BlockBehaviour.java:362	block-sim/src/main/java/ac/cult/blocksim/data/StateFacts.java	Pinned getter returns constant false; VanillaDataGenerator.evaluate captures it as StateFacts.SIGNAL_SOURCE for every state. Shared Signals/BlockBehavior queries consume the generated fact without duplicate family getters.
net.minecraft.world.level.block.state.BlockBehaviour	shouldRedstoneWireConnectTo	BlockState,BlockGetter,BlockPos,Direction	5bb0664f227169168b21f331e182c06bf7a4b70c08ab17f811d6f9284b638012	port	world/level/block/state/BlockBehaviour.java:366	block-sim/src/main/java/ac/cult/blocksim/behavior/BlockBehavior.java	
net.minecraft.world.level.block.state.BlockBehaviour	getSignal	BlockState,BlockGetter,BlockPos,Direction	e70a08abc8ba3eacfe899e87d4283aee3e4ebc08bcab6fc41cec9525efcedfd6	port	world/level/block/state/BlockBehaviour.java:370	block-sim/src/main/java/ac/cult/blocksim/behavior/BlockBehavior.java	
net.minecraft.world.level.block.state.BlockBehaviour	ownSignal	BlockState,BlockGetter,BlockPos	b780a8afeee975b9ec4d9a45ef239847b375c995b690d286c5f983b37dc171e1	port	world/level/block/state/BlockBehaviour.java:374	block-sim/src/main/java/ac/cult/blocksim/behavior/BlockBehavior.java	
net.minecraft.world.level.block.state.BlockBehaviour	getDirectSignal	BlockState,BlockGetter,BlockPos,Direction	b780a8afeee975b9ec4d9a45ef239847b375c995b690d286c5f983b37dc171e1	port	world/level/block/state/BlockBehaviour.java:383	block-sim/src/main/java/ac/cult/blocksim/behavior/BlockBehavior.java	
net.minecraft.world.level.block.state.BlockBehaviour$BlockStateBase	isSignalSource		518d746bd640b3568c2fc8c517eed2a8f074ce62808352d23a3b21998c984206	port	world/level/block/state/BlockBehaviour.java:622	block-sim/src/main/java/ac/cult/blocksim/data/StateFacts.java	Wrapper delegates to its block getter; generated StateFacts.SIGNAL_SOURCE captures that result for every state and Signals.controlInputSignal/BlockBehavior.wireConnectsTo read the same flag.
net.minecraft.world.level.block.state.BlockBehaviour$BlockStateBase	shouldRedstoneWireConnectTo	BlockGetter,BlockPos,Direction	76791bba1faa8fba5292f17c2f3460d66724d145c67c843a96306a5cc53a5152	port	world/level/block/state/BlockBehaviour.java:626	block-sim/src/main/java/ac/cult/blocksim/behavior/BlockBehavior.java	State wrapper delegates to its block; wireConnectsTo binds the generated signal-source flag and the exact family-specific overrides.
net.minecraft.world.level.block.state.BlockBehaviour$BlockStateBase	getSignal	BlockGetter,BlockPos,Direction	54b3c432558bbbc60b5c7bf69fb4e91bc92cb684298483b02ff1fffc3b8ba66a	port	world/level/block/state/BlockBehaviour.java:634	block-sim/src/main/java/ac/cult/blocksim/behavior/BlockBehavior.java	State wrapper delegates to block getSignal; shared signal/ownSignal dispatch and family overrides provide the same received-state result.
net.minecraft.world.level.block.state.BlockBehaviour$BlockStateBase	hasAnalogOutputSignal		d556afec9235081c94ea71cc263f50820e1192020dd469ce7c74089b2652915a	port	world/level/block/state/BlockBehaviour.java:638	block-sim/src/main/java/ac/cult/blocksim/engine/AnalogSignals.java	Pinned BlockBehaviour$BlockStateBase.hasAnalogOutputSignal is represented by generated family binding and compensated state/entity/container fields. Client-only zero results and server-only heart output updates are preserved.
net.minecraft.world.level.block.state.BlockBehaviour$BlockStateBase	getAnalogOutputSignal	Level,BlockPos,Direction	79bb4861a242ca9f5ee34b62d1730090d90b8fa8e2c7518f01d15e6391cea484	port	world/level/block/state/BlockBehaviour.java:642	block-sim/src/main/java/ac/cult/blocksim/engine/AnalogSignals.java	Pinned BlockBehaviour$BlockStateBase.getAnalogOutputSignal is represented by generated family binding and compensated state/entity/container fields. Client-only zero results and server-only heart output updates are preserved.
net.minecraft.world.level.block.state.BlockBehaviour$BlockStateBase	getDestroySpeed	BlockGetter,BlockPos	1d9171622c9482d4b0c09e78c9c49061de6bc695a797334a39b3c6483cff4b6b	port	world/level/block/state/BlockBehaviour.java:646	block-sim/src/main/java/ac/cult/blocksim/interaction/MiningSpeed.java	
net.minecraft.world.level.block.state.BlockBehaviour$BlockStateBase	getDestroyProgress	Player,BlockGetter,BlockPos	951a068de214a1a0f1a1d8f0d6550d37f72c83f477dfdcf9b408e8c626c29efa	port	world/level/block/state/BlockBehaviour.java:650	block-sim/src/main/java/ac/cult/blocksim/interaction/MiningSpeed.java	
net.minecraft.world.level.block.state.BlockBehaviour$BlockStateBase	getDirectSignal	BlockGetter,BlockPos,Direction	de615525e783d182df737c4d21b2f086e1460046602fbe8f59235a55f8f2aac8	port	world/level/block/state/BlockBehaviour.java:654	block-sim/src/main/java/ac/cult/blocksim/behavior/BlockBehavior.java	State wrapper delegates to block getDirectSignal; the bound behavior directSignal method is the shared equivalent.
net.minecraft.world.level.block.state.BlockBehaviour$BlockStateBase	getShape	BlockGetter,BlockPos	29df8af32d315e4f931f916228af3c30e8a6a61e90867c44baa3c4bc3227c5df	port	world/level/block/state/BlockBehaviour.java:674	block-sim/src/main/java/ac/cult/blocksim/behavior/BlockBehavior.java	Pinned BlockBehaviour$BlockStateBase.getShape returns a constant, a state-indexed shape, or a block-state delegate; its exact boxes are emitted for every model state by VanillaDataGenerator.evaluate and read from StateFacts. Entity/world-dependent exceptions use separate behavior overrides.
net.minecraft.world.level.block.state.BlockBehaviour$BlockStateBase	getShape	BlockGetter,BlockPos,CollisionContext	557fd643cd1d401ae2405ca786502d287ff96a3fd61c70c6f4a257374d240005	port	world/level/block/state/BlockBehaviour.java:678	block-sim/src/main/java/ac/cult/blocksim/behavior/BlockBehavior.java	Pinned BlockBehaviour$BlockStateBase.getShape returns a constant, a state-indexed shape, or a block-state delegate; its exact boxes are emitted for every model state by VanillaDataGenerator.evaluate and read from StateFacts. Entity/world-dependent exceptions use separate behavior overrides.
net.minecraft.world.level.block.state.BlockBehaviour$BlockStateBase	getCollisionShape	BlockGetter,BlockPos	1b1975119089a6bf3afe6ea805755beefe7dd48fa208507c7727481979afb69f	port	world/level/block/state/BlockBehaviour.java:682	block-sim/src/main/java/ac/cult/blocksim/behavior/BlockBehavior.java	Pinned BlockBehaviour$BlockStateBase.getCollisionShape returns a constant, a state-indexed shape, or a block-state delegate; its exact boxes are emitted for every model state by VanillaDataGenerator.evaluate and read from StateFacts. Entity/world-dependent exceptions use separate behavior overrides.
net.minecraft.world.level.block.state.BlockBehaviour$BlockStateBase	getCollisionShape	BlockGetter,BlockPos,CollisionContext	1ad7d061dcd01ede705498646800658d642b45b05fdf9001080ea9785a8799dc	port	world/level/block/state/BlockBehaviour.java:686	block-sim/src/main/java/ac/cult/blocksim/behavior/BlockBehavior.java	Pinned BlockBehaviour$BlockStateBase.getCollisionShape returns a constant, a state-indexed shape, or a block-state delegate; its exact boxes are emitted for every model state by VanillaDataGenerator.evaluate and read from StateFacts. Entity/world-dependent exceptions use separate behavior overrides.
net.minecraft.world.level.block.state.BlockBehaviour$BlockStateBase	getBlockSupportShape	BlockGetter,BlockPos	7ea333792647c543b2337697ec80db21754d1656baf7b5beeb50a692b0ee4086	port	world/level/block/state/BlockBehaviour.java:694	block-sim/src/main/java/ac/cult/blocksim/behavior/BlockBehavior.java	Pinned BlockBehaviour$BlockStateBase.getBlockSupportShape returns a constant, a state-indexed shape, or a block-state delegate; its exact boxes are emitted for every model state by VanillaDataGenerator.evaluate and read from StateFacts. Entity/world-dependent exceptions use separate behavior overrides.
net.minecraft.world.level.block.state.BlockBehaviour$BlockStateBase	getInteractionShape	BlockGetter,BlockPos	668fff1dc09f47237e006454d95d21a669dc7533605f50fb2bfd89b0521c9b39	port	world/level/block/state/BlockBehaviour.java:702	block-sim/src/main/java/ac/cult/blocksim/behavior/BlockBehavior.java	Pinned BlockBehaviour$BlockStateBase.getInteractionShape returns a constant, a state-indexed shape, or a block-state delegate; its exact boxes are emitted for every model state by VanillaDataGenerator.evaluate and read from StateFacts. Entity/world-dependent exceptions use separate behavior overrides.
net.minecraft.world.level.block.state.BlockBehaviour$BlockStateBase	getOffset	BlockPos	ce3607c3392e79e2e474e5b0ae0cb0d7dc7ab8ff5c1df02977aa2ef765259723	port	world/level/block/state/BlockBehaviour.java:714	block-sim/src/main/java/ac/cult/blocksim/engine/Offsets.java	Generated offsetType/max scalar bindings select the position jitter function; NONE returns zero. No independent copy of the state wrapper is needed.
net.minecraft.world.level.block.state.BlockBehaviour$BlockStateBase	updateNeighbourShapes	LevelAccessor,BlockPos,int	768ce86118f4508b6a78ea186ffd5296bb70e9a8179468ba0999742221c72058	port	world/level/block/state/BlockBehaviour.java:733	block-sim/src/main/java/ac/cult/blocksim/engine/SimLevel.java	The wrapper supplies default updateLimit512; SimLevel uses the same chain limit, native shape order and shared ShapeUpdater queue.
net.minecraft.world.level.block.state.BlockBehaviour$BlockStateBase	updateNeighbourShapes	LevelAccessor,BlockPos,int,int	31f40000cb6286e33ccb6853784255109aac20e46af36f834308c3144c194f95	port	world/level/block/state/BlockBehaviour.java:737	block-sim/src/main/java/ac/cult/blocksim/engine/SimLevel.java	
net.minecraft.world.level.block.state.BlockBehaviour$BlockStateBase	updateIndirectNeighbourShapes	LevelAccessor,BlockPos,int	3d790c22b38c09107ecdfd676266229f184376dac7ddf0a56ca067c529313197	port	world/level/block/state/BlockBehaviour.java:746	block-sim/src/main/java/ac/cult/blocksim/engine/SimLevel.java	Default wrapper supplies limit512; explicit overload delegates to block behavior. SimLevel invokes old/new updateIndirectShapes around the ordinary shape-update queue with native flags and decremented limit.
net.minecraft.world.level.block.state.BlockBehaviour$BlockStateBase	updateIndirectNeighbourShapes	LevelAccessor,BlockPos,int,int	4b3b7ec186a154785f3d59930a75a675cb48a5731d33b0b76ac48fa3f558b893	port	world/level/block/state/BlockBehaviour.java:750	block-sim/src/main/java/ac/cult/blocksim/engine/SimLevel.java	Default wrapper supplies limit512; explicit overload delegates to block behavior. SimLevel invokes old/new updateIndirectShapes around the ordinary shape-update queue with native flags and decremented limit.
net.minecraft.world.level.block.state.BlockBehaviour$BlockStateBase	useItemOn	ItemStack,Level,Player,InteractionHand,BlockHitResult	30e6a6bda8a7333d506ff7be73a54f7a6874e7431499e9734cddad4038362139	port	world/level/block/state/BlockBehaviour.java:788	block-sim/src/main/java/ac/cult/blocksim/interaction/InteractionDriver.java	
net.minecraft.world.level.block.state.BlockBehaviour$BlockStateBase	useWithoutItem	Level,Player,BlockHitResult	1b4d5423926c06ae569588f904c9bb1490b29ad57c2254c8925a5aac522729bb	port	world/level/block/state/BlockBehaviour.java:794	block-sim/src/main/java/ac/cult/blocksim/interaction/InteractionDriver.java	
net.minecraft.world.level.block.state.BlockBehaviour$BlockStateBase	attack	Level,BlockPos,Player	12255a3daf2ed87b33e4d0a6b148d38fd2c0e1a7d1053571731fec3ad15390df	port	world/level/block/state/BlockBehaviour.java:802	block-sim/src/main/java/ac/cult/blocksim/behavior/BlockBehavior.java	
net.minecraft.world.level.block.state.BlockBehaviour$BlockStateBase	updateShape	LevelReader,ScheduledTickAccess,BlockPos,Direction,BlockPos,BlockState,RandomSource	bd40afc4dcd4acbd4b69f85c8cf3765724745c57fcb6b9f58d04e91df6945ad3	port	world/level/block/state/BlockBehaviour.java:818	block-sim/src/main/java/ac/cult/blocksim/behavior/BlockBehavior.java	State wrapper delegates the current state and neighbor query to the bound block behavior; scheduled ticks are client no-ops and family overrides supply immediate mutations.
net.minecraft.world.level.block.state.BlockBehaviour$BlockStateBase	canBeReplaced	BlockPlaceContext	7a8e06a211a7a5af1b54021ce2e7c5c117ab83c74717403867c240ee1f202300	port	world/level/block/state/BlockBehaviour.java:834	block-sim/src/main/java/ac/cult/blocksim/behavior/BlockBehavior.java	Placement-context wrapper delegates to the bound block behavior; no-argument overload reads the generated StateFacts.REPLACEABLE field.
net.minecraft.world.level.block.state.BlockBehaviour$BlockStateBase	canBeReplaced	Fluid	6b6815e694a17199eeed2fff36d9c6b95bd2d1fc0213e4c9bba875f34e7ebf70	port	world/level/block/state/BlockBehaviour.java:838	block-sim/src/main/java/ac/cult/blocksim/behavior/BlockBehavior.java	
net.minecraft.world.level.block.state.BlockBehaviour$BlockStateBase	canBeReplaced		a091bd83d3e4642ed1397fc190d9bbab23f73e4df7d41523131f11be7ce3fb1a	port	world/level/block/state/BlockBehaviour.java:842	block-sim/src/main/java/ac/cult/blocksim/behavior/BlockBehavior.java	Placement-context wrapper delegates to the bound block behavior; no-argument overload reads the generated StateFacts.REPLACEABLE field.
net.minecraft.world.level.block.state.BlockBehaviour$BlockStateBase	canSurvive	LevelReader,BlockPos	f949af0af720706868a4ef1d1a682ffb898bea270d82e91e84aa480e4c39f22b	port	world/level/block/state/BlockBehaviour.java:846	block-sim/src/main/java/ac/cult/blocksim/behavior/BlockBehavior.java	State wrapper delegates to the bound block behavior using the same compensated level/position; family support predicates remain on the behavior.
net.minecraft.world.level.block.state.BlockBehaviour$BlockStateBase	shouldChangedStateKeepBlockEntity	BlockState	35be71d3fc354077227af0895e81ae35885ee00fa1ea4997261536bb86b4cbd3	port	world/level/block/state/BlockBehaviour.java:866	block-sim/src/main/java/ac/cult/blocksim/engine/SimLevel.java	State wrapper delegates to the new block behavior. SimLevel uses shouldKeepBlockEntity with oldState when preserving the compatible received block-entity instance.
net.minecraft.world.level.block.state.BlockBehaviour$BlockStateBase	getFluidState		a739c6c0385e69a11466723f03ff9377bb6ae7f4a5044131fcfd5924becac02e	port	world/level/block/state/BlockBehaviour.java:874	block-sim/src/main/java/ac/cult/blocksim/engine/SimFluidState.java	Pinned BlockBehaviour$BlockStateBase.getFluidState is a state-only source/waterlogged/LiquidBlock cache lookup. Generated StateFacts retain type, amount, falling flag, source flag and legacy state for every model ID.
net.minecraft.world.level.block.state.BlockBehaviour$BlockStateBase	getSeed	BlockPos	39d7c0e53f9db61ba04d3d2e6c60dbd489c022a1f7f3d899b6aa4610deeccf5a	no-client-world-effect	world/level/block/state/BlockBehaviour.java:882		Pinned BlockState.getSeed is referenced only by LevelRenderer, SectionCompiler and MovingBlockFeatureRenderer; block/door overrides supply deterministic render-model seeds. Actual outline/collision position jitter independently uses Offsets.seed and remains modeled.
net.minecraft.world.level.block.state.BlockBehaviour$BlockStateBase	isFaceSturdy	BlockGetter,BlockPos,Direction	dbabdc7c0188f2da859f9f81f8d06b79f740442b747d7b3b044120ae3de5208a	port	world/level/block/state/BlockBehaviour.java:894	block-sim/src/main/java/ac/cult/blocksim/engine/SimLevel.java	Default overload supplies SupportType.FULL; explicit overload uses generated sturdy bits only for context-independent states, otherwise exact support-shape/SupportType evaluation.
net.minecraft.world.level.block.state.BlockBehaviour$BlockStateBase	isFaceSturdy	BlockGetter,BlockPos,Direction,SupportType	3ef7b447d0d6298b4c167dbe1a1249d178edd52e5eb5011b88e487fcf38f5a88	port	world/level/block/state/BlockBehaviour.java:898	block-sim/src/main/java/ac/cult/blocksim/engine/SimLevel.java	Default overload supplies SupportType.FULL; explicit overload uses generated sturdy bits only for context-independent states, otherwise exact support-shape/SupportType evaluation.
net.minecraft.world.level.block.state.BlockBehaviour$BlockStateBase	withPropertiesOf	BlockState	149f4ac8e4e87a4b9766dd738d3d046527bbbd97905ae3f85618ebb5d9ab5c31	port	world/level/block/state/BlockBehaviour.java:920	block-sim/src/main/java/ac/cult/blocksim/data/BlockRegistry.java	Copies source properties only when destination name, value domain and generated property/value type match; preserves the destination state for unrelated properties.
net.minecraft.world.level.block.state.BlockBehaviour$BlockStateBase$Cache	isFaceSturdy	Direction,SupportType	7279d1c13cf38c4d9f1699c4ade334be51631ed98d483dc72598f2c928cfef48	port	world/level/block/state/BlockBehaviour.java:972	block-sim/src/main/java/ac/cult/blocksim/engine/SimLevel.java	isFaceSturdy indexes the generated static face-support bits with direction ordinal times three plus support-type ordinal. Dynamic support shapes retain the separate behavior path.
net.minecraft.world.level.block.state.BlockBehaviour$Properties	offsetType	BlockBehaviour.OffsetType	238b95741893b050ce08feb5678e5ab5690fce37f3a960242ce2c859050f8973	port	world/level/block/state/BlockBehaviour.java:1270	block-sim/src/main/java/ac/cult/blocksim/engine/Offsets.java	
net.minecraft.world.level.block.state.StateDefinition$Builder	create	Function<O, S>,StateDefinition.Factory<O, S>	bb6f0c0ecdea1330aadbed3396264978ea60f5441a3135652488753ca8949e73	port	world/level/block/state/StateDefinition.java:216	block-sim/src/main/java/ac/cult/blocksim/data/BlockRegistry.java	world/level/block/state/StateDefinition.java:216: Bootstrap property/state construction is emitted as the complete ordered property domains and state product. BlockRegistry validates those domains, defaults and state coverage and supplies the same state transitions.
net.minecraft.world.level.block.state.pattern.BlockInWorld	getState		2c951b2150386c89994f35b1461f87fcb05c38056ecb9ace156a1d89b3496181	port	world/level/block/state/pattern/BlockInWorld.java:24	block-sim/src/main/java/ac/cult/blocksim/engine/SimLevel.java	BlockInWorld.java:24-30: obtain the known state at its position without force-generating chunks. Basic Adventure checks read through SimLevel.stateAt and compensated world loaded-state guards; action-local overlays supply current predicted states, so no duplicate cached BlockInWorld object is necessary.
net.minecraft.world.level.block.state.pattern.BlockPattern	getHeight		fd9e6e9245598269bbac918ef296d4cd0eac25cb981a71338b051433c9d1ceaf	no-client-world-effect	world/level/block/state/pattern/BlockPattern.java:41		BlockPattern.java:41-43/174-176: read pattern/match dimensions. Construct assembly/spawning is server-side; retained client action behavior does not run a pattern or hold matched structure arrays.
net.minecraft.world.level.block.state.pattern.BlockPattern$BlockPatternMatch	getHeight		fd9e6e9245598269bbac918ef296d4cd0eac25cb981a71338b051433c9d1ceaf	no-client-world-effect	world/level/block/state/pattern/BlockPattern.java:174		BlockPattern.java:41-43/174-176: read pattern/match dimensions. Construct assembly/spawning is server-side; retained client action behavior does not run a pattern or hold matched structure arrays.
net.minecraft.world.level.block.state.properties.BooleanProperty	create	String	6be4e4d78d6206f7962cf1b5ae4a3ffb8ef2c1504b21c1bd874a565fa380ea90	port	world/level/block/state/properties/BooleanProperty.java:20	block-sim/src/main/java/ac/cult/blocksim/data/BlockRegistry.java	world/level/block/state/properties/BooleanProperty.java:20: Bootstrap property/state construction is emitted as the complete ordered property domains and state product. BlockRegistry validates those domains, defaults and state coverage and supplies the same state transitions.
net.minecraft.world.level.block.state.properties.EnumProperty	create	String,Class<T>	ae8e9b4969a84c188be516490d9b3b829c355ca8027a55002ac859d4c0f5ddad	no-client-world-effect	world/level/block/state/properties/EnumProperty.java:75		Bootstrap definition factories are replaced by generated immutable property definitions; no local action registers properties.
net.minecraft.world.level.block.state.properties.EnumProperty	create	String,Class<T>,Predicate<T>	497c1fd5948d00150ab03d80fb6aa81563b8c67593eca33864708a95829fb3fd	no-client-world-effect	world/level/block/state/properties/EnumProperty.java:79		Bootstrap definition factories are replaced by generated immutable property definitions; no local action registers properties.
net.minecraft.world.level.block.state.properties.EnumProperty	create	String,Class<T>,T...	f8d110e0c972250bb6dca99e120e8fde077e1ab5a45c9e30f10a5298fcf48da0	no-client-world-effect	world/level/block/state/properties/EnumProperty.java:83		Bootstrap definition factories are replaced by generated immutable property definitions; no local action registers properties.
net.minecraft.world.level.block.state.properties.EnumProperty	create	String,Class<T>,List<T>	86d86c10eb97692e7489a53e8501b77c8b6933cf1788811c14eee6dbb2e09edd	no-client-world-effect	world/level/block/state/properties/EnumProperty.java:88		Bootstrap definition factories are replaced by generated immutable property definitions; no local action registers properties.
net.minecraft.world.level.block.state.properties.IntegerProperty	create	String,int,int	c969eecadcf4bbb707dd88df341cee412eb3a0b19674bd0d7b4d301b23d71f56	port	world/level/block/state/properties/IntegerProperty.java:47	block-sim/src/main/java/ac/cult/blocksim/data/BlockRegistry.java	world/level/block/state/properties/IntegerProperty.java:47: Bootstrap property/state construction is emitted as the complete ordered property domains and state product. BlockRegistry validates those domains, defaults and state coverage and supplies the same state transitions.
net.minecraft.world.level.block.state.properties.IntegerProperty	getValue	String	f37a79f50ce6a9c4958683d4c321bf4a8db0362d4168b40ee985d898388dec24	port	world/level/block/state/properties/IntegerProperty.java:51	block-sim/src/main/java/ac/cult/blocksim/data/BlockRegistry.java	
net.minecraft.world.level.block.state.properties.RedstoneSide	isConnected		edcf864cbe2ef71a865e2c8f00dd247e4825f775a2f9f741d60fdd8a4d034e62	port	world/level/block/state/properties/RedstoneSide.java:26	block-sim/src/main/java/ac/cult/blocksim/behavior/RedstoneWireBehavior.java	connected treats both side and up as connected and none as disconnected using the generated redstone-side property values.
net.minecraft.world.level.block.state.properties.RotationSegment	convertToDirection	int	fbecf993837f0a6e1a2587235426f81a4c9bd4d4a4c3d9aa258bd870caa3a2a6	port	world/level/block/state/properties/RotationSegment.java:27	block-sim/src/main/java/ac/cult/blocksim/engine/Rotation16.java	
net.minecraft.world.level.block.state.properties.SideChainPart	isConnected		c8ad1b6f717443978e465fcd04512cca393b2181052548c7cdd26f27785860e1	server-only	world/level/block/state/properties/SideChainPart.java:27		SideChainPart.java:27-29: connected means enum !=UNCONNECTED. Its ShelfBlock chain mutation callers are neighborChanged with !isClientSide at101-118 or onPlace272-279, suppressed for ClientLevel by LevelChunk.setBlockState(!isClientSide) at327-329. Received side_chain_part remains a generated state property; no client chain subsystem needed.
net.minecraft.world.level.chunk.ChunkAccess	setBlockState	BlockPos,BlockState	96b57f55a17da2fafb5644b91466a5fdc2662b4b37467d5d1271a0a23475ec54	port	world/level/chunk/ChunkAccess.java:123	block-sim/src/main/java/ac/cult/blocksim/engine/SimLevel.java	ChunkAccess.java:123: abstract state-write contract. Concrete client behavior is handled by SimLevel.setBlockInLevel and existing compensated paletted sections; no abstract native chunk type is needed.
net.minecraft.world.level.chunk.ChunkAccess	getHeight	Types,int,int	c316a4eb1b1f0a28a54a29967c962bd058c9533314ad2fccd87bb57feab82b65	no-client-world-effect	world/level/chunk/ChunkAccess.java:182		ChunkAccess.java:182-195: lazily prime/read a heightmap surface column. Required action/collision readers use compensated block sections directly; no client worldgen heightmap subsystem is needed.
net.minecraft.world.level.chunk.ChunkAccess	getHeight		be63ad5b2a08d5c4520781f367dc663099b2f6939f2fdaa45a8e2151f2557672	port	world/level/chunk/ChunkAccess.java:404	common/src/main/java/ac/cult/cultac/utils/blockplace/BlockSimulatorWorldView.java	Chunk accessor height delegates to its client level height accessor; view.height uses the same received dimension height.
net.minecraft.world.level.chunk.ChunkAccess	getNoiseBiome	int,int,int	46f1787e8daa3f12365fc86f14b8b7cc7ee8884bb197b4524d2312155e40aef8	port	world/level/chunk/ChunkAccess.java:418	common/src/main/java/ac/cult/cultac/utils/latency/CompensatedWorld.java	Clamp quartY to dimension quart min/max before selecting the section, then mask local quart coordinates with3; received section palette IDs retain their registry order.
net.minecraft.world.level.chunk.LevelChunk	getFluidState	BlockPos	8451be29648f83580e1ec2badd2c7fb6ac5470305c93488b80334fab4d3481d1	port	world/level/chunk/LevelChunk.java:246	common/src/main/java/ac/cult/cultac/utils/latency/CompensatedWorld.java	The BlockPos overload delegates to local section coordinates. Owned compensated chunk storage and ClientFluidQueries resolve generated fluid facts from the same model state without a second fluid palette.
net.minecraft.world.level.chunk.LevelChunk	getFluidState	int,int,int	58ac6e5827501e0cae9cf68f9f0d8feca6a30eff8499d3ff11a6e93544072b1e	port	world/level/chunk/LevelChunk.java:251	common/src/main/java/ac/cult/cultac/utils/latency/CompensatedWorld.java	The native getter returns the section state fluid, or EMPTY outside its sections or in an empty section. Owned compensated state lookup and generated fluid facts preserve those client-visible cases.
net.minecraft.world.level.chunk.LevelChunk	setBlockState	BlockPos,BlockState,int	dd2303b580467c08532d14841438ce248156ccb0d620571e4a817c65b6f1a5c8	port	world/level/chunk/LevelChunk.java:270	block-sim/src/main/java/ac/cult/blocksim/engine/SimLevel.java	LevelChunk.java:270-354: empty/same-state write rejection, section state/count updates, client block-entity preservation/type validation and return of old state. Pure SimLevel/compensated sections implement required state/entity branches; server removal/onPlace callbacks, heightmaps, rendering/light notifications are not new block-action Result fields. Source-reviewed existing neighbor update flow remains unchanged.
net.minecraft.world.level.chunk.LevelChunk	isEmpty		2321bc09cbb45126d475c441ad86ed8815b9858c7c335ad00dd0b2494d8ab965	port	world/level/chunk/LevelChunk.java:518	common/src/main/java/ac/cult/cultac/utils/latency/CompensatedWorld.java	LevelChunk.java:518-520: a real loaded LevelChunk is never an empty sentinel. CompensatedWorld distinguishes missing chunks from loaded CachedChunk; section non-air counts separately determine collision section emptiness.
net.minecraft.world.level.levelgen.VerticalAnchor$AboveBottom	resolveY	WorldGenerationContext	e59b8fd6c01c470c35bf0f07408953e62afa6de682b046a1484bac39916d360e	port	world/level/levelgen/VerticalAnchor.java:73	block-sim/src/main/java/ac/cult/blocksim/behavior/BlockPredicates.java	anchor resolves absolute/above_bottom/below_top/relative_to_sea_level against the received client dimension minY, height and level-creation sea level; inclusive top is minY+height-1.
net.minecraft.world.level.levelgen.VerticalAnchor$Absolute	resolveY	WorldGenerationContext	1c4750c25e72362a918bec35b7fbaae04458151bce2252a422134e6ee422831d	port	world/level/levelgen/VerticalAnchor.java:90	block-sim/src/main/java/ac/cult/blocksim/behavior/BlockPredicates.java	anchor resolves absolute/above_bottom/below_top/relative_to_sea_level against the received client dimension minY, height and level-creation sea level; inclusive top is minY+height-1.
net.minecraft.world.level.levelgen.VerticalAnchor$BelowTop	resolveY	WorldGenerationContext	4234e1fe071e34f53a48189b1361dade19bc2bc6e62483c873417e83778642c5	port	world/level/levelgen/VerticalAnchor.java:107	block-sim/src/main/java/ac/cult/blocksim/behavior/BlockPredicates.java	anchor resolves absolute/above_bottom/below_top/relative_to_sea_level against the received client dimension minY, height and level-creation sea level; inclusive top is minY+height-1.
net.minecraft.world.level.levelgen.VerticalAnchor$RelativeToSeaLevel	resolveY	WorldGenerationContext	68aef843d1e67e4032e22e130e8efae287bd480c8bdde9f8be135edc6c373610	port	world/level/levelgen/VerticalAnchor.java:124	block-sim/src/main/java/ac/cult/blocksim/behavior/BlockPredicates.java	anchor resolves absolute/above_bottom/below_top/relative_to_sea_level against the received client dimension minY, height and level-creation sea level; inclusive top is minY+height-1.
net.minecraft.world.level.levelgen.WorldGenerationContext	of	LevelAccessor	3e9e7c784f3817db079d1eafe03a218f563373b13c06e6a6be01be971adf185c	port	world/level/levelgen/WorldGenerationContext.java:13	block-sim/src/main/java/ac/cult/blocksim/behavior/BlockPredicates.java	Client levels use the non-WorldGenLevel branch: context minY/height/seaLevel come directly from the compensated level. Chunk-generator overrides are restricted to the server WorldGenLevel branch.
net.minecraft.world.level.levelgen.WorldGenerationContext	getMinGenY		186a3588b45c1cdd41255aacfcacfd0829875b00ba18cb27e83b35ffcad8761a	port	world/level/levelgen/WorldGenerationContext.java:31	block-sim/src/main/java/ac/cult/blocksim/behavior/BlockPredicates.java	Client levels use the non-WorldGenLevel branch: context minY/height/seaLevel come directly from the compensated level. Chunk-generator overrides are restricted to the server WorldGenLevel branch.
net.minecraft.world.level.levelgen.WorldGenerationContext	getGenDepth		fd9e6e9245598269bbac918ef296d4cd0eac25cb981a71338b051433c9d1ceaf	port	world/level/levelgen/WorldGenerationContext.java:35	block-sim/src/main/java/ac/cult/blocksim/behavior/BlockPredicates.java	Client levels use the non-WorldGenLevel branch: context minY/height/seaLevel come directly from the compensated level. Chunk-generator overrides are restricted to the server WorldGenLevel branch.
net.minecraft.world.level.levelgen.WorldGenerationContext	seaLevel		577d11039845b0bb9c28990bafc80b0ffb3eb18746572a9db5f2202798d3fa5c	port	world/level/levelgen/WorldGenerationContext.java:39	block-sim/src/main/java/ac/cult/blocksim/behavior/BlockPredicates.java	Client levels use the non-WorldGenLevel branch: context minY/height/seaLevel come directly from the compensated level. Chunk-generator overrides are restricted to the server WorldGenLevel branch.
net.minecraft.world.level.levelgen.blockpredicates.AllOfPredicate	test	LevelAccessor,BlockPos	6c5f2e059259de784df4f64aff0a5a7b337f193fd0fceb3aa15782f5bc0ba560	port	world/level/levelgen/blockpredicates/AllOfPredicate.java:15	block-sim/src/main/java/ac/cult/blocksim/behavior/BlockTransformerBehavior.java	
net.minecraft.world.level.levelgen.blockpredicates.AnyOfPredicate	test	LevelAccessor,BlockPos	3b3ba045b48ccf66cb77612a899175e513acefc552f999eb8cc695197040a4aa	port	world/level/levelgen/blockpredicates/AnyOfPredicate.java:15	block-sim/src/main/java/ac/cult/blocksim/behavior/BlockTransformerBehavior.java	
net.minecraft.world.level.levelgen.blockpredicates.HasSturdyFacePredicate	test	LevelAccessor,BlockPos	9de780f227ded092ada8afc6f9df8c9eeb9610bfcd61b51927e3d68d0dab3361	port	world/level/levelgen/blockpredicates/HasSturdyFacePredicate.java:26	block-sim/src/main/java/ac/cult/blocksim/behavior/BlockTransformerBehavior.java	
net.minecraft.world.level.levelgen.blockpredicates.HeightRangePredicate	test	LevelAccessor,BlockPos	5f06b571eca076916a0222da7453d480378a0f25cc0ca37b35247ae817cfcc5e	port	world/level/levelgen/blockpredicates/HeightRangePredicate.java:24	block-sim/src/main/java/ac/cult/blocksim/behavior/BlockPredicates.java	Inclusive bounds use the client-level WorldGenerationContext minY/height/seaLevel; VerticalAnchor resolves absolute, above_bottom, below_top and relative_to_sea_level without world-generation overrides.
net.minecraft.world.level.levelgen.blockpredicates.InsideWorldBoundsPredicate	test	LevelAccessor,BlockPos	9fa4e0b07add4ffc95981e82f45ee5d969a3d985c6f4377d10c4000104d7f2e0	port	world/level/levelgen/blockpredicates/InsideWorldBoundsPredicate.java:19	block-sim/src/main/java/ac/cult/blocksim/behavior/BlockPredicates.java	LevelHeightAccessor.isInsideBuildHeight tests the offset Y against inclusive minY/maxY; no horizontal world-border bound is applied by this predicate.
net.minecraft.world.level.levelgen.blockpredicates.MatchingBiomesPredicate	test	LevelAccessor,BlockPos	900d742a66b68617d2c7a12186b95116418350965b93f93804f3168b9ae9a386	port	world/level/levelgen/blockpredicates/MatchingBiomesPredicate.java:22	block-sim/src/main/java/ac/cult/blocksim/behavior/BlockPredicates.java	Holder membership tests BiomeManager.getBiome at the original position: seed-selected jittered quart cells, received palette IDs with vertical clamping, ClientLevel plains fallback and received biome tags. BiomeLookup independently implements the pinned zoom formula.
net.minecraft.world.level.levelgen.blockpredicates.MatchingBlockTagPredicate	test	BlockState	ed163b079466be4d7aadc31f8b6581162f6e3d918aa9a6350c4395508cbe2c08	port	world/level/levelgen/blockpredicates/MatchingBlockTagPredicate.java:22	block-sim/src/main/java/ac/cult/blocksim/behavior/BlockTransformerBehavior.java	
net.minecraft.world.level.levelgen.blockpredicates.MatchingBlocksPredicate	test	BlockState	8ed0ae7eb479b8f8544b00bcc3863c05d37b22554452d20fce312a8e9b31618d	port	world/level/levelgen/blockpredicates/MatchingBlocksPredicate.java:25	block-sim/src/main/java/ac/cult/blocksim/behavior/BlockTransformerBehavior.java	
net.minecraft.world.level.levelgen.blockpredicates.MatchingFluidsPredicate	test	BlockState	6a39621497d815ce6af6d477e2e81b7f36869230936378b38cdabd0eff795f38	port	world/level/levelgen/blockpredicates/MatchingFluidsPredicate.java:25	block-sim/src/main/java/ac/cult/blocksim/behavior/BlockTransformerBehavior.java	
net.minecraft.world.level.levelgen.blockpredicates.NotPredicate	test	LevelAccessor,BlockPos	d2d60086d5e07e09a06a0d08095cf919397630d0ffee3f1ffb75c1a6b9257cc9	port	world/level/levelgen/blockpredicates/NotPredicate.java:18	block-sim/src/main/java/ac/cult/blocksim/behavior/BlockTransformerBehavior.java	
net.minecraft.world.level.levelgen.blockpredicates.ReplaceablePredicate	test	BlockState	7dccf8ebb15cae5ede95cd9144887d356ac9e1f14866a98c86e3d62bd724b0fd	port	world/level/levelgen/blockpredicates/ReplaceablePredicate.java:15	block-sim/src/main/java/ac/cult/blocksim/behavior/BlockTransformerBehavior.java	
net.minecraft.world.level.levelgen.blockpredicates.SolidPredicate	test	BlockState	efd8f4e04ea5c8b85c3e81778adce743d52391fba5bd9cce86ab0287cc1ff6f3	port	world/level/levelgen/blockpredicates/SolidPredicate.java:16	block-sim/src/main/java/ac/cult/blocksim/behavior/BlockTransformerBehavior.java	
net.minecraft.world.level.levelgen.blockpredicates.StateTestingPredicate	test	LevelAccessor,BlockPos	2422023cb2a6f7888bedf4d4ca88d4162156319782e48a98675f58bd520670da	port	world/level/levelgen/blockpredicates/StateTestingPredicate.java:22	block-sim/src/main/java/ac/cult/blocksim/behavior/BlockTransformerBehavior.java	
net.minecraft.world.level.levelgen.blockpredicates.TrueBlockPredicate	test	LevelAccessor,BlockPos	431ca6d2bfbc684210415c1210d58f91e7ad98a300ef06eac2f35066edafa4f9	port	world/level/levelgen/blockpredicates/TrueBlockPredicate.java:14	block-sim/src/main/java/ac/cult/blocksim/behavior/BlockTransformerBehavior.java	
net.minecraft.world.level.levelgen.blockpredicates.UnobstructedPredicate	test	LevelAccessor,BlockPos	74e9b40c01f7b68d28c071abb7cb71a0cca00bb26add7cda9a2f9da43a95cb37	port	world/level/levelgen/blockpredicates/UnobstructedPredicate.java:20	block-sim/src/main/java/ac/cult/blocksim/behavior/BlockPredicates.java	Pinned test ignores its serialized offset and calls isUnobstructed(null, Shapes.block().move(originalPos)); queries compensated building obstruction at the original origin.
net.minecraft.world.level.levelgen.blockpredicates.VolumeMatchPredicate	test	LevelAccessor,BlockPos	b3c8d2e3223865326073c296aeb12604153840a6197f3d3b63697d0d14e2805e	port	world/level/levelgen/blockpredicates/VolumeMatchPredicate.java:31	block-sim/src/main/java/ac/cult/blocksim/behavior/BlockPredicates.java	Inclusive X/Z/Y traversal evaluates the nested predicate at each origin offset and stops on the first false result; uses the same compensated action overlay.
net.minecraft.world.level.levelgen.blockpredicates.WouldSurvivePredicate	test	LevelAccessor,BlockPos	0a2f41463baaa5d3591e5295ac8f453e1012d6ec575e3d8b1956a740f3ad0118	port	world/level/levelgen/blockpredicates/WouldSurvivePredicate.java:25	block-sim/src/main/java/ac/cult/blocksim/behavior/BlockTransformerBehavior.java	
net.minecraft.world.level.levelgen.feature.stateproviders.BlockStateProvider	getOptionalState	LevelAccessor,RandomSource,BlockPos	cd9ddb44961e47edbf1c362111f64ebda9a681efa8b8dbee46597986da6b4514	port	world/level/levelgen/feature/stateproviders/BlockStateProvider.java:46	block-sim/src/main/java/ac/cult/blocksim/behavior/BlockTransformerBehavior.java	
net.minecraft.world.level.levelgen.feature.stateproviders.CopyPropertiesProvider	getState	LevelAccessor,RandomSource,BlockPos	d599caaacd9a3629123171b35756f9baea915228501bd0d80f450c16bb9fff19	port	world/level/levelgen/feature/stateproviders/CopyPropertiesProvider.java:26	block-sim/src/main/java/ac/cult/blocksim/behavior/BlockTransformerBehavior.java	Pinned world/level/levelgen/feature/stateproviders/CopyPropertiesProvider.java:26 requests the source provider with required getState semantics, then copies only equal property types/domains from the existing cell through BlockRegistry.withPropertiesOf. Provider-family dispatch is shared; unreviewed random families remain separate manifest gaps.
net.minecraft.world.level.levelgen.feature.stateproviders.DualNoiseProvider	getState	LevelAccessor,RandomSource,BlockPos	5412960dab6a3ae5b6d33551d1fa7c0707bec8ff436e6833eebeb36dc1f75fb0	port	world/level/levelgen/feature/stateproviders/DualNoiseProvider.java:56	block-sim/src/main/java/ac/cult/blocksim/behavior/NoiseStateProvider.java	Fixed-seed noise and dual-noise choose generated state IDs using the received 26.3 octave settings, normalization and float sampling order. The immutable sampler uses JDK legacy random seeds; dual noise preserves float slow-coordinate multiplication, clamped variety and offset selection. Neither provider consumes world RNG.
net.minecraft.world.level.levelgen.feature.stateproviders.NoiseProvider	getState	LevelAccessor,RandomSource,BlockPos	84d1e06f89c65d59475a6e27609b90d1d02af7c483d0ef7e7730a59b000ecb9b	port	world/level/levelgen/feature/stateproviders/NoiseProvider.java:35	block-sim/src/main/java/ac/cult/blocksim/behavior/NoiseStateProvider.java	Fixed-seed noise and dual-noise choose generated state IDs using the received 26.3 octave settings, normalization and float sampling order. The immutable sampler uses JDK legacy random seeds; dual noise preserves float slow-coordinate multiplication, clamped variety and offset selection. Neither provider consumes world RNG.
net.minecraft.world.level.levelgen.feature.stateproviders.NoiseThresholdProvider	getState	LevelAccessor,RandomSource,BlockPos	9e93765a2fd53ef9a5a9b1f56ff60943f4373ad299ea74051b143157a78be961	outside-anticheat-scope	world/level/levelgen/feature/stateproviders/NoiseThresholdProvider.java:58		Source world/level/levelgen/feature/stateproviders/NoiseThresholdProvider.java:58: world-generation state sampler; the bundled axe/hoe/shovel transform closure contains only simple states, copy_properties and rule_based. The user explicitly requires vanilla and likely datapack action inputs, not speculative worldgen/noise transform machinery. Exotic custom transformers invoking this sampler are intentionally unsupported; retain unused received definitions as opaque payloads instead of adding RNG/state-provider systems. This is a scope exclusion, not a claim that the original method has a client/server guard.
net.minecraft.world.level.levelgen.feature.stateproviders.RandomBlockProvider	getState	LevelAccessor,RandomSource,BlockPos	513b1ca1c5e67f8b23f01ff50daa5cd1a14e09dda4d88b64776c2a9ccf08d2a0	outside-anticheat-scope	world/level/levelgen/feature/stateproviders/RandomBlockProvider.java:27		Source world/level/levelgen/feature/stateproviders/RandomBlockProvider.java:27: world-generation state sampler; the bundled axe/hoe/shovel transform closure contains only simple states, copy_properties and rule_based. The user explicitly requires vanilla and likely datapack action inputs, not speculative worldgen/noise transform machinery. Exotic custom transformers invoking this sampler are intentionally unsupported; retain unused received definitions as opaque payloads instead of adding RNG/state-provider systems. This is a scope exclusion, not a claim that the original method has a client/server guard.
net.minecraft.world.level.levelgen.feature.stateproviders.RandomBlockProvider	getOptionalState	LevelAccessor,RandomSource,BlockPos	a0780015f644e5c12d6348a13a8a7e4aa95319c2ca2a6bebe88b430cb8c59297	outside-anticheat-scope	world/level/levelgen/feature/stateproviders/RandomBlockProvider.java:32		Source world/level/levelgen/feature/stateproviders/RandomBlockProvider.java:32: world-generation state sampler; the bundled axe/hoe/shovel transform closure contains only simple states, copy_properties and rule_based. The user explicitly requires vanilla and likely datapack action inputs, not speculative worldgen/noise transform machinery. Exotic custom transformers invoking this sampler are intentionally unsupported; retain unused received definitions as opaque payloads instead of adding RNG/state-provider systems. This is a scope exclusion, not a claim that the original method has a client/server guard.
net.minecraft.world.level.levelgen.feature.stateproviders.RandomBlockProvider	getState	RandomSource	688198d7e85aeba98b41f0d2eba1889611874be3260004c66b1479ebd0e64a7e	outside-anticheat-scope	world/level/levelgen/feature/stateproviders/RandomBlockProvider.java:37		Source world/level/levelgen/feature/stateproviders/RandomBlockProvider.java:37: world-generation state sampler; the bundled axe/hoe/shovel transform closure contains only simple states, copy_properties and rule_based. The user explicitly requires vanilla and likely datapack action inputs, not speculative worldgen/noise transform machinery. Exotic custom transformers invoking this sampler are intentionally unsupported; retain unused received definitions as opaque payloads instead of adding RNG/state-provider systems. This is a scope exclusion, not a claim that the original method has a client/server guard.
net.minecraft.world.level.levelgen.feature.stateproviders.RandomizedIntStateProvider	getState	LevelAccessor,RandomSource,BlockPos	48010a204c69915ca0a4108455e80da6dbfe9ea29a45d2b31a0ee2459d34f085	outside-anticheat-scope	world/level/levelgen/feature/stateproviders/RandomizedIntStateProvider.java:58		Source world/level/levelgen/feature/stateproviders/RandomizedIntStateProvider.java:58: world-generation state sampler; the bundled axe/hoe/shovel transform closure contains only simple states, copy_properties and rule_based. The user explicitly requires vanilla and likely datapack action inputs, not speculative worldgen/noise transform machinery. Exotic custom transformers invoking this sampler are intentionally unsupported; retain unused received definitions as opaque payloads instead of adding RNG/state-provider systems. This is a scope exclusion, not a claim that the original method has a client/server guard.
net.minecraft.world.level.levelgen.feature.stateproviders.RotatedBlockProvider	getState	LevelAccessor,RandomSource,BlockPos	6c9250345cd7a6fdaeb9a59223a52bdfaebfcd8e63b703d7d305df7171cc9341	outside-anticheat-scope	world/level/levelgen/feature/stateproviders/RotatedBlockProvider.java:32		Source world/level/levelgen/feature/stateproviders/RotatedBlockProvider.java:32: world-generation state sampler; the bundled axe/hoe/shovel transform closure contains only simple states, copy_properties and rule_based. The user explicitly requires vanilla and likely datapack action inputs, not speculative worldgen/noise transform machinery. Exotic custom transformers invoking this sampler are intentionally unsupported; retain unused received definitions as opaque payloads instead of adding RNG/state-provider systems. This is a scope exclusion, not a claim that the original method has a client/server guard.
net.minecraft.world.level.levelgen.feature.stateproviders.RuleBasedStateProvider	getState	LevelAccessor,RandomSource,BlockPos	4554c7689ad6549399e194e8292cd08b49138e5a2b999f9dd912e1b4e36c20f2	port	world/level/levelgen/feature/stateproviders/RuleBasedStateProvider.java:44	block-sim/src/main/java/ac/cult/blocksim/behavior/BlockTransformerBehavior.java	
net.minecraft.world.level.levelgen.feature.stateproviders.RuleBasedStateProvider	getOptionalState	LevelAccessor,RandomSource,BlockPos	c8691d82de319dfd48044b61ba61ebbd6ac753b9057de91f6c3c959b7c0026f1	port	world/level/levelgen/feature/stateproviders/RuleBasedStateProvider.java:50	block-sim/src/main/java/ac/cult/blocksim/behavior/BlockTransformerBehavior.java	Pinned world/level/levelgen/feature/stateproviders/RuleBasedStateProvider.java:50 checks predicates in list order and returns the first non-null optional provider result, then the optional fallback. Shared BlockPredicates covers deterministic source predicates; the required outer path retains the current state if optional evaluation is null. Random provider families remain separate manifest gaps.
net.minecraft.world.level.levelgen.feature.stateproviders.SimpleStateProvider	getState	LevelAccessor,RandomSource,BlockPos	5cc583d7087c2291a17d2969067c279532b6d9038df26ae98d8381fa7793b97a	port	world/level/levelgen/feature/stateproviders/SimpleStateProvider.java:17	block-sim/src/main/java/ac/cult/blocksim/behavior/BlockTransformerBehavior.java	
net.minecraft.world.level.levelgen.feature.stateproviders.WeightedStateProvider	getState	LevelAccessor,RandomSource,BlockPos	d2b9cc75cdb1c2523c6a06c5db1ac636bac1e24f86e9eed452cd40a638a6f29e	outside-anticheat-scope	world/level/levelgen/feature/stateproviders/WeightedStateProvider.java:32		Source world/level/levelgen/feature/stateproviders/WeightedStateProvider.java:32: world-generation state sampler; the bundled axe/hoe/shovel transform closure contains only simple states, copy_properties and rule_based. The user explicitly requires vanilla and likely datapack action inputs, not speculative worldgen/noise transform machinery. Exotic custom transformers invoking this sampler are intentionally unsupported; retain unused received definitions as opaque payloads instead of adding RNG/state-provider systems. This is a scope exclusion, not a claim that the original method has a client/server guard.
net.minecraft.world.level.material.EmptyFluid	getFlow	BlockGetter,BlockPos,FluidState	34a626e1435294eba60b11c7bb43ae900afc202933eae13c383dc1c2b3ce6b54	port	world/level/material/EmptyFluid.java:26	block-sim/src/main/java/ac/cult/blocksim/engine/FluidQueries.java	Pinned world/level/material/EmptyFluid.java:26 evaluates N/E/S/W neighbors, float height differences and double accumulation. The shared current query preserves same-family/empty neighbors, BLOCKS_FLUID_FLOW, below-neighbor falls, sturdy faces, the IceBlock exception, falling-fluid downward pull and Vec3 normalization. EmptyFluid returns zero; FluidState delegates. Existing pre-1.13 legacy current remains separate at the version boundary.
net.minecraft.world.level.material.EmptyFluid	isEmpty		431ca6d2bfbc684210415c1210d58f91e7ad98a300ef06eac2f35066edafa4f9	port	world/level/material/EmptyFluid.java:36	block-sim/src/main/java/ac/cult/blocksim/engine/SimFluidState.java	Pinned world/level/material/EmptyFluid.java:36 supplies empty/type/source/legacy facts and float amount/9 height. SimFluidState preserves generated facts and returns full height only for the same source/flowing fluid family above; EmptyFluid stays zero. ClientFluidQueries uses an immutable native-state snapshot only at the temporary typed edge, and shared height arithmetic serves body, eye, current and fall-distance queries.
net.minecraft.world.level.material.EmptyFluid	getHeight	FluidState,BlockGetter,BlockPos	4bc489c5616ff9aa388a000b5379cf84429e1c3063a4e9165a3e1a64c24f1f99	port	world/level/material/EmptyFluid.java:46	block-sim/src/main/java/ac/cult/blocksim/engine/SimFluidState.java	Pinned world/level/material/EmptyFluid.java:46 supplies empty/type/source/legacy facts and float amount/9 height. SimFluidState preserves generated facts and returns full height only for the same source/flowing fluid family above; EmptyFluid stays zero. ClientFluidQueries uses an immutable native-state snapshot only at the temporary typed edge, and shared height arithmetic serves body, eye, current and fall-distance queries.
net.minecraft.world.level.material.EmptyFluid	getOwnHeight	FluidState	4bc489c5616ff9aa388a000b5379cf84429e1c3063a4e9165a3e1a64c24f1f99	port	world/level/material/EmptyFluid.java:51	block-sim/src/main/java/ac/cult/blocksim/engine/SimFluidState.java	Pinned world/level/material/EmptyFluid.java:51 supplies empty/type/source/legacy facts and float amount/9 height. SimFluidState preserves generated facts and returns full height only for the same source/flowing fluid family above; EmptyFluid stays zero. ClientFluidQueries uses an immutable native-state snapshot only at the temporary typed edge, and shared height arithmetic serves body, eye, current and fall-distance queries.
net.minecraft.world.level.material.EmptyFluid	createLegacyBlock	FluidState	c03c138fdf0f9eef79c5674b0d69672f8f6cf9d70d50a44d3b3745bca7cb6181	port	world/level/material/EmptyFluid.java:56	block-sim/src/main/java/ac/cult/blocksim/engine/SimFluidState.java	Pinned world/level/material/EmptyFluid.java:56 supplies empty/type/source/legacy facts and float amount/9 height. SimFluidState preserves generated facts and returns full height only for the same source/flowing fluid family above; EmptyFluid stays zero. ClientFluidQueries uses an immutable native-state snapshot only at the temporary typed edge, and shared height arithmetic serves body, eye, current and fall-distance queries.
net.minecraft.world.level.material.EmptyFluid	isSource	FluidState	2321bc09cbb45126d475c441ad86ed8815b9858c7c335ad00dd0b2494d8ab965	port	world/level/material/EmptyFluid.java:61	block-sim/src/main/java/ac/cult/blocksim/engine/SimFluidState.java	Pinned world/level/material/EmptyFluid.java:61 supplies empty/type/source/legacy facts and float amount/9 height. SimFluidState preserves generated facts and returns full height only for the same source/flowing fluid family above; EmptyFluid stays zero. ClientFluidQueries uses an immutable native-state snapshot only at the temporary typed edge, and shared height arithmetic serves body, eye, current and fall-distance queries.
net.minecraft.world.level.material.EmptyFluid	getShape	FluidState,BlockGetter,BlockPos	ed610faefe8c377df35fb7ad2b774e3fd4fb63fab279c944366d6dc688f6670b	port	world/level/material/EmptyFluid.java:71	block-sim/src/main/java/ac/cult/blocksim/engine/BlockRaycast.java	Empty fluid is identified by minecraft:empty, captures source=false and AIR legacy state, and supplies no fluid ray shape. This uses existing generated facts and the empty-fluid guard.
net.minecraft.world.level.material.FlowingFluid	getFlow	BlockGetter,BlockPos,FluidState	3eeb6d51f42a4f05ec05252978388eb9f5ccdbd137b3e07d94326d67f23f5922	port	world/level/material/FlowingFluid.java:54	block-sim/src/main/java/ac/cult/blocksim/engine/FluidQueries.java	Pinned world/level/material/FlowingFluid.java:54 evaluates N/E/S/W neighbors, float height differences and double accumulation. The shared current query preserves same-family/empty neighbors, BLOCKS_FLUID_FLOW, below-neighbor falls, sturdy faces, the IceBlock exception, falling-fluid downward pull and Vec3 normalization. EmptyFluid returns zero; FluidState delegates. Existing pre-1.13 legacy current remains separate at the version boundary.
net.minecraft.world.level.material.FlowingFluid	affectsFlow	FluidState	ea628c4ce051c208b79be9d8b5b4f6d1935798c6a7311e6931b7b5d1b6cad014	port	world/level/material/FlowingFluid.java:102	block-sim/src/main/java/ac/cult/blocksim/engine/FluidQueries.java	Pinned world/level/material/FlowingFluid.java:102 evaluates N/E/S/W neighbors, float height differences and double accumulation. The shared current query preserves same-family/empty neighbors, BLOCKS_FLUID_FLOW, below-neighbor falls, sturdy faces, the IceBlock exception, falling-fluid downward pull and Vec3 normalization. EmptyFluid returns zero; FluidState delegates. Existing pre-1.13 legacy current remains separate at the version boundary.
net.minecraft.world.level.material.FlowingFluid	isSolidFace	BlockGetter,BlockPos,Direction	6d47b5a6ecbc529e0522acce3a18aa00ae2a0838207d9758c3ed9be3d0b3dde6	port	world/level/material/FlowingFluid.java:106	block-sim/src/main/java/ac/cult/blocksim/engine/FluidQueries.java	Pinned world/level/material/FlowingFluid.java:106 evaluates N/E/S/W neighbors, float height differences and double accumulation. The shared current query preserves same-family/empty neighbors, BLOCKS_FLUID_FLOW, below-neighbor falls, sturdy faces, the IceBlock exception, falling-fluid downward pull and Vec3 normalization. EmptyFluid returns zero; FluidState delegates. Existing pre-1.13 legacy current remains separate at the version boundary.
net.minecraft.world.level.material.FlowingFluid	getHeight	FluidState,BlockGetter,BlockPos	1eb433901ab295ea1cecae01eb7cc08d3d282febd0e4469a4ebdcd65a663845f	port	world/level/material/FlowingFluid.java:456	block-sim/src/main/java/ac/cult/blocksim/engine/SimFluidState.java	Pinned world/level/material/FlowingFluid.java:456 supplies empty/type/source/legacy facts and float amount/9 height. SimFluidState preserves generated facts and returns full height only for the same source/flowing fluid family above; EmptyFluid stays zero. ClientFluidQueries uses an immutable native-state snapshot only at the temporary typed edge, and shared height arithmetic serves body, eye, current and fall-distance queries.
net.minecraft.world.level.material.FlowingFluid	getOwnHeight	FluidState	19944bb48517daf92d987c405644456bbaa50d43dbfdfc8a2fae6a7abeb89a87	port	world/level/material/FlowingFluid.java:461	block-sim/src/main/java/ac/cult/blocksim/engine/SimFluidState.java	Pinned world/level/material/FlowingFluid.java:461 supplies empty/type/source/legacy facts and float amount/9 height. SimFluidState preserves generated facts and returns full height only for the same source/flowing fluid family above; EmptyFluid stays zero. ClientFluidQueries uses an immutable native-state snapshot only at the temporary typed edge, and shared height arithmetic serves body, eye, current and fall-distance queries.
net.minecraft.world.level.material.FlowingFluid	getShape	FluidState,BlockGetter,BlockPos	e84905e5ed8dd50a521ba325b9e13f5eb225e352ed62b0be36353e8c44563b8d	port	world/level/material/FlowingFluid.java:469	block-sim/src/main/java/ac/cult/blocksim/engine/FluidQueries.java	Pinned FlowingFluid.java:477-481 and FluidState.java:132 preserve the first computed height for each fluid state in the process-wide cache. FluidQueries.shape publishes immutable cache snapshots and supplies the same ordered boxes; every generated fluid amount is 0..8, so the amount-9 shortcut is unreachable in this model. Original-jar fluid/state/shape and raycast comparisons have zero differences.
net.minecraft.world.level.material.Fluid	isEmpty		2321bc09cbb45126d475c441ad86ed8815b9858c7c335ad00dd0b2494d8ab965	port	world/level/material/Fluid.java:83	block-sim/src/main/java/ac/cult/blocksim/engine/SimFluidState.java	Pinned world/level/material/Fluid.java:83 supplies empty/type/source/legacy facts and float amount/9 height. SimFluidState preserves generated facts and returns full height only for the same source/flowing fluid family above; EmptyFluid stays zero. ClientFluidQueries uses an immutable native-state snapshot only at the temporary typed edge, and shared height arithmetic serves body, eye, current and fall-distance queries.
net.minecraft.world.level.material.Fluid	isSame	Fluid	878326d3ee0f5f28a3ece5f37d3b82cf7b0dd57b2553531d33bed63f66b647ee	port	world/level/material/Fluid.java:99	block-sim/src/main/java/ac/cult/blocksim/engine/SimFluidState.java	
net.minecraft.world.level.material.FluidIds	create	String	77584e178a16f4a51a92c2d7cc7285240b4f2624dfa2bb7c067874e775cb1a48	port	world/level/material/FluidIds.java:14	block-sim/src/main/java/ac/cult/blocksim/data/DataTables.java	world/level/material/FluidIds.java:14: Read-only minecraft-namespace key factory for fluid. Generated bindings and received named values retain these keys; no runtime native ResourceKey construction is needed.
net.minecraft.world.level.material.FluidState	isSource		13d8e9dcb505f1e86dc6e07262c42a11756b6039bc32dfaf9a10e66ac3468e3e	port	world/level/material/FluidState.java:37	block-sim/src/main/java/ac/cult/blocksim/engine/SimFluidState.java	Pinned world/level/material/FluidState.java:37 supplies empty/type/source/legacy facts and float amount/9 height. SimFluidState preserves generated facts and returns full height only for the same source/flowing fluid family above; EmptyFluid stays zero. ClientFluidQueries uses an immutable native-state snapshot only at the temporary typed edge, and shared height arithmetic serves body, eye, current and fall-distance queries.
net.minecraft.world.level.material.FluidState	isSourceOfType	Fluid	12a1a7f2178d0bafee60d8064add8dc54e60d4c88c2b296b890cd5b095ec997f	port	world/level/material/FluidState.java:41	block-sim/src/main/java/ac/cult/blocksim/engine/SimFluidState.java	
net.minecraft.world.level.material.FluidState	isEmpty		1b3a1b6a61e42b5932fd72149111d0452b45e619d55d5de6733b1b3b2e5bd2d5	port	world/level/material/FluidState.java:45	block-sim/src/main/java/ac/cult/blocksim/engine/SimFluidState.java	Pinned world/level/material/FluidState.java:45 supplies empty/type/source/legacy facts and float amount/9 height. SimFluidState preserves generated facts and returns full height only for the same source/flowing fluid family above; EmptyFluid stays zero. ClientFluidQueries uses an immutable native-state snapshot only at the temporary typed edge, and shared height arithmetic serves body, eye, current and fall-distance queries.
net.minecraft.world.level.material.FluidState	getHeight	BlockGetter,BlockPos	d60dd4217869f59df9fb75901b3a459b8cc1d53f5ce8d20aff11edf1e739b6b3	port	world/level/material/FluidState.java:49	block-sim/src/main/java/ac/cult/blocksim/engine/SimFluidState.java	Pinned world/level/material/FluidState.java:49 supplies empty/type/source/legacy facts and float amount/9 height. SimFluidState preserves generated facts and returns full height only for the same source/flowing fluid family above; EmptyFluid stays zero. ClientFluidQueries uses an immutable native-state snapshot only at the temporary typed edge, and shared height arithmetic serves body, eye, current and fall-distance queries.
net.minecraft.world.level.material.FluidState	getOwnHeight		1b6ec5e1192c9f8b511f54d755682f2ba5e93b81356f1a4e3b434f10b984cd5f	port	world/level/material/FluidState.java:64	block-sim/src/main/java/ac/cult/blocksim/engine/SimFluidState.java	Pinned world/level/material/FluidState.java:64 supplies empty/type/source/legacy facts and float amount/9 height. SimFluidState preserves generated facts and returns full height only for the same source/flowing fluid family above; EmptyFluid stays zero. ClientFluidQueries uses an immutable native-state snapshot only at the temporary typed edge, and shared height arithmetic serves body, eye, current and fall-distance queries.
net.minecraft.world.level.material.FluidState	getFlow	BlockGetter,BlockPos	e466547a4a19841aabf740f8156b2c09bee4e1ad615b6b4657318af52c0674c1	port	world/level/material/FluidState.java:106	block-sim/src/main/java/ac/cult/blocksim/engine/FluidQueries.java	Pinned world/level/material/FluidState.java:106 evaluates N/E/S/W neighbors, float height differences and double accumulation. The shared current query preserves same-family/empty neighbors, BLOCKS_FLUID_FLOW, below-neighbor falls, sturdy faces, the IceBlock exception, falling-fluid downward pull and Vec3 normalization. EmptyFluid returns zero; FluidState delegates. Existing pre-1.13 legacy current remains separate at the version boundary.
net.minecraft.world.level.material.FluidState	createLegacyBlock		6f93cfd38a526550558c89923277927dc066db30ff47d0cfb4eb56819576b2bc	port	world/level/material/FluidState.java:110	block-sim/src/main/java/ac/cult/blocksim/engine/SimFluidState.java	Pinned world/level/material/FluidState.java:110 supplies empty/type/source/legacy facts and float amount/9 height. SimFluidState preserves generated facts and returns full height only for the same source/flowing fluid family above; EmptyFluid stays zero. ClientFluidQueries uses an immutable native-state snapshot only at the temporary typed edge, and shared height arithmetic serves body, eye, current and fall-distance queries.
net.minecraft.world.level.material.FluidState	getShape	BlockGetter,BlockPos	ad981163449a8b32954dc072a314cddea5ba96eaa3b27100a34417aa8f224312	port	world/level/material/FluidState.java:131	block-sim/src/main/java/ac/cult/blocksim/engine/FluidQueries.java	Pinned FlowingFluid.java:477-481 and FluidState.java:132 preserve the first computed height for each fluid state in the process-wide cache. FluidQueries.shape publishes immutable cache snapshots and supplies the same ordered boxes; every generated fluid amount is 0..8, so the amount-9 shortcut is unreachable in this model. Original-jar fluid/state/shape and raycast comparisons have zero differences.
net.minecraft.world.level.material.LavaFluid	createLegacyBlock	FluidState	bff8be33461a4a080c75a299269beff459bdad3ae07033045e5bfebd396e23a5	port	world/level/material/LavaFluid.java:155	block-sim/src/main/java/ac/cult/blocksim/engine/SimFluidState.java	Pinned world/level/material/LavaFluid.java:155 supplies empty/type/source/legacy facts and float amount/9 height. SimFluidState preserves generated facts and returns full height only for the same source/flowing fluid family above; EmptyFluid stays zero. ClientFluidQueries uses an immutable native-state snapshot only at the temporary typed edge, and shared height arithmetic serves body, eye, current and fall-distance queries.
net.minecraft.world.level.material.LavaFluid	isSame	Fluid	b708860d331b82c591043ebd4e9dd8869a663504fa25b402aca4897546b7c5c5	port	world/level/material/LavaFluid.java:160	block-sim/src/main/java/ac/cult/blocksim/engine/SimFluidState.java	
net.minecraft.world.level.material.LavaFluid$Flowing	isSource	FluidState	2321bc09cbb45126d475c441ad86ed8815b9858c7c335ad00dd0b2494d8ab965	port	world/level/material/LavaFluid.java:252	block-sim/src/main/java/ac/cult/blocksim/engine/SimFluidState.java	Pinned world/level/material/LavaFluid.java:252 supplies empty/type/source/legacy facts and float amount/9 height. SimFluidState preserves generated facts and returns full height only for the same source/flowing fluid family above; EmptyFluid stays zero. ClientFluidQueries uses an immutable native-state snapshot only at the temporary typed edge, and shared height arithmetic serves body, eye, current and fall-distance queries.
net.minecraft.world.level.material.LavaFluid$Source	isSource	FluidState	431ca6d2bfbc684210415c1210d58f91e7ad98a300ef06eac2f35066edafa4f9	port	world/level/material/LavaFluid.java:264	block-sim/src/main/java/ac/cult/blocksim/engine/SimFluidState.java	Pinned world/level/material/LavaFluid.java:264 supplies empty/type/source/legacy facts and float amount/9 height. SimFluidState preserves generated facts and returns full height only for the same source/flowing fluid family above; EmptyFluid stays zero. ClientFluidQueries uses an immutable native-state snapshot only at the temporary typed edge, and shared height arithmetic serves body, eye, current and fall-distance queries.
net.minecraft.world.level.material.WaterFluid	createLegacyBlock	FluidState	1672142cb448ed71768ff6473a355bc8d4b88414d99c17609cef551624da4b98	port	world/level/material/WaterFluid.java:96	block-sim/src/main/java/ac/cult/blocksim/engine/SimFluidState.java	Pinned world/level/material/WaterFluid.java:96 supplies empty/type/source/legacy facts and float amount/9 height. SimFluidState preserves generated facts and returns full height only for the same source/flowing fluid family above; EmptyFluid stays zero. ClientFluidQueries uses an immutable native-state snapshot only at the temporary typed edge, and shared height arithmetic serves body, eye, current and fall-distance queries.
net.minecraft.world.level.material.WaterFluid	isSame	Fluid	515bb5a6675cc2379acf08f0f3648eb6e3ee128c6b2aa304ed221d3807648b96	port	world/level/material/WaterFluid.java:101	block-sim/src/main/java/ac/cult/blocksim/engine/SimFluidState.java	
net.minecraft.world.level.material.WaterFluid$Flowing	isSource	FluidState	2321bc09cbb45126d475c441ad86ed8815b9858c7c335ad00dd0b2494d8ab965	port	world/level/material/WaterFluid.java:143	block-sim/src/main/java/ac/cult/blocksim/engine/SimFluidState.java	Pinned world/level/material/WaterFluid.java:143 supplies empty/type/source/legacy facts and float amount/9 height. SimFluidState preserves generated facts and returns full height only for the same source/flowing fluid family above; EmptyFluid stays zero. ClientFluidQueries uses an immutable native-state snapshot only at the temporary typed edge, and shared height arithmetic serves body, eye, current and fall-distance queries.
net.minecraft.world.level.material.WaterFluid$Source	isSource	FluidState	431ca6d2bfbc684210415c1210d58f91e7ad98a300ef06eac2f35066edafa4f9	port	world/level/material/WaterFluid.java:155	block-sim/src/main/java/ac/cult/blocksim/engine/SimFluidState.java	Pinned world/level/material/WaterFluid.java:155 supplies empty/type/source/legacy facts and float amount/9 height. SimFluidState preserves generated facts and returns full height only for the same source/flowing fluid family above; EmptyFluid stays zero. ClientFluidQueries uses an immutable native-state snapshot only at the temporary typed edge, and shared height arithmetic serves body, eye, current and fall-distance queries.
net.minecraft.world.level.portal.PortalShape	findEmptyPortalShape	LevelAccessor,BlockPos,Direction.Axis	256546d8e5798394184e53d93fb80bad9369551cb30d9a50b2b2a55913d50569	port	world/level/portal/PortalShape.java:52	block-sim/src/main/java/ac/cult/blocksim/behavior/PortalFrame.java	Pinned PortalShape.java:52-82 scans the preferred horizontal plane then the other plane for an empty valid frame; findAnyShape also supplies NetherPortalBlock.updateShape completeness. PortalFrame folds only these client-required predicates into canIgnite/isComplete, retaining frame tags, 2..21 width, 3..21 height, minY and exact portal-cell counts. No general portal object or teleport geometry is needed.
net.minecraft.world.level.portal.PortalShape	findPortalShape	LevelAccessor,BlockPos,Predicate<PortalShape>,Direction.Axis	d43afab890002c8f678a997dbe9504f763ffb0de792c731fba2251337923ec1d	port	world/level/portal/PortalShape.java:56	block-sim/src/main/java/ac/cult/blocksim/behavior/PortalFrame.java	Pinned PortalShape.java:52-82 scans the preferred horizontal plane then the other plane for an empty valid frame; findAnyShape also supplies NetherPortalBlock.updateShape completeness. PortalFrame folds only these client-required predicates into canIgnite/isComplete, retaining frame tags, 2..21 width, 3..21 height, minY and exact portal-cell counts. No general portal object or teleport geometry is needed.
net.minecraft.world.level.portal.PortalShape	findAnyShape	BlockGetter,BlockPos,Direction.Axis	2c34ffe912adb64df4279a5414b62d4eaef93970083b87e6ac8a5475fb18c6d2	port	world/level/portal/PortalShape.java:68	block-sim/src/main/java/ac/cult/blocksim/behavior/PortalFrame.java	Pinned PortalShape.java:52-82 scans the preferred horizontal plane then the other plane for an empty valid frame; findAnyShape also supplies NetherPortalBlock.updateShape completeness. PortalFrame folds only these client-required predicates into canIgnite/isComplete, retaining frame tags, 2..21 width, 3..21 height, minY and exact portal-cell counts. No general portal object or teleport geometry is needed.
net.minecraft.world.level.portal.PortalShape	calculateBottomLeft	BlockGetter,Direction,BlockPos	ec454c0da3aec327aa9743d68ef4ca57aac63b19760744c6139d4809d4174a1a	port	world/level/portal/PortalShape.java:85	block-sim/src/main/java/ac/cult/blocksim/behavior/PortalFrame.java	
net.minecraft.world.level.portal.PortalShape	calculateWidth	BlockGetter,BlockPos,Direction	9872de05a9125d68adb5095f0418f3a20a37a0b050c36e621828979613ea7733	port	world/level/portal/PortalShape.java:97	block-sim/src/main/java/ac/cult/blocksim/behavior/PortalFrame.java	
net.minecraft.world.level.portal.PortalShape	getDistanceUntilEdgeAboveFrame	BlockGetter,BlockPos,Direction	f120b9a45571fcbe82c8c1fe51e2808821008b2e89ee1313e4996c3bbc14409f	port	world/level/portal/PortalShape.java:102	block-sim/src/main/java/ac/cult/blocksim/behavior/PortalFrame.java	
net.minecraft.world.level.portal.PortalShape	calculateHeight	BlockGetter,BlockPos,Direction,int,MutableInt	1957dbe6f4f2baeafb7bd463e8a25149f1a936d2053084f5ee430fd9b6ed377f	port	world/level/portal/PortalShape.java:124	block-sim/src/main/java/ac/cult/blocksim/behavior/PortalFrame.java	
net.minecraft.world.level.portal.PortalShape	hasTopFrame	BlockGetter,BlockPos,Direction,MutableBlockPos,int,int	d9d98aaf8138a588c27a7c8449c5cd684587487f5b1bb6452edbdb2d7285022b	port	world/level/portal/PortalShape.java:132	block-sim/src/main/java/ac/cult/blocksim/behavior/PortalFrame.java	
net.minecraft.world.level.portal.PortalShape	getDistanceUntilTop	BlockGetter,BlockPos,Direction,MutableBlockPos,int,MutableInt	54e89b6442b20daa483eed6e96735dd28c5daed3643b05f1e6bfcca5393a8021	port	world/level/portal/PortalShape.java:145	block-sim/src/main/java/ac/cult/blocksim/behavior/PortalFrame.java	
net.minecraft.world.level.portal.PortalShape	isEmpty	BlockState	69da28885cb19b74780fa0458b7a5df7520d2edd47b30d5c647c3a4158731d09	port	world/level/portal/PortalShape.java:180	block-sim/src/main/java/ac/cult/blocksim/behavior/PortalFrame.java	
net.minecraft.world.level.portal.PortalShape	isValid		5db360a0c659f32791e431f07332b75163fd7145f6f6e915601cd64bcf39c3c4	port	world/level/portal/PortalShape.java:184	block-sim/src/main/java/ac/cult/blocksim/behavior/PortalFrame.java	
net.minecraft.world.level.redstone.CollectingNeighborUpdater	shapeUpdate	Direction,BlockState,BlockPos,BlockPos,int,int	74813f7697e916098a445754641aceeac718b737a8a881ed8bb98581ab81e228	port	world/level/redstone/CollectingNeighborUpdater.java:35	block-sim/src/main/java/ac/cult/blocksim/engine/ShapeUpdater.java	Shape notifications enqueue an immutable direction/state/position/flags/limit record. The collecting queue executes each shape update once, preserving depth-first layers and the original executeShapeUpdate flags and recursion limit.
net.minecraft.world.level.redstone.CollectingNeighborUpdater	neighborChanged	BlockPos,Block,Orientation	b7477f049c8269777a9beeb48726c91b17ed2c0c4f1dfd6b88f0f31992f8f712	server-only	world/level/redstone/CollectingNeighborUpdater.java:49		
net.minecraft.world.level.redstone.CollectingNeighborUpdater	neighborChanged	BlockState,BlockPos,Block,Orientation,boolean	4dd5a162c94ba32ac2887c72e875be48aedb908a4fc49b64390a0228509554c6	server-only	world/level/redstone/CollectingNeighborUpdater.java:54		
net.minecraft.world.level.redstone.CollectingNeighborUpdater	updateNeighborsAtExceptFromFacing	BlockPos,Block,Direction,Orientation	ab20327cf5d8d7123c585fc165c15f8ebc4ec24f4dcb796c3ec4dffcde1ef78c	server-only	world/level/redstone/CollectingNeighborUpdater.java:61		Pinned Level.java:306-320 defines empty client updateNeighborsAt, updateNeighborsAtExceptFromFacing and both neighborChanged methods; ClientLevel does not override them. These callbacks never enqueue full/simple/multi neighbor notifications for client actions. Shape updates use Level.neighborShapeChanged and the separately ported collecting shape queue.
net.minecraft.world.level.redstone.CollectingNeighborUpdater	addAndRun	BlockPos,CollectingNeighborUpdater.NeighborUpdates	8e3d67fc11815185c23ed92fd919eda27bfa1348db1e41aac24c9e1a458a943c	port	world/level/redstone/CollectingNeighborUpdater.java:68	block-sim/src/main/java/ac/cult/blocksim/engine/ShapeUpdater.java	
net.minecraft.world.level.redstone.CollectingNeighborUpdater	runUpdates		94a640224f0e3f346628f2d026a5c65e71737d7a3f7ea9c9e87f69c8527500b4	port	world/level/redstone/CollectingNeighborUpdater.java:87	block-sim/src/main/java/ac/cult/blocksim/engine/ShapeUpdater.java	
net.minecraft.world.level.redstone.CollectingNeighborUpdater$FullNeighborUpdate	runNext	Level	61c7377e3b611eb3a47f06a2f52e6dd7c6cf430004938075eba1a2d2e04417a2	server-only	world/level/redstone/CollectingNeighborUpdater.java:116		Pinned Level.java:306-320 defines empty client updateNeighborsAt, updateNeighborsAtExceptFromFacing and both neighborChanged methods; ClientLevel does not override them. These callbacks never enqueue full/simple/multi neighbor notifications for client actions. Shape updates use Level.neighborShapeChanged and the separately ported collecting shape queue.
net.minecraft.world.level.redstone.CollectingNeighborUpdater$MultiNeighborUpdate	runNext	Level	837aaf9953e703ebe22df17bea797d4bd69ab9283a5fc22f529a513b2f605b5b	server-only	world/level/redstone/CollectingNeighborUpdater.java:147		Pinned Level.java:306-320 defines empty client updateNeighborsAt, updateNeighborsAtExceptFromFacing and both neighborChanged methods; ClientLevel does not override them. These callbacks never enqueue full/simple/multi neighbor notifications for client actions. Shape updates use Level.neighborShapeChanged and the separately ported collecting shape queue.
net.minecraft.world.level.redstone.CollectingNeighborUpdater$ShapeUpdate	runNext	Level	59e7161bba9c29ba84a7fae5afdf52bb07be468c4f35328cb1e1b9565bb63fca	port	world/level/redstone/CollectingNeighborUpdater.java:191	block-sim/src/main/java/ac/cult/blocksim/engine/ShapeUpdater.java	Shape notifications enqueue an immutable direction/state/position/flags/limit record. The collecting queue executes each shape update once, preserving depth-first layers and the original executeShapeUpdate flags and recursion limit.
net.minecraft.world.level.redstone.CollectingNeighborUpdater$SimpleNeighborUpdate	runNext	Level	2cbf8d2befe4376fe139b03585652484441dc3269500a156781420a965555c17	server-only	world/level/redstone/CollectingNeighborUpdater.java:204		Pinned Level.java:306-320 defines empty client updateNeighborsAt, updateNeighborsAtExceptFromFacing and both neighborChanged methods; ClientLevel does not override them. These callbacks never enqueue full/simple/multi neighbor notifications for client actions. Shape updates use Level.neighborShapeChanged and the separately ported collecting shape queue.
net.minecraft.world.level.redstone.ExperimentalRedstoneWireEvaluator	isConnected	BlockState,Direction	8fe81ac073229e1f05d66e5fbf90f8724cd820c37ab3b00acdb821f4008ef98f	server-only	world/level/redstone/ExperimentalRedstoneWireEvaluator.java:92		The connected-face helper belongs to causeNeighborUpdates during wire power evaluation. RedstoneWireBlock onPlace/neighborChanged reject client levels; affectNeighborsAfterRemoval takes ServerLevel. Received wire power and client shape queries remain modeled.
net.minecraft.world.level.redstone.InstantNeighborUpdater	shapeUpdate	Direction,BlockState,BlockPos,BlockPos,int,int	94a0d9894eb52627f5add0fefbe0642e554e9773990ec12f32359cab1d85e5f4	no-client-world-effect	world/level/redstone/InstantNeighborUpdater.java:17		Level constructs CollectingNeighborUpdater, including for ClientLevel; the pinned client jar has no external InstantNeighborUpdater class references. Its alternate immediate dispatcher is never used by client block actions.
net.minecraft.world.level.redstone.InstantNeighborUpdater	neighborChanged	BlockPos,Block,Orientation	319a34fbe3a39ca0b3351631c9e9b8b1c613b285e066f2d0942dc34c5a03e84d	server-only	world/level/redstone/InstantNeighborUpdater.java:29		
net.minecraft.world.level.redstone.InstantNeighborUpdater	neighborChanged	BlockState,BlockPos,Block,Orientation,boolean	fb991f9971a5b0984b60b3edee3c31b7eacaad6299e8d14fa61359fd22e97029	server-only	world/level/redstone/InstantNeighborUpdater.java:35		
net.minecraft.world.level.redstone.NeighborUpdater	updateNeighborsAtExceptFromFacing	BlockPos,Block,Direction,Orientation	2a41f975de1c3e454bb2fa93219d1da27d99fdaed40ecbd301bcf4a5dbe03fad	server-only	world/level/redstone/NeighborUpdater.java:26		Pinned Level.java:306-320 defines empty client updateNeighborsAt, updateNeighborsAtExceptFromFacing and both neighborChanged methods; ClientLevel does not override them. These callbacks never enqueue full/simple/multi neighbor notifications for client actions. Shape updates use Level.neighborShapeChanged and the separately ported collecting shape queue.
net.minecraft.world.level.redstone.NeighborUpdater	executeShapeUpdate	LevelAccessor,Direction,BlockPos,BlockPos,BlockState,int,int	c4fa58e552f2cfebd1e6972b4e3fa4d2a570e662c526cc2b411fc48e0d909a96	port	world/level/redstone/NeighborUpdater.java:36	block-sim/src/main/java/ac/cult/blocksim/engine/ShapeUpdater.java	
net.minecraft.world.phys.AABB	move	double,double,double	8a10ed8ef0793220af427e1d486608e7b1c05565f2c8dce575966e49752ce77e	port	world/phys/AABB.java:223	block-sim/src/main/java/ac/cult/blocksim/data/Box.java	Shared Box.move translates all six bounds; vector/position overloads unpack coordinates. Box.clip preserves native strict entry-face segment endpoints,1e-7 side bounds and nearest-hit selection; native off-git box oracle already verified2000000 bit-exact comparisons.
net.minecraft.world.phys.AABB	move	BlockPos	a600888e8ab69615ce5e44573e3a7481ecb0e460272db9677396acaa35b8b3a9	port	world/phys/AABB.java:227	block-sim/src/main/java/ac/cult/blocksim/data/Box.java	Shared Box.move translates all six bounds; vector/position overloads unpack coordinates. Box.clip preserves native strict entry-face segment endpoints,1e-7 side bounds and nearest-hit selection; native off-git box oracle already verified2000000 bit-exact comparisons.
net.minecraft.world.phys.AABB	move	Vec3	4f9a37bb3ba9cd179d7cdcb4117e11be288423a50dd55fb3c5ca21b1f67d8164	port	world/phys/AABB.java:233	block-sim/src/main/java/ac/cult/blocksim/data/Box.java	Shared Box.move translates all six bounds; vector/position overloads unpack coordinates. Box.clip preserves native strict entry-face segment endpoints,1e-7 side bounds and nearest-hit selection; native off-git box oracle already verified2000000 bit-exact comparisons.
net.minecraft.world.phys.AABB	move	Vector3f	4f9a37bb3ba9cd179d7cdcb4117e11be288423a50dd55fb3c5ca21b1f67d8164	port	world/phys/AABB.java:237	block-sim/src/main/java/ac/cult/blocksim/data/Box.java	Shared Box.move translates all six bounds; vector/position overloads unpack coordinates. Box.clip preserves native strict entry-face segment endpoints,1e-7 side bounds and nearest-hit selection; native off-git box oracle already verified2000000 bit-exact comparisons.
net.minecraft.world.phys.AABB	clip	Vec3,Vec3	f2d256838cb2942b22022afa2b2451c4bc3eec1ea970454c6fcab40e35c85551	port	world/phys/AABB.java:294	block-sim/src/main/java/ac/cult/blocksim/data/Box.java	Shared Box.move translates all six bounds; vector/position overloads unpack coordinates. Box.clip preserves native strict entry-face segment endpoints,1e-7 side bounds and nearest-hit selection; native off-git box oracle already verified2000000 bit-exact comparisons.
net.minecraft.world.phys.AABB	clip	double,double,double,double,double,double,Vec3,Vec3	1d6a72eaa7543c799e6741a820aae1fe888351cd46038c89a9330645cfb5e292	port	world/phys/AABB.java:298	block-sim/src/main/java/ac/cult/blocksim/data/Box.java	Shared Box.move translates all six bounds; vector/position overloads unpack coordinates. Box.clip preserves native strict entry-face segment endpoints,1e-7 side bounds and nearest-hit selection; native off-git box oracle already verified2000000 bit-exact comparisons.
net.minecraft.world.phys.AABB	clip	Iterable<AABB>,Vec3,Vec3,BlockPos	082a48d6a67da6f2799733dd1e132e3c187663e3008bdda47b798f763ad2f9c3	port	world/phys/AABB.java:314	block-sim/src/main/java/ac/cult/blocksim/engine/shapes/VoxelShape.java	
net.minecraft.world.phys.AABB	getDirection	AABB,Vec3,double[],Direction,double,double,double	55c2e636d0cd2d28091f3acf81320bbc464a073758f3e9c7aeb289b934c57087	port	world/phys/AABB.java:333	block-sim/src/main/java/ac/cult/blocksim/engine/shapes/VoxelShape.java	
net.minecraft.world.phys.AABB	getDirection	double,double,double,double,double,double,Vec3,double[],Direction,double,double,double	bdaef42b67819e17d6bcf61f6bf97c199633a1314d2280bf17df94b94741cb8a	port	world/phys/AABB.java:339	block-sim/src/main/java/ac/cult/blocksim/engine/shapes/VoxelShape.java	
net.minecraft.world.phys.AABB	clipPoint	double[],Direction,double,double,double,double,double,double,double,double,Direction,double,double,double	466652c75642bac823072c97eaae1deed3ce791b9d2c09d924d4e51c81928350	port	world/phys/AABB.java:374	block-sim/src/main/java/ac/cult/blocksim/engine/shapes/VoxelShape.java	
net.minecraft.world.phys.shapes.BitSetDiscreteVoxelShape	isEmpty		a091a2b4c4c13790830f9d7481b82b35470b20034a3de496cbd051a9c54fe233	port	world/phys/shapes/BitSetDiscreteVoxelShape.java:97	block-sim/src/main/java/ac/cult/blocksim/engine/shapes/VoxelShape.java	Owned discrete occupancy represents empty shapes with an empty BitSet; isEmpty is equivalent to both the native BitSet override and the base firstFull/lastFull emptiness test.
net.minecraft.world.phys.shapes.BitSetDiscreteVoxelShape	join	DiscreteVoxelShape,DiscreteVoxelShape,IndexMerger,IndexMerger,IndexMerger,BooleanOp	2fac4ccba9533f681346184552959adadd0cd22171085c02a987b1d62cc23b85	port	world/phys/shapes/BitSetDiscreteVoxelShape.java:112	block-sim/src/main/java/ac/cult/blocksim/engine/shapes/Shapes.java	Owned Boolean shape operations merge each axis with the native index semantics and apply the Boolean operator to both occupancies at every merged cell. join stores matching cells; joinIsNotEmpty returns at the first match.
net.minecraft.world.phys.shapes.BitSetDiscreteVoxelShape	forAllBoxes	DiscreteVoxelShape,DiscreteVoxelShape.IntLineConsumer,boolean	ad7484d0d55397d32174032ad994c595b091c352ae74fb2c2b60ef7d5cfe6662	port	world/phys/shapes/BitSetDiscreteVoxelShape.java:160	block-sim/src/main/java/ac/cult/blocksim/engine/shapes/VoxelShape.java	
net.minecraft.world.phys.shapes.CubeVoxelShape	findIndex	Direction.Axis,double	6e78f97a75da318afdabc5bf0d3658ae13fc6c88cad992eebe3aae74158c9e1c	port	world/phys/shapes/CubeVoxelShape.java:17	block-sim/src/main/java/ac/cult/blocksim/engine/shapes/VoxelShape.java	
net.minecraft.world.phys.shapes.DiscreteVoxelShape	isEmpty		68067de373a203f23f43fb5c3a546367e93dca7112764db06dedf5e9c88d39a7	port	world/phys/shapes/DiscreteVoxelShape.java:82	block-sim/src/main/java/ac/cult/blocksim/engine/shapes/VoxelShape.java	Owned discrete occupancy represents empty shapes with an empty BitSet; isEmpty is equivalent to both the native BitSet override and the base firstFull/lastFull emptiness test.
net.minecraft.world.phys.shapes.DiscreteVoxelShape	forAllBoxes	DiscreteVoxelShape.IntLineConsumer,boolean	b82d57f34ae043a97355d5bcb1fb0f0ab2494f16b7bdf528d416b86df71efed9	port	world/phys/shapes/DiscreteVoxelShape.java:218	block-sim/src/main/java/ac/cult/blocksim/engine/shapes/VoxelShape.java	DiscreteVoxelShape.java:218-220 delegates to BitSetDiscreteVoxelShape.forAllBoxes. VoxelShape.boxes preserves the required merged z-strip/x-rectangle/y-prism iteration order used by collision and clipping. Unmerged per-cell callback API is not requested by anticheat consumers.
net.minecraft.world.phys.shapes.EntityCollisionContext	getCollisionShape	BlockState,CollisionGetter,BlockPos	2e3036aea9db36514cd6f54e30f1131fb8803e4b69d7ccca5f9e4260da4b7027	port	world/phys/shapes/EntityCollisionContext.java:67	block-sim/src/main/java/ac/cult/blocksim/behavior/BlockBehavior.java	The owned collisionShape(level,state,pos,context) entry point passes the same entity or position facts to the state behavior; these context methods only dispatch the state collision query.
net.minecraft.world.phys.shapes.MinecartCollisionContext	getCollisionShape	BlockState,CollisionGetter,BlockPos	f7b83d631de58594af8724c7febf4c73ce72c441487a25e8594233011690aebc	no-client-world-effect	world/phys/shapes/MinecartCollisionContext.java:39		MinecartCollisionContext.java:39-41: ignore the cart below/slope positions before normal shape lookup. Anticheat placement/player geometry uses its existing CultCollisionContext replacement, never this native minecart entity context. Vehicle behavior and received entity geometry remain in the existing runner; no unused cart-specific context flags/API added.
net.minecraft.world.phys.shapes.PositionCollisionContext	getCollisionShape	BlockState,CollisionGetter,BlockPos	2e3036aea9db36514cd6f54e30f1131fb8803e4b69d7ccca5f9e4260da4b7027	port	world/phys/shapes/PositionCollisionContext.java:42	block-sim/src/main/java/ac/cult/blocksim/behavior/BlockBehavior.java	The owned collisionShape(level,state,pos,context) entry point passes the same entity or position facts to the state behavior; these context methods only dispatch the state collision query.
net.minecraft.world.phys.shapes.Shapes	create	double,double,double,double,double,double	a5c1d3546c050110250abd655cc906736fc0135ce24b6b7b8e6169491d42c68b	port	world/phys/shapes/Shapes.java:60	block-sim/src/main/java/ac/cult/blocksim/engine/shapes/Shapes.java	
net.minecraft.world.phys.shapes.Shapes	create	AABB	7a801d5b13ddc8dd99e67cccc806fb05dcbf27d7b2bfe16d7dadcc5bad3dfb5e	port	world/phys/shapes/Shapes.java:98	block-sim/src/main/java/ac/cult/blocksim/engine/shapes/Shapes.java	world/phys/shapes/Shapes.java:98: The AABB overload delegates its six coordinates to create; the owned Box overload does the same, retaining the existing source-proven epsilon and coordinate-list semantics.
net.minecraft.world.phys.shapes.Shapes	findBits	double,double	e09cc27fe8059ad42b11c1bb164413fc7b1a4a23d1e299943a584f4a7356843c	port	world/phys/shapes/Shapes.java:102	block-sim/src/main/java/ac/cult/blocksim/engine/shapes/Shapes.java	
net.minecraft.world.phys.shapes.Shapes	join	VoxelShape,VoxelShape,BooleanOp	9dd92e811b821a9af10b9fc949645a9019f6c46efdecae1ae05297340518422e	port	world/phys/shapes/Shapes.java:135	block-sim/src/main/java/ac/cult/blocksim/engine/shapes/Shapes.java	
net.minecraft.world.phys.shapes.Shapes	joinUnoptimized	VoxelShape,VoxelShape,BooleanOp	7f59018c7d5304920b4d9b45b2e02d596d0188e685fb4a6155b319a223d54aa2	port	world/phys/shapes/Shapes.java:139	block-sim/src/main/java/ac/cult/blocksim/engine/shapes/Shapes.java	
net.minecraft.world.phys.shapes.Shapes	joinIsNotEmpty	VoxelShape,VoxelShape,BooleanOp	fe44ebf4c1b25a4349a5f4f3d87fa2430da491f40a10c893abdd53a2ed4e2388	port	world/phys/shapes/Shapes.java:175	block-sim/src/main/java/ac/cult/blocksim/engine/shapes/Shapes.java	
net.minecraft.world.phys.shapes.Shapes	joinIsNotEmpty	IndexMerger,IndexMerger,IndexMerger,DiscreteVoxelShape,DiscreteVoxelShape,BooleanOp	84fd20263dccdcf37fc8f802db33ea4e424f923ff4c356336c96be392cb34674	port	world/phys/shapes/Shapes.java:217	block-sim/src/main/java/ac/cult/blocksim/engine/shapes/Shapes.java	Owned Boolean shape operations merge each axis with the native index semantics and apply the Boolean operator to both occupancies at every merged cell. join stores matching cells; joinIsNotEmpty returns at the first match.
net.minecraft.world.phys.shapes.Shapes	createIndexMerger	int,DoubleList,DoubleList,boolean,boolean	3ba92a422292b43f8ccb2c8d79b3919b9e1f04ccc9bf5001294c6cc99fc4a68b	port	world/phys/shapes/Shapes.java:295	block-sim/src/main/java/ac/cult/blocksim/engine/shapes/IndexMerge.java	
net.minecraft.world.phys.shapes.VoxelShape	isEmpty		7c215ce5b8d325ab8d3edd49e0addede77ca3b7b9f8e5ae3159068cec9420d00	port	world/phys/shapes/VoxelShape.java:73	block-sim/src/main/java/ac/cult/blocksim/engine/shapes/VoxelShape.java	isEmpty reads discrete occupancy; move overloads share coordinate translation; boxes() implements the same greedy Z/X/Y occupancy merging and returns exact world-coordinate boxes used by all shape consumers.
net.minecraft.world.phys.shapes.VoxelShape	move	Vec3	e527fba1b1c34dbb4928f227e0984b09cf9ea998c24e6caa05b060dfd6453fe2	port	world/phys/shapes/VoxelShape.java:77	block-sim/src/main/java/ac/cult/blocksim/engine/shapes/VoxelShape.java	isEmpty reads discrete occupancy; move overloads share coordinate translation; boxes() implements the same greedy Z/X/Y occupancy merging and returns exact world-coordinate boxes used by all shape consumers.
net.minecraft.world.phys.shapes.VoxelShape	move	Vec3i	630f9ff44b0800ead57f2f2a6e705edc9fd5f7bb304a73cfbed2d3422e5f7bf1	port	world/phys/shapes/VoxelShape.java:81	block-sim/src/main/java/ac/cult/blocksim/engine/shapes/VoxelShape.java	isEmpty reads discrete occupancy; move overloads share coordinate translation; boxes() implements the same greedy Z/X/Y occupancy merging and returns exact world-coordinate boxes used by all shape consumers.
net.minecraft.world.phys.shapes.VoxelShape	move	double,double,double	b1db638f80635f1c360e92483bcb55cf29a1a1fcce6476e121be25f414265c5d	port	world/phys/shapes/VoxelShape.java:85	block-sim/src/main/java/ac/cult/blocksim/engine/shapes/VoxelShape.java	
net.minecraft.world.phys.shapes.VoxelShape	optimize		56a7ecfbd34f3479673e100b2969890f1f36dde6cd48828e75b7b6ea4f7e4fc1	port	world/phys/shapes/VoxelShape.java:96	block-sim/src/main/java/ac/cult/blocksim/engine/shapes/VoxelShape.java	
net.minecraft.world.phys.shapes.VoxelShape	forAllBoxes	Shapes.DoubleLineConsumer	95c4a14048be06b11498b1abc8e44b8b81c9ce44ad9b6e42c86da9230fb7f6db	port	world/phys/shapes/VoxelShape.java:117	block-sim/src/main/java/ac/cult/blocksim/engine/shapes/VoxelShape.java	isEmpty reads discrete occupancy; move overloads share coordinate translation; boxes() implements the same greedy Z/X/Y occupancy merging and returns exact world-coordinate boxes used by all shape consumers.
net.minecraft.world.phys.shapes.VoxelShape	findIndex	Direction.Axis,double	7c879a47edd6c8fa7c1d5c49e0a8c24a7203c08a3a9d7841881436aa41f0766c	port	world/phys/shapes/VoxelShape.java:154	block-sim/src/main/java/ac/cult/blocksim/engine/shapes/VoxelShape.java	
net.minecraft.world.phys.shapes.VoxelShape	clip	Vec3,Vec3,BlockPos	35b81f5bd6f5f0525cbb3142aad0bd49a91479dd29a824f8b7b0fe102693dce9	port	world/phys/shapes/VoxelShape.java:158	block-sim/src/main/java/ac/cult/blocksim/engine/shapes/VoxelShape.java	
net.minecraft.world.phys.shapes.VoxelShape	getFaceShape	Direction	4b88060e50a1998509790d2f6e14f8f689f845352fba2dea4d05825c6b6f2eb8	port	world/phys/shapes/VoxelShape.java:197	block-sim/src/main/java/ac/cult/blocksim/engine/shapes/VoxelShape.java	
net.minecraft.world.phys.shapes.VoxelShape	calculateFace	Direction	5d0537deed6e4828c261b556493ecba05623adb6e5946ac838fc0c867ddadf48	port	world/phys/shapes/VoxelShape.java:216	block-sim/src/main/java/ac/cult/blocksim/engine/shapes/VoxelShape.java	
net.minecraft.world.phys.shapes.VoxelShape	isCubeLikeAlong	Direction.Axis	452bc4bc502bf54186e1855bb3f0eeb365c8aa43cd69f12669fde54c9838ef15	port	world/phys/shapes/VoxelShape.java:242	block-sim/src/main/java/ac/cult/blocksim/engine/shapes/VoxelShape.java	
